ISO-10303-21;
HEADER;
FILE_DESCRIPTION(('STEP AP214'),'1');
FILE_NAME('365bucket.stp','2026-01-12T10:17:01',(' '),(' '),'Spatial InterOp 3D',' ',' ');
FILE_SCHEMA(('AUTOMOTIVE_DESIGN { 1 0 10303 214 1 1 1 1 }'));
ENDSEC;
DATA;
#1=MECHANICAL_DESIGN_GEOMETRIC_PRESENTATION_REPRESENTATION(' ',(#11,#12),#7);
#2=PRODUCT_DEFINITION_CONTEXT('',#13,'design');
#3=APPLICATION_PROTOCOL_DEFINITION('INTERNATIONAL STANDARD','automotive_design',1994,#13);
#4=PRODUCT_CATEGORY_RELATIONSHIP('NONE','NONE',#14,#15);
#5=SHAPE_DEFINITION_REPRESENTATION(#16,#17);
#6=SHAPE_DEFINITION_REPRESENTATION(#16,#18);
#7= (GEOMETRIC_REPRESENTATION_CONTEXT(3)GLOBAL_UNCERTAINTY_ASSIGNED_CONTEXT((#21))GLOBAL_UNIT_ASSIGNED_CONTEXT((#23,#24,#25))REPRESENTATION_CONTEXT('NONE','WORKSPACE'));
#11=STYLED_ITEM('',(#27),#28);
#12=STYLED_ITEM('',(#29),#30);
#13=APPLICATION_CONTEXT(' ');
#14=PRODUCT_CATEGORY('part','NONE');
#15=PRODUCT_RELATED_PRODUCT_CATEGORY('detail',' ',(#31));
#16=PRODUCT_DEFINITION_SHAPE('NONE','NONE',#32);
#17=ADVANCED_BREP_SHAPE_REPRESENTATION('Bucket_mesh',(#28,#33),#7);
#18=ADVANCED_BREP_SHAPE_REPRESENTATION('Bucket_mesh',(#30,#34),#7);
#21=UNCERTAINTY_MEASURE_WITH_UNIT(LENGTH_MEASURE(1.0E-08),#23,'','');
#23= (CONVERSION_BASED_UNIT('METRE',#37)LENGTH_UNIT()NAMED_UNIT(#40));
#24= (NAMED_UNIT(#42)PLANE_ANGLE_UNIT()SI_UNIT($,.RADIAN.));
#25= (NAMED_UNIT(#42)SOLID_ANGLE_UNIT()SI_UNIT($,.STERADIAN.));
#27=PRESENTATION_STYLE_ASSIGNMENT((#48));
#28=MANIFOLD_SOLID_BREP('Bucket_mesh',#49);
#29=PRESENTATION_STYLE_ASSIGNMENT((#50));
#30=MANIFOLD_SOLID_BREP('Bucket_mesh',#51);
#31=PRODUCT('Bucket_mesh','','PART--DESC',(#52));
#32=PRODUCT_DEFINITION('','NONE',#53,#2);
#33=AXIS2_PLACEMENT_3D('',#54,#55,#56);
#34=AXIS2_PLACEMENT_3D('',#57,#58,#59);
#37=LENGTH_MEASURE_WITH_UNIT(LENGTH_MEASURE(1.0),#60);
#40=DIMENSIONAL_EXPONENTS(1.0,0.0,0.0,0.0,0.0,0.0,0.0);
#42=DIMENSIONAL_EXPONENTS(0.0,0.0,0.0,0.0,0.0,0.0,0.0);
#48=SURFACE_STYLE_USAGE(.BOTH.,#61);
#49=CLOSED_SHELL('',(#62,#63,#64,#65,#66,#67,#68,#69,#70,#71,#72,#73,#74,#75,#76,#77,#78,#79,#80,#81,#82,#83,#84,#85,#86,#87,#88,#89,#90,#91,#92,#93,#94,#95,#96,#97,#98,#99,#100,#101,#102,#103,#104,#105,#106,#107,#108,#109,#110,#111,#112,#113,#114,#115,#116,#117,#118,#119,#120,#121,#122,#123,#124,#125,#126,#127,#128,#129,#130,#131,#132,#133,#134,#135,#136,#137,#138,#139,#140,#141,#142,#143,#144,#145,#146,#147,#148,#149,#150,#151,#152,#153,#154,#155,#156,#157,#158,#159,#160,#161,#162,#163,#164,#165,#166,#167,#168,#169,#170,#171,#172,#173,#174,#175,#176,#177,#178,#179,#180,#181,#182,#183,#184,#185,#186,#187,#188,#189,#190,#191,#192,#193,#194,#195,#196,#197,#198,#199,#200,#201,#202,#203,#204,#205,#206,#207,#208,#209,#210,#211,#212,#213,#214,#215,#216,#217,#218,#219,#220,#221,#222,#223,#224,#225,#226,#227,#228,#229,#230,#231,#232,#233,#234,#235,#236,#237,#238,#239,#240,#241,#242,#243,#244,#245,#246,#247,#248,#249,#250,#251,#252,#253,#254,#255,#256,#257,#258,#259,#260,#261,#262,#263,#264,#265,#266,#267,#268,#269,#270,#271,#272,#273,#274,#275,#276,#277,#278,#279,#280,#281,#282,#283,#284,#285,#286,#287,#288,#289,#290,#291,#292,#293,#294,#295,#296,#297,#298,#299,#300,#301,#302,#303,#304,#305,#306,#307,#308,#309,#310,#311,#312,#313,#314,#315,#316,#317,#318,#319));
#50=SURFACE_STYLE_USAGE(.BOTH.,#320);
#51=CLOSED_SHELL('',(#321,#322,#323,#324,#325,#326,#327,#328,#329,#330));
#52=PRODUCT_CONTEXT('',#13,'mechanical');
#53=PRODUCT_DEFINITION_FORMATION_WITH_SPECIFIED_SOURCE(' ','NONE',#31,.NOT_KNOWN.);
#54=CARTESIAN_POINT('',(0.0,0.0,0.0));
#55=DIRECTION('',(0.0,0.0,1.0));
#56=DIRECTION('',(1.0,0.0,0.0));
#57=CARTESIAN_POINT('',(0.0,0.0,0.0));
#58=DIRECTION('',(0.0,0.0,1.0));
#59=DIRECTION('',(1.0,0.0,0.0));
#60= (NAMED_UNIT(#40)LENGTH_UNIT()SI_UNIT($,.METRE.));
#61=SURFACE_SIDE_STYLE('',(#332));
#62=ADVANCED_FACE('0:701',(#333),#334,.T.);
#63=ADVANCED_FACE('0:641',(#335),#336,.T.);
#64=ADVANCED_FACE('0:626',(#337),#338,.T.);
#65=ADVANCED_FACE('0:620',(#339),#340,.F.);
#66=ADVANCED_FACE('0:614',(#341),#342,.T.);
#67=ADVANCED_FACE('0:596',(#343),#344,.T.);
#68=ADVANCED_FACE('0:584',(#345),#346,.F.);
#69=ADVANCED_FACE('0:548',(#347),#348,.F.);
#70=ADVANCED_FACE('0:521',(#349),#350,.T.);
#71=ADVANCED_FACE('0:482',(#351),#352,.F.);
#72=ADVANCED_FACE('0:461',(#353),#354,.T.);
#73=ADVANCED_FACE('0:446',(#355),#356,.T.);
#74=ADVANCED_FACE('0:440',(#357),#358,.F.);
#75=ADVANCED_FACE('0:434',(#359),#360,.T.);
#76=ADVANCED_FACE('0:416',(#361),#362,.T.);
#77=ADVANCED_FACE('0:404',(#363),#364,.F.);
#78=ADVANCED_FACE('0:368',(#365),#366,.F.);
#79=ADVANCED_FACE('0:335',(#367),#368,.F.);
#80=ADVANCED_FACE('0:314',(#369),#370,.T.);
#81=ADVANCED_FACE('0:278',(#371),#372,.T.);
#82=ADVANCED_FACE('0:251',(#373),#374,.T.);
#83=ADVANCED_FACE('0:242',(#375),#376,.F.);
#84=ADVANCED_FACE('0:236',(#377),#378,.T.);
#85=ADVANCED_FACE('0:140',(#379),#380,.T.);
#86=ADVANCED_FACE('0:128',(#381),#382,.F.);
#87=ADVANCED_FACE('0:125',(#383),#384,.T.);
#88=ADVANCED_FACE('0:107',(#385),#386,.T.);
#89=ADVANCED_FACE('0:59',(#387),#388,.F.);
#90=ADVANCED_FACE('0:26',(#389),#390,.T.);
#91=ADVANCED_FACE('0:23',(#391),#392,.F.);
#92=ADVANCED_FACE('0:26',(#393),#394,.T.);
#93=ADVANCED_FACE('0:29',(#395),#396,.T.);
#94=ADVANCED_FACE('0:32',(#397,#398),#399,.T.);
#95=ADVANCED_FACE('0:35',(#400),#401,.T.);
#96=ADVANCED_FACE('0:38',(#402),#403,.T.);
#97=ADVANCED_FACE('0:41',(#404),#405,.T.);
#98=ADVANCED_FACE('0:44',(#406),#407,.T.);
#99=ADVANCED_FACE('0:47',(#408),#409,.T.);
#100=ADVANCED_FACE('0:50',(#410),#411,.F.);
#101=ADVANCED_FACE('0:53',(#412),#413,.T.);
#102=ADVANCED_FACE('0:56',(#414),#415,.F.);
#103=ADVANCED_FACE('0:59',(#416),#417,.F.);
#104=ADVANCED_FACE('0:62',(#418),#419,.F.);
#105=ADVANCED_FACE('0:65',(#420),#421,.T.);
#106=ADVANCED_FACE('0:68',(#422),#423,.T.);
#107=ADVANCED_FACE('0:71',(#424),#425,.F.);
#108=ADVANCED_FACE('0:74',(#426),#427,.T.);
#109=ADVANCED_FACE('0:77',(#428),#429,.T.);
#110=ADVANCED_FACE('0:80',(#430),#431,.T.);
#111=ADVANCED_FACE('0:83',(#432),#433,.F.);
#112=ADVANCED_FACE('0:86',(#434),#435,.T.);
#113=ADVANCED_FACE('0:89',(#436),#437,.F.);
#114=ADVANCED_FACE('0:92',(#438),#439,.F.);
#115=ADVANCED_FACE('0:95',(#440),#441,.F.);
#116=ADVANCED_FACE('0:98',(#442),#443,.T.);
#117=ADVANCED_FACE('0:101',(#444),#445,.F.);
#118=ADVANCED_FACE('0:104',(#446),#447,.F.);
#119=ADVANCED_FACE('0:107',(#448),#449,.T.);
#120=ADVANCED_FACE('0:110',(#450),#451,.F.);
#121=ADVANCED_FACE('0:113',(#452),#453,.T.);
#122=ADVANCED_FACE('0:116',(#454),#455,.F.);
#123=ADVANCED_FACE('0:119',(#456),#457,.F.);
#124=ADVANCED_FACE('0:122',(#458),#459,.F.);
#125=ADVANCED_FACE('0:125',(#460),#461,.T.);
#126=ADVANCED_FACE('0:128',(#462,#463,#464),#465,.F.);
#127=ADVANCED_FACE('0:131',(#466),#467,.F.);
#128=ADVANCED_FACE('0:134',(#468),#469,.F.);
#129=ADVANCED_FACE('0:137',(#470),#471,.F.);
#130=ADVANCED_FACE('0:140',(#472),#473,.T.);
#131=ADVANCED_FACE('0:143',(#474),#475,.F.);
#132=ADVANCED_FACE('0:146',(#476),#477,.F.);
#133=ADVANCED_FACE('0:149',(#478),#479,.T.);
#134=ADVANCED_FACE('0:152',(#480),#481,.F.);
#135=ADVANCED_FACE('0:155',(#482),#483,.F.);
#136=ADVANCED_FACE('0:158',(#484),#485,.F.);
#137=ADVANCED_FACE('0:161',(#486),#487,.T.);
#138=ADVANCED_FACE('0:164',(#488),#489,.F.);
#139=ADVANCED_FACE('0:167',(#490),#491,.F.);
#140=ADVANCED_FACE('0:170',(#492),#493,.F.);
#141=ADVANCED_FACE('0:173',(#494),#495,.F.);
#142=ADVANCED_FACE('0:176',(#496),#497,.F.);
#143=ADVANCED_FACE('0:179',(#498),#499,.T.);
#144=ADVANCED_FACE('0:182',(#500),#501,.T.);
#145=ADVANCED_FACE('0:185',(#502,#503),#504,.F.);
#146=ADVANCED_FACE('0:188',(#505),#506,.F.);
#147=ADVANCED_FACE('0:191',(#507),#508,.F.);
#148=ADVANCED_FACE('0:194',(#509),#510,.F.);
#149=ADVANCED_FACE('0:197',(#511),#512,.T.);
#150=ADVANCED_FACE('0:200',(#513),#514,.T.);
#151=ADVANCED_FACE('0:203',(#515,#516),#517,.F.);
#152=ADVANCED_FACE('0:206',(#518),#519,.F.);
#153=ADVANCED_FACE('0:209',(#520),#521,.F.);
#154=ADVANCED_FACE('0:212',(#522),#523,.T.);
#155=ADVANCED_FACE('0:215',(#524),#525,.F.);
#156=ADVANCED_FACE('0:218',(#526),#527,.T.);
#157=ADVANCED_FACE('0:221',(#528),#529,.F.);
#158=ADVANCED_FACE('0:224',(#530),#531,.F.);
#159=ADVANCED_FACE('0:227',(#532),#533,.T.);
#160=ADVANCED_FACE('0:230',(#534),#535,.T.);
#161=ADVANCED_FACE('0:233',(#536),#537,.T.);
#162=ADVANCED_FACE('0:236',(#538),#539,.T.);
#163=ADVANCED_FACE('0:239',(#540),#541,.T.);
#164=ADVANCED_FACE('0:242',(#542),#543,.F.);
#165=ADVANCED_FACE('0:245',(#544),#545,.T.);
#166=ADVANCED_FACE('0:248',(#546),#547,.T.);
#167=ADVANCED_FACE('0:251',(#548),#549,.T.);
#168=ADVANCED_FACE('0:254',(#550),#551,.F.);
#169=ADVANCED_FACE('0:257',(#552),#553,.F.);
#170=ADVANCED_FACE('0:260',(#554),#555,.T.);
#171=ADVANCED_FACE('0:263',(#556),#557,.F.);
#172=ADVANCED_FACE('0:266',(#558),#559,.T.);
#173=ADVANCED_FACE('0:269',(#560),#561,.T.);
#174=ADVANCED_FACE('0:272',(#562),#563,.T.);
#175=ADVANCED_FACE('0:275',(#564),#565,.T.);
#176=ADVANCED_FACE('0:278',(#566),#567,.T.);
#177=ADVANCED_FACE('0:281',(#568),#569,.T.);
#178=ADVANCED_FACE('0:284',(#570),#571,.T.);
#179=ADVANCED_FACE('0:287',(#572),#573,.T.);
#180=ADVANCED_FACE('0:290',(#574),#575,.T.);
#181=ADVANCED_FACE('0:293',(#576),#577,.T.);
#182=ADVANCED_FACE('0:296',(#578),#579,.F.);
#183=ADVANCED_FACE('0:299',(#580),#581,.T.);
#184=ADVANCED_FACE('0:302',(#582),#583,.T.);
#185=ADVANCED_FACE('0:305',(#584),#585,.T.);
#186=ADVANCED_FACE('0:308',(#586),#587,.T.);
#187=ADVANCED_FACE('0:311',(#588),#589,.T.);
#188=ADVANCED_FACE('0:314',(#590),#591,.T.);
#189=ADVANCED_FACE('0:317',(#592),#593,.F.);
#190=ADVANCED_FACE('0:320',(#594),#595,.T.);
#191=ADVANCED_FACE('0:323',(#596),#597,.F.);
#192=ADVANCED_FACE('0:326',(#598),#599,.T.);
#193=ADVANCED_FACE('0:329',(#600),#601,.F.);
#194=ADVANCED_FACE('0:332',(#602),#603,.T.);
#195=ADVANCED_FACE('0:335',(#604),#605,.F.);
#196=ADVANCED_FACE('0:338',(#606),#607,.F.);
#197=ADVANCED_FACE('0:341',(#608),#609,.F.);
#198=ADVANCED_FACE('0:344',(#610),#611,.F.);
#199=ADVANCED_FACE('0:347',(#612),#613,.F.);
#200=ADVANCED_FACE('0:350',(#614),#615,.F.);
#201=ADVANCED_FACE('0:353',(#616,#617),#618,.F.);
#202=ADVANCED_FACE('0:356',(#619),#620,.T.);
#203=ADVANCED_FACE('0:359',(#621),#622,.T.);
#204=ADVANCED_FACE('0:362',(#623),#624,.T.);
#205=ADVANCED_FACE('0:365',(#625),#626,.T.);
#206=ADVANCED_FACE('0:368',(#627),#628,.F.);
#207=ADVANCED_FACE('0:371',(#629),#630,.F.);
#208=ADVANCED_FACE('0:374',(#631),#632,.T.);
#209=ADVANCED_FACE('0:377',(#633),#634,.T.);
#210=ADVANCED_FACE('0:380',(#635),#636,.T.);
#211=ADVANCED_FACE('0:383',(#637),#638,.T.);
#212=ADVANCED_FACE('0:386',(#639),#640,.T.);
#213=ADVANCED_FACE('0:389',(#641),#642,.T.);
#214=ADVANCED_FACE('0:392',(#643),#644,.T.);
#215=ADVANCED_FACE('0:395',(#645),#646,.T.);
#216=ADVANCED_FACE('0:398',(#647),#648,.T.);
#217=ADVANCED_FACE('0:401',(#649),#650,.T.);
#218=ADVANCED_FACE('0:404',(#651),#652,.F.);
#219=ADVANCED_FACE('0:407',(#653),#654,.T.);
#220=ADVANCED_FACE('0:410',(#655),#656,.F.);
#221=ADVANCED_FACE('0:413',(#657),#658,.T.);
#222=ADVANCED_FACE('0:416',(#659),#660,.T.);
#223=ADVANCED_FACE('0:419',(#661),#662,.T.);
#224=ADVANCED_FACE('0:422',(#663),#664,.T.);
#225=ADVANCED_FACE('0:425',(#665),#666,.T.);
#226=ADVANCED_FACE('0:428',(#667),#668,.T.);
#227=ADVANCED_FACE('0:431',(#669),#670,.T.);
#228=ADVANCED_FACE('0:434',(#671),#672,.T.);
#229=ADVANCED_FACE('0:437',(#673),#674,.T.);
#230=ADVANCED_FACE('0:440',(#675),#676,.F.);
#231=ADVANCED_FACE('0:443',(#677),#678,.T.);
#232=ADVANCED_FACE('0:446',(#679),#680,.T.);
#233=ADVANCED_FACE('0:449',(#681),#682,.T.);
#234=ADVANCED_FACE('0:452',(#683),#684,.F.);
#235=ADVANCED_FACE('0:455',(#685),#686,.T.);
#236=ADVANCED_FACE('0:458',(#687),#688,.F.);
#237=ADVANCED_FACE('0:461',(#689),#690,.T.);
#238=ADVANCED_FACE('0:464',(#691),#692,.F.);
#239=ADVANCED_FACE('0:467',(#693),#694,.T.);
#240=ADVANCED_FACE('0:470',(#695),#696,.T.);
#241=ADVANCED_FACE('0:473',(#697),#698,.T.);
#242=ADVANCED_FACE('0:476',(#699),#700,.F.);
#243=ADVANCED_FACE('0:479',(#701),#702,.T.);
#244=ADVANCED_FACE('0:482',(#703),#704,.F.);
#245=ADVANCED_FACE('0:485',(#705),#706,.F.);
#246=ADVANCED_FACE('0:488',(#707),#708,.F.);
#247=ADVANCED_FACE('0:491',(#709),#710,.F.);
#248=ADVANCED_FACE('0:494',(#711),#712,.F.);
#249=ADVANCED_FACE('0:497',(#713),#714,.F.);
#250=ADVANCED_FACE('0:500',(#715),#716,.F.);
#251=ADVANCED_FACE('0:503',(#717),#718,.F.);
#252=ADVANCED_FACE('0:506',(#719),#720,.T.);
#253=ADVANCED_FACE('0:509',(#721),#722,.T.);
#254=ADVANCED_FACE('0:512',(#723),#724,.T.);
#255=ADVANCED_FACE('0:515',(#725),#726,.T.);
#256=ADVANCED_FACE('0:518',(#727),#728,.T.);
#257=ADVANCED_FACE('0:521',(#729),#730,.T.);
#258=ADVANCED_FACE('0:524',(#731),#732,.F.);
#259=ADVANCED_FACE('0:527',(#733),#734,.T.);
#260=ADVANCED_FACE('0:530',(#735),#736,.F.);
#261=ADVANCED_FACE('0:533',(#737,#738),#739,.T.);
#262=ADVANCED_FACE('0:536',(#740),#741,.F.);
#263=ADVANCED_FACE('0:539',(#742),#743,.T.);
#264=ADVANCED_FACE('0:542',(#744),#745,.F.);
#265=ADVANCED_FACE('0:545',(#746),#747,.T.);
#266=ADVANCED_FACE('0:548',(#748),#749,.F.);
#267=ADVANCED_FACE('0:551',(#750),#751,.F.);
#268=ADVANCED_FACE('0:554',(#752),#753,.F.);
#269=ADVANCED_FACE('0:557',(#754),#755,.T.);
#270=ADVANCED_FACE('0:560',(#756),#757,.F.);
#271=ADVANCED_FACE('0:563',(#758),#759,.T.);
#272=ADVANCED_FACE('0:566',(#760),#761,.F.);
#273=ADVANCED_FACE('0:569',(#762),#763,.F.);
#274=ADVANCED_FACE('0:572',(#764),#765,.F.);
#275=ADVANCED_FACE('0:575',(#766),#767,.F.);
#276=ADVANCED_FACE('0:578',(#768),#769,.F.);
#277=ADVANCED_FACE('0:581',(#770),#771,.F.);
#278=ADVANCED_FACE('0:584',(#772),#773,.F.);
#279=ADVANCED_FACE('0:587',(#774),#775,.F.);
#280=ADVANCED_FACE('0:590',(#776),#777,.F.);
#281=ADVANCED_FACE('0:593',(#778),#779,.F.);
#282=ADVANCED_FACE('0:596',(#780),#781,.T.);
#283=ADVANCED_FACE('0:599',(#782),#783,.F.);
#284=ADVANCED_FACE('0:602',(#784),#785,.T.);
#285=ADVANCED_FACE('0:605',(#786),#787,.F.);
#286=ADVANCED_FACE('0:608',(#788),#789,.T.);
#287=ADVANCED_FACE('0:611',(#790),#791,.F.);
#288=ADVANCED_FACE('0:614',(#792),#793,.T.);
#289=ADVANCED_FACE('0:617',(#794),#795,.F.);
#290=ADVANCED_FACE('0:620',(#796),#797,.F.);
#291=ADVANCED_FACE('0:623',(#798),#799,.T.);
#292=ADVANCED_FACE('0:626',(#800),#801,.T.);
#293=ADVANCED_FACE('0:629',(#802),#803,.T.);
#294=ADVANCED_FACE('0:632',(#804),#805,.T.);
#295=ADVANCED_FACE('0:635',(#806),#807,.T.);
#296=ADVANCED_FACE('0:638',(#808),#809,.T.);
#297=ADVANCED_FACE('0:641',(#810),#811,.T.);
#298=ADVANCED_FACE('0:644',(#812),#813,.T.);
#299=ADVANCED_FACE('0:647',(#814),#815,.T.);
#300=ADVANCED_FACE('0:650',(#816),#817,.T.);
#301=ADVANCED_FACE('0:653',(#818),#819,.T.);
#302=ADVANCED_FACE('0:656',(#820),#821,.T.);
#303=ADVANCED_FACE('0:659',(#822),#823,.T.);
#304=ADVANCED_FACE('0:662',(#824),#825,.F.);
#305=ADVANCED_FACE('0:665',(#826),#827,.F.);
#306=ADVANCED_FACE('0:668',(#828),#829,.T.);
#307=ADVANCED_FACE('0:671',(#830),#831,.F.);
#308=ADVANCED_FACE('0:674',(#832),#833,.F.);
#309=ADVANCED_FACE('0:677',(#834),#835,.F.);
#310=ADVANCED_FACE('0:680',(#836),#837,.T.);
#311=ADVANCED_FACE('0:683',(#838),#839,.T.);
#312=ADVANCED_FACE('0:686',(#840),#841,.F.);
#313=ADVANCED_FACE('0:689',(#842),#843,.F.);
#314=ADVANCED_FACE('0:692',(#844),#845,.F.);
#315=ADVANCED_FACE('0:695',(#846),#847,.F.);
#316=ADVANCED_FACE('0:698',(#848),#849,.F.);
#317=ADVANCED_FACE('0:701',(#850),#851,.T.);
#318=ADVANCED_FACE('0:704',(#852),#853,.F.);
#319=ADVANCED_FACE('0:707',(#854),#855,.T.);
#320=SURFACE_SIDE_STYLE('',(#856));
#321=ADVANCED_FACE('0:2659',(#857),#858,.F.);
#322=ADVANCED_FACE('0:2656',(#859),#860,.F.);
#323=ADVANCED_FACE('0:2653',(#861),#862,.T.);
#324=ADVANCED_FACE('0:2656',(#863),#864,.F.);
#325=ADVANCED_FACE('0:2659',(#865),#866,.F.);
#326=ADVANCED_FACE('0:2662',(#867),#868,.T.);
#327=ADVANCED_FACE('0:2665',(#869),#870,.T.);
#328=ADVANCED_FACE('0:2668',(#871),#872,.T.);
#329=ADVANCED_FACE('0:2671',(#873),#874,.F.);
#330=ADVANCED_FACE('0:2674',(#875),#876,.T.);
#332=SURFACE_STYLE_FILL_AREA(#877);
#333=FACE_OUTER_BOUND('',#878,.T.);
#334=CYLINDRICAL_SURFACE('',#879,0.07);
#335=FACE_OUTER_BOUND('',#880,.T.);
#336=TOROIDAL_SURFACE('',#881,0.02166863456794,0.03);
#337=FACE_OUTER_BOUND('',#882,.T.);
#338=CYLINDRICAL_SURFACE('',#883,0.194950478210394);
#339=FACE_OUTER_BOUND('',#884,.T.);
#340=CYLINDRICAL_SURFACE('',#885,0.0649999999999967);
#341=FACE_OUTER_BOUND('',#886,.T.);
#342=CYLINDRICAL_SURFACE('',#887,0.04);
#343=FACE_OUTER_BOUND('',#888,.T.);
#344=CYLINDRICAL_SURFACE('',#889,0.00999999999999399);
#345=FACE_OUTER_BOUND('',#890,.T.);
#346=CYLINDRICAL_SURFACE('',#891,0.00999999999999415);
#347=FACE_OUTER_BOUND('',#892,.T.);
#348=CYLINDRICAL_SURFACE('',#893,0.065);
#349=FACE_OUTER_BOUND('',#894,.T.);
#350=CYLINDRICAL_SURFACE('',#895,0.05166863456794);
#351=FACE_OUTER_BOUND('',#896,.T.);
#352=CYLINDRICAL_SURFACE('',#897,0.0216686345679414);
#353=FACE_OUTER_BOUND('',#898,.T.);
#354=CYLINDRICAL_SURFACE('',#899,0.07);
#355=FACE_OUTER_BOUND('',#900,.T.);
#356=CYLINDRICAL_SURFACE('',#901,0.194950478210394);
#357=FACE_OUTER_BOUND('',#902,.T.);
#358=CYLINDRICAL_SURFACE('',#903,0.0649999999999967);
#359=FACE_OUTER_BOUND('',#904,.T.);
#360=CYLINDRICAL_SURFACE('',#905,0.04);
#361=FACE_OUTER_BOUND('',#906,.T.);
#362=CYLINDRICAL_SURFACE('',#907,0.00999999999999399);
#363=FACE_OUTER_BOUND('',#908,.T.);
#364=CYLINDRICAL_SURFACE('',#909,0.00999999999999415);
#365=FACE_OUTER_BOUND('',#910,.T.);
#366=CYLINDRICAL_SURFACE('',#911,0.065);
#367=FACE_OUTER_BOUND('',#912,.T.);
#368=CYLINDRICAL_SURFACE('',#913,0.0216686345679414);
#369=FACE_OUTER_BOUND('',#914,.T.);
#370=CYLINDRICAL_SURFACE('',#915,0.05166863456794);
#371=FACE_OUTER_BOUND('',#916,.T.);
#372=TOROIDAL_SURFACE('',#917,0.02166863456794,0.03);
#373=FACE_OUTER_BOUND('',#918,.T.);
#374=CYLINDRICAL_SURFACE('',#919,0.53);
#375=FACE_OUTER_BOUND('',#920,.T.);
#376=CYLINDRICAL_SURFACE('',#921,0.68);
#377=FACE_OUTER_BOUND('',#922,.T.);
#378=CYLINDRICAL_SURFACE('',#923,0.08);
#379=FACE_OUTER_BOUND('',#924,.T.);
#380=CYLINDRICAL_SURFACE('',#925,0.53);
#381=FACE_OUTER_BOUND('',#926,.T.);
#382=CYLINDRICAL_SURFACE('',#927,0.48);
#383=FACE_OUTER_BOUND('',#928,.T.);
#384=CYLINDRICAL_SURFACE('',#929,0.5);
#385=FACE_OUTER_BOUND('',#930,.T.);
#386=CYLINDRICAL_SURFACE('',#931,0.07);
#387=FACE_OUTER_BOUND('',#932,.T.);
#388=CYLINDRICAL_SURFACE('',#933,0.68);
#389=FACE_OUTER_BOUND('',#934,.T.);
#390=CYLINDRICAL_SURFACE('',#935,0.08);
#391=FACE_OUTER_BOUND('',#936,.T.);
#392=PLANE('',#937);
#393=FACE_OUTER_BOUND('',#938,.T.);
#394=CYLINDRICAL_SURFACE('',#939,0.08);
#395=FACE_OUTER_BOUND('',#940,.T.);
#396=CYLINDRICAL_SURFACE('',#941,0.08);
#397=FACE_OUTER_BOUND('',#942,.T.);
#398=FACE_BOUND('',#943,.T.);
#399=PLANE('',#944);
#400=FACE_OUTER_BOUND('',#945,.T.);
#401=PLANE('',#946);
#402=FACE_OUTER_BOUND('',#947,.T.);
#403=CYLINDRICAL_SURFACE('',#948,1.19441971386778);
#404=FACE_OUTER_BOUND('',#949,.T.);
#405=PLANE('',#950);
#406=FACE_OUTER_BOUND('',#951,.T.);
#407=PLANE('',#952);
#408=FACE_OUTER_BOUND('',#953,.T.);
#409=PLANE('',#954);
#410=FACE_OUTER_BOUND('',#955,.T.);
#411=PLANE('',#956);
#412=FACE_OUTER_BOUND('',#957,.T.);
#413=CYLINDRICAL_SURFACE('',#958,1.64916460715889);
#414=FACE_OUTER_BOUND('',#959,.T.);
#415=PLANE('',#960);
#416=FACE_OUTER_BOUND('',#961,.T.);
#417=CYLINDRICAL_SURFACE('',#962,0.68);
#418=FACE_OUTER_BOUND('',#963,.T.);
#419=PLANE('',#964);
#420=FACE_OUTER_BOUND('',#965,.T.);
#421=PLANE('',#966);
#422=FACE_OUTER_BOUND('',#967,.T.);
#423=PLANE('',#968);
#424=FACE_OUTER_BOUND('',#969,.T.);
#425=PLANE('',#970);
#426=FACE_OUTER_BOUND('',#971,.T.);
#427=PLANE('',#972);
#428=FACE_OUTER_BOUND('',#973,.T.);
#429=PLANE('',#974);
#430=FACE_OUTER_BOUND('',#975,.T.);
#431=PLANE('',#976);
#432=FACE_OUTER_BOUND('',#977,.T.);
#433=PLANE('',#978);
#434=FACE_OUTER_BOUND('',#979,.T.);
#435=PLANE('',#980);
#436=FACE_OUTER_BOUND('',#981,.T.);
#437=PLANE('',#982);
#438=FACE_OUTER_BOUND('',#983,.T.);
#439=PLANE('',#984);
#440=FACE_OUTER_BOUND('',#985,.T.);
#441=PLANE('',#986);
#442=FACE_OUTER_BOUND('',#987,.T.);
#443=CYLINDRICAL_SURFACE('',#988,1.61916460715889);
#444=FACE_OUTER_BOUND('',#989,.T.);
#445=CYLINDRICAL_SURFACE('',#990,1.59916460715889);
#446=FACE_OUTER_BOUND('',#991,.T.);
#447=PLANE('',#992);
#448=FACE_OUTER_BOUND('',#993,.T.);
#449=CYLINDRICAL_SURFACE('',#994,0.07);
#450=FACE_OUTER_BOUND('',#995,.T.);
#451=PLANE('',#996);
#452=FACE_OUTER_BOUND('',#997,.T.);
#453=CYLINDRICAL_SURFACE('',#998,0.0700000000000001);
#454=FACE_OUTER_BOUND('',#999,.T.);
#455=PLANE('',#1000);
#456=FACE_OUTER_BOUND('',#1001,.T.);
#457=PLANE('',#1002);
#458=FACE_OUTER_BOUND('',#1003,.T.);
#459=PLANE('',#1004);
#460=FACE_OUTER_BOUND('',#1005,.T.);
#461=CYLINDRICAL_SURFACE('',#1006,0.5);
#462=FACE_OUTER_BOUND('',#1007,.T.);
#463=FACE_BOUND('',#1008,.T.);
#464=FACE_BOUND('',#1009,.T.);
#465=CYLINDRICAL_SURFACE('',#1010,0.48);
#466=FACE_OUTER_BOUND('',#1011,.T.);
#467=PLANE('',#1012);
#468=FACE_OUTER_BOUND('',#1013,.T.);
#469=PLANE('',#1014);
#470=FACE_OUTER_BOUND('',#1015,.T.);
#471=PLANE('',#1016);
#472=FACE_OUTER_BOUND('',#1017,.T.);
#473=CYLINDRICAL_SURFACE('',#1018,0.53);
#474=FACE_OUTER_BOUND('',#1019,.T.);
#475=CYLINDRICAL_SURFACE('',#1020,0.6);
#476=FACE_OUTER_BOUND('',#1021,.T.);
#477=PLANE('',#1022);
#478=FACE_OUTER_BOUND('',#1023,.T.);
#479=PLANE('',#1024);
#480=FACE_OUTER_BOUND('',#1025,.T.);
#481=PLANE('',#1026);
#482=FACE_OUTER_BOUND('',#1027,.T.);
#483=PLANE('',#1028);
#484=FACE_OUTER_BOUND('',#1029,.T.);
#485=PLANE('',#1030);
#486=FACE_OUTER_BOUND('',#1031,.T.);
#487=PLANE('',#1032);
#488=FACE_OUTER_BOUND('',#1033,.T.);
#489=PLANE('',#1034);
#490=FACE_OUTER_BOUND('',#1035,.T.);
#491=PLANE('',#1036);
#492=FACE_OUTER_BOUND('',#1037,.T.);
#493=PLANE('',#1038);
#494=FACE_OUTER_BOUND('',#1039,.T.);
#495=PLANE('',#1040);
#496=FACE_OUTER_BOUND('',#1041,.T.);
#497=PLANE('',#1042);
#498=FACE_OUTER_BOUND('',#1043,.T.);
#499=PLANE('',#1044);
#500=FACE_OUTER_BOUND('',#1045,.T.);
#501=CYLINDRICAL_SURFACE('',#1046,0.881336230902134);
#502=FACE_BOUND('',#1047,.T.);
#503=FACE_OUTER_BOUND('',#1048,.T.);
#504=PLANE('',#1049);
#505=FACE_OUTER_BOUND('',#1050,.T.);
#506=PLANE('',#1051);
#507=FACE_OUTER_BOUND('',#1052,.T.);
#508=PLANE('',#1053);
#509=FACE_OUTER_BOUND('',#1054,.T.);
#510=PLANE('',#1055);
#511=FACE_OUTER_BOUND('',#1056,.T.);
#512=PLANE('',#1057);
#513=FACE_OUTER_BOUND('',#1058,.T.);
#514=CYLINDRICAL_SURFACE('',#1059,1.19441971386778);
#515=FACE_OUTER_BOUND('',#1060,.T.);
#516=FACE_BOUND('',#1061,.T.);
#517=PLANE('',#1062);
#518=FACE_OUTER_BOUND('',#1063,.T.);
#519=PLANE('',#1064);
#520=FACE_OUTER_BOUND('',#1065,.T.);
#521=PLANE('',#1066);
#522=FACE_OUTER_BOUND('',#1067,.T.);
#523=PLANE('',#1068);
#524=FACE_OUTER_BOUND('',#1069,.T.);
#525=PLANE('',#1070);
#526=FACE_OUTER_BOUND('',#1071,.T.);
#527=PLANE('',#1072);
#528=FACE_OUTER_BOUND('',#1073,.T.);
#529=PLANE('',#1074);
#530=FACE_OUTER_BOUND('',#1075,.T.);
#531=CYLINDRICAL_SURFACE('',#1076,0.6);
#532=FACE_OUTER_BOUND('',#1077,.T.);
#533=PLANE('',#1078);
#534=FACE_OUTER_BOUND('',#1079,.T.);
#535=CYLINDRICAL_SURFACE('',#1080,0.08);
#536=FACE_OUTER_BOUND('',#1081,.T.);
#537=PLANE('',#1082);
#538=FACE_OUTER_BOUND('',#1083,.T.);
#539=CYLINDRICAL_SURFACE('',#1084,0.08);
#540=FACE_OUTER_BOUND('',#1085,.T.);
#541=PLANE('',#1086);
#542=FACE_OUTER_BOUND('',#1087,.T.);
#543=CYLINDRICAL_SURFACE('',#1088,0.68);
#544=FACE_OUTER_BOUND('',#1089,.T.);
#545=PLANE('',#1090);
#546=FACE_OUTER_BOUND('',#1091,.T.);
#547=CYLINDRICAL_SURFACE('',#1092,1.64916460715889);
#548=FACE_OUTER_BOUND('',#1093,.T.);
#549=CYLINDRICAL_SURFACE('',#1094,0.53);
#550=FACE_OUTER_BOUND('',#1095,.T.);
#551=PLANE('',#1096);
#552=FACE_OUTER_BOUND('',#1097,.T.);
#553=PLANE('',#1098);
#554=FACE_OUTER_BOUND('',#1099,.T.);
#555=PLANE('',#1100);
#556=FACE_OUTER_BOUND('',#1101,.T.);
#557=PLANE('',#1102);
#558=FACE_OUTER_BOUND('',#1103,.T.);
#559=PLANE('',#1104);
#560=FACE_OUTER_BOUND('',#1105,.T.);
#561=CYLINDRICAL_SURFACE('',#1106,0.03);
#562=FACE_OUTER_BOUND('',#1107,.T.);
#563=TOROIDAL_SURFACE('',#1108,0.02166863456794,0.03);
#564=FACE_OUTER_BOUND('',#1109,.T.);
#565=CYLINDRICAL_SURFACE('',#1110,0.03);
#566=FACE_OUTER_BOUND('',#1111,.T.);
#567=TOROIDAL_SURFACE('',#1112,0.02166863456794,0.03);
#568=FACE_OUTER_BOUND('',#1113,.T.);
#569=CYLINDRICAL_SURFACE('',#1114,0.03);
#570=FACE_OUTER_BOUND('',#1115,.T.);
#571=TOROIDAL_SURFACE('',#1116,0.0216686345679399,0.03);
#572=FACE_OUTER_BOUND('',#1117,.T.);
#573=CYLINDRICAL_SURFACE('',#1118,0.03);
#574=FACE_OUTER_BOUND('',#1119,.T.);
#575=TOROIDAL_SURFACE('',#1120,0.0216686345679399,0.03);
#576=FACE_OUTER_BOUND('',#1121,.T.);
#577=CYLINDRICAL_SURFACE('',#1122,0.03);
#578=FACE_OUTER_BOUND('',#1123,.T.);
#579=PLANE('',#1124);
#580=FACE_OUTER_BOUND('',#1125,.T.);
#581=PLANE('',#1126);
#582=FACE_OUTER_BOUND('',#1127,.T.);
#583=CYLINDRICAL_SURFACE('',#1128,0.0516686345679399);
#584=FACE_OUTER_BOUND('',#1129,.T.);
#585=PLANE('',#1130);
#586=FACE_OUTER_BOUND('',#1131,.T.);
#587=CYLINDRICAL_SURFACE('',#1132,0.0516686345679399);
#588=FACE_OUTER_BOUND('',#1133,.T.);
#589=PLANE('',#1134);
#590=FACE_OUTER_BOUND('',#1135,.T.);
#591=CYLINDRICAL_SURFACE('',#1136,0.05166863456794);
#592=FACE_OUTER_BOUND('',#1137,.T.);
#593=PLANE('',#1138);
#594=FACE_OUTER_BOUND('',#1139,.T.);
#595=CYLINDRICAL_SURFACE('',#1140,0.05166863456794);
#596=FACE_OUTER_BOUND('',#1141,.T.);
#597=PLANE('',#1142);
#598=FACE_OUTER_BOUND('',#1143,.T.);
#599=PLANE('',#1144);
#600=FACE_OUTER_BOUND('',#1145,.T.);
#601=CYLINDRICAL_SURFACE('',#1146,0.0216686345679411);
#602=FACE_OUTER_BOUND('',#1147,.T.);
#603=PLANE('',#1148);
#604=FACE_OUTER_BOUND('',#1149,.T.);
#605=CYLINDRICAL_SURFACE('',#1150,0.0216686345679414);
#606=FACE_OUTER_BOUND('',#1151,.T.);
#607=PLANE('',#1152);
#608=FACE_OUTER_BOUND('',#1153,.T.);
#609=CYLINDRICAL_SURFACE('',#1154,0.0216686345679402);
#610=FACE_OUTER_BOUND('',#1155,.T.);
#611=PLANE('',#1156);
#612=FACE_OUTER_BOUND('',#1157,.T.);
#613=CYLINDRICAL_SURFACE('',#1158,0.0216686345679399);
#614=FACE_OUTER_BOUND('',#1159,.T.);
#615=PLANE('',#1160);
#616=FACE_BOUND('',#1161,.T.);
#617=FACE_OUTER_BOUND('',#1162,.T.);
#618=PLANE('',#1163);
#619=FACE_OUTER_BOUND('',#1164,.T.);
#620=PLANE('',#1165);
#621=FACE_OUTER_BOUND('',#1166,.T.);
#622=CYLINDRICAL_SURFACE('',#1167,0.025);
#623=FACE_OUTER_BOUND('',#1168,.T.);
#624=PLANE('',#1169);
#625=FACE_OUTER_BOUND('',#1170,.T.);
#626=CYLINDRICAL_SURFACE('',#1171,0.01);
#627=FACE_OUTER_BOUND('',#1172,.T.);
#628=CYLINDRICAL_SURFACE('',#1173,0.065);
#629=FACE_OUTER_BOUND('',#1174,.T.);
#630=CYLINDRICAL_SURFACE('',#1175,0.151257913405326);
#631=FACE_OUTER_BOUND('',#1176,.T.);
#632=PLANE('',#1177);
#633=FACE_OUTER_BOUND('',#1178,.T.);
#634=CYLINDRICAL_SURFACE('',#1179,0.0549999999999994);
#635=FACE_OUTER_BOUND('',#1180,.T.);
#636=PLANE('',#1181);
#637=FACE_OUTER_BOUND('',#1182,.T.);
#638=CYLINDRICAL_SURFACE('',#1183,0.0549999999999996);
#639=FACE_OUTER_BOUND('',#1184,.T.);
#640=PLANE('',#1185);
#641=FACE_OUTER_BOUND('',#1186,.T.);
#642=PLANE('',#1187);
#643=FACE_OUTER_BOUND('',#1188,.T.);
#644=PLANE('',#1189);
#645=FACE_OUTER_BOUND('',#1190,.T.);
#646=PLANE('',#1191);
#647=FACE_OUTER_BOUND('',#1192,.T.);
#648=PLANE('',#1193);
#649=FACE_OUTER_BOUND('',#1194,.T.);
#650=PLANE('',#1195);
#651=FACE_OUTER_BOUND('',#1196,.T.);
#652=CYLINDRICAL_SURFACE('',#1197,0.00999999999999415);
#653=FACE_OUTER_BOUND('',#1198,.T.);
#654=PLANE('',#1199);
#655=FACE_OUTER_BOUND('',#1200,.T.);
#656=CYLINDRICAL_SURFACE('',#1201,0.00999999999999407);
#657=FACE_OUTER_BOUND('',#1202,.T.);
#658=PLANE('',#1203);
#659=FACE_OUTER_BOUND('',#1204,.T.);
#660=CYLINDRICAL_SURFACE('',#1205,0.00999999999999399);
#661=FACE_OUTER_BOUND('',#1206,.T.);
#662=PLANE('',#1207);
#663=FACE_OUTER_BOUND('',#1208,.T.);
#664=CYLINDRICAL_SURFACE('',#1209,0.0300000000000002);
#665=FACE_OUTER_BOUND('',#1210,.T.);
#666=PLANE('',#1211);
#667=FACE_OUTER_BOUND('',#1212,.T.);
#668=CYLINDRICAL_SURFACE('',#1213,0.03);
#669=FACE_OUTER_BOUND('',#1214,.T.);
#670=PLANE('',#1215);
#671=FACE_OUTER_BOUND('',#1216,.T.);
#672=CYLINDRICAL_SURFACE('',#1217,0.04);
#673=FACE_OUTER_BOUND('',#1218,.T.);
#674=PLANE('',#1219);
#675=FACE_OUTER_BOUND('',#1220,.T.);
#676=CYLINDRICAL_SURFACE('',#1221,0.0649999999999967);
#677=FACE_OUTER_BOUND('',#1222,.T.);
#678=CYLINDRICAL_SURFACE('',#1223,0.744432231766023);
#679=FACE_OUTER_BOUND('',#1224,.T.);
#680=CYLINDRICAL_SURFACE('',#1225,0.194950478210394);
#681=FACE_OUTER_BOUND('',#1226,.T.);
#682=CYLINDRICAL_SURFACE('',#1227,0.165);
#683=FACE_OUTER_BOUND('',#1228,.T.);
#684=PLANE('',#1229);
#685=FACE_OUTER_BOUND('',#1230,.T.);
#686=CYLINDRICAL_SURFACE('',#1231,0.0700000000000001);
#687=FACE_OUTER_BOUND('',#1232,.T.);
#688=PLANE('',#1233);
#689=FACE_OUTER_BOUND('',#1234,.T.);
#690=CYLINDRICAL_SURFACE('',#1235,0.07);
#691=FACE_OUTER_BOUND('',#1236,.T.);
#692=PLANE('',#1237);
#693=FACE_OUTER_BOUND('',#1238,.T.);
#694=PLANE('',#1239);
#695=FACE_OUTER_BOUND('',#1240,.T.);
#696=PLANE('',#1241);
#697=FACE_OUTER_BOUND('',#1242,.T.);
#698=PLANE('',#1243);
#699=FACE_OUTER_BOUND('',#1244,.T.);
#700=CYLINDRICAL_SURFACE('',#1245,0.0216686345679411);
#701=FACE_OUTER_BOUND('',#1246,.T.);
#702=PLANE('',#1247);
#703=FACE_OUTER_BOUND('',#1248,.T.);
#704=CYLINDRICAL_SURFACE('',#1249,0.0216686345679414);
#705=FACE_OUTER_BOUND('',#1250,.T.);
#706=PLANE('',#1251);
#707=FACE_OUTER_BOUND('',#1252,.T.);
#708=CYLINDRICAL_SURFACE('',#1253,0.0216686345679402);
#709=FACE_OUTER_BOUND('',#1254,.T.);
#710=PLANE('',#1255);
#711=FACE_OUTER_BOUND('',#1256,.T.);
#712=CYLINDRICAL_SURFACE('',#1257,0.0216686345679399);
#713=FACE_OUTER_BOUND('',#1258,.T.);
#714=PLANE('',#1259);
#715=FACE_OUTER_BOUND('',#1260,.T.);
#716=PLANE('',#1261);
#717=FACE_OUTER_BOUND('',#1262,.T.);
#718=PLANE('',#1263);
#719=FACE_OUTER_BOUND('',#1264,.T.);
#720=PLANE('',#1265);
#721=FACE_OUTER_BOUND('',#1266,.T.);
#722=CYLINDRICAL_SURFACE('',#1267,0.0516686345679399);
#723=FACE_OUTER_BOUND('',#1268,.T.);
#724=PLANE('',#1269);
#725=FACE_OUTER_BOUND('',#1270,.T.);
#726=CYLINDRICAL_SURFACE('',#1271,0.0516686345679399);
#727=FACE_OUTER_BOUND('',#1272,.T.);
#728=PLANE('',#1273);
#729=FACE_OUTER_BOUND('',#1274,.T.);
#730=CYLINDRICAL_SURFACE('',#1275,0.05166863456794);
#731=FACE_OUTER_BOUND('',#1276,.T.);
#732=PLANE('',#1277);
#733=FACE_OUTER_BOUND('',#1278,.T.);
#734=CYLINDRICAL_SURFACE('',#1279,0.05166863456794);
#735=FACE_OUTER_BOUND('',#1280,.T.);
#736=PLANE('',#1281);
#737=FACE_BOUND('',#1282,.T.);
#738=FACE_OUTER_BOUND('',#1283,.T.);
#739=PLANE('',#1284);
#740=FACE_OUTER_BOUND('',#1285,.T.);
#741=PLANE('',#1286);
#742=FACE_OUTER_BOUND('',#1287,.T.);
#743=CYLINDRICAL_SURFACE('',#1288,0.025);
#744=FACE_OUTER_BOUND('',#1289,.T.);
#745=PLANE('',#1290);
#746=FACE_OUTER_BOUND('',#1291,.T.);
#747=CYLINDRICAL_SURFACE('',#1292,0.01);
#748=FACE_OUTER_BOUND('',#1293,.T.);
#749=CYLINDRICAL_SURFACE('',#1294,0.065);
#750=FACE_OUTER_BOUND('',#1295,.T.);
#751=CYLINDRICAL_SURFACE('',#1296,0.151257913405326);
#752=FACE_OUTER_BOUND('',#1297,.T.);
#753=PLANE('',#1298);
#754=FACE_OUTER_BOUND('',#1299,.T.);
#755=CYLINDRICAL_SURFACE('',#1300,0.0549999999999994);
#756=FACE_OUTER_BOUND('',#1301,.T.);
#757=PLANE('',#1302);
#758=FACE_OUTER_BOUND('',#1303,.T.);
#759=CYLINDRICAL_SURFACE('',#1304,0.0549999999999996);
#760=FACE_OUTER_BOUND('',#1305,.T.);
#761=PLANE('',#1306);
#762=FACE_OUTER_BOUND('',#1307,.T.);
#763=PLANE('',#1308);
#764=FACE_OUTER_BOUND('',#1309,.T.);
#765=PLANE('',#1310);
#766=FACE_OUTER_BOUND('',#1311,.T.);
#767=PLANE('',#1312);
#768=FACE_OUTER_BOUND('',#1313,.T.);
#769=PLANE('',#1314);
#770=FACE_OUTER_BOUND('',#1315,.T.);
#771=PLANE('',#1316);
#772=FACE_OUTER_BOUND('',#1317,.T.);
#773=CYLINDRICAL_SURFACE('',#1318,0.00999999999999415);
#774=FACE_OUTER_BOUND('',#1319,.T.);
#775=PLANE('',#1320);
#776=FACE_OUTER_BOUND('',#1321,.T.);
#777=CYLINDRICAL_SURFACE('',#1322,0.00999999999999407);
#778=FACE_OUTER_BOUND('',#1323,.T.);
#779=PLANE('',#1324);
#780=FACE_OUTER_BOUND('',#1325,.T.);
#781=CYLINDRICAL_SURFACE('',#1326,0.00999999999999399);
#782=FACE_OUTER_BOUND('',#1327,.T.);
#783=PLANE('',#1328);
#784=FACE_OUTER_BOUND('',#1329,.T.);
#785=CYLINDRICAL_SURFACE('',#1330,0.0300000000000002);
#786=FACE_OUTER_BOUND('',#1331,.T.);
#787=PLANE('',#1332);
#788=FACE_OUTER_BOUND('',#1333,.T.);
#789=CYLINDRICAL_SURFACE('',#1334,0.03);
#790=FACE_OUTER_BOUND('',#1335,.T.);
#791=PLANE('',#1336);
#792=FACE_OUTER_BOUND('',#1337,.T.);
#793=CYLINDRICAL_SURFACE('',#1338,0.04);
#794=FACE_OUTER_BOUND('',#1339,.T.);
#795=PLANE('',#1340);
#796=FACE_OUTER_BOUND('',#1341,.T.);
#797=CYLINDRICAL_SURFACE('',#1342,0.0649999999999967);
#798=FACE_OUTER_BOUND('',#1343,.T.);
#799=CYLINDRICAL_SURFACE('',#1344,0.744432231766023);
#800=FACE_OUTER_BOUND('',#1345,.T.);
#801=CYLINDRICAL_SURFACE('',#1346,0.194950478210394);
#802=FACE_OUTER_BOUND('',#1347,.T.);
#803=CYLINDRICAL_SURFACE('',#1348,0.165);
#804=FACE_OUTER_BOUND('',#1349,.T.);
#805=CYLINDRICAL_SURFACE('',#1350,0.03);
#806=FACE_OUTER_BOUND('',#1351,.T.);
#807=TOROIDAL_SURFACE('',#1352,0.02166863456794,0.03);
#808=FACE_OUTER_BOUND('',#1353,.T.);
#809=CYLINDRICAL_SURFACE('',#1354,0.03);
#810=FACE_OUTER_BOUND('',#1355,.T.);
#811=TOROIDAL_SURFACE('',#1356,0.02166863456794,0.03);
#812=FACE_OUTER_BOUND('',#1357,.T.);
#813=CYLINDRICAL_SURFACE('',#1358,0.03);
#814=FACE_OUTER_BOUND('',#1359,.T.);
#815=TOROIDAL_SURFACE('',#1360,0.0216686345679399,0.03);
#816=FACE_OUTER_BOUND('',#1361,.T.);
#817=CYLINDRICAL_SURFACE('',#1362,0.03);
#818=FACE_OUTER_BOUND('',#1363,.T.);
#819=TOROIDAL_SURFACE('',#1364,0.0216686345679399,0.03);
#820=FACE_OUTER_BOUND('',#1365,.T.);
#821=CYLINDRICAL_SURFACE('',#1366,0.03);
#822=FACE_OUTER_BOUND('',#1367,.T.);
#823=CYLINDRICAL_SURFACE('',#1368,0.881336230902134);
#824=FACE_OUTER_BOUND('',#1369,.T.);
#825=PLANE('',#1370);
#826=FACE_OUTER_BOUND('',#1371,.T.);
#827=PLANE('',#1372);
#828=FACE_OUTER_BOUND('',#1373,.T.);
#829=PLANE('',#1374);
#830=FACE_OUTER_BOUND('',#1375,.T.);
#831=PLANE('',#1376);
#832=FACE_OUTER_BOUND('',#1377,.T.);
#833=PLANE('',#1378);
#834=FACE_OUTER_BOUND('',#1379,.T.);
#835=PLANE('',#1380);
#836=FACE_OUTER_BOUND('',#1381,.T.);
#837=PLANE('',#1382);
#838=FACE_OUTER_BOUND('',#1383,.T.);
#839=PLANE('',#1384);
#840=FACE_OUTER_BOUND('',#1385,.T.);
#841=PLANE('',#1386);
#842=FACE_OUTER_BOUND('',#1387,.T.);
#843=PLANE('',#1388);
#844=FACE_OUTER_BOUND('',#1389,.T.);
#845=PLANE('',#1390);
#846=FACE_OUTER_BOUND('',#1391,.T.);
#847=PLANE('',#1392);
#848=FACE_OUTER_BOUND('',#1393,.T.);
#849=PLANE('',#1394);
#850=FACE_OUTER_BOUND('',#1395,.T.);
#851=CYLINDRICAL_SURFACE('',#1396,0.07);
#852=FACE_OUTER_BOUND('',#1397,.T.);
#853=PLANE('',#1398);
#854=FACE_OUTER_BOUND('',#1399,.T.);
#855=CYLINDRICAL_SURFACE('',#1400,0.0700000000000001);
#856=SURFACE_STYLE_FILL_AREA(#1401);
#857=FACE_OUTER_BOUND('',#1402,.T.);
#858=CYLINDRICAL_SURFACE('',#1403,0.89525);
#859=FACE_OUTER_BOUND('',#1404,.T.);
#860=CYLINDRICAL_SURFACE('',#1405,0.895250000000001);
#861=FACE_OUTER_BOUND('',#1406,.T.);
#862=PLANE('',#1407);
#863=FACE_OUTER_BOUND('',#1408,.T.);
#864=CYLINDRICAL_SURFACE('',#1409,0.895250000000001);
#865=FACE_OUTER_BOUND('',#1410,.T.);
#866=CYLINDRICAL_SURFACE('',#1411,0.89525);
#867=FACE_OUTER_BOUND('',#1412,.T.);
#868=PLANE('',#1413);
#869=FACE_OUTER_BOUND('',#1414,.T.);
#870=PLANE('',#1415);
#871=FACE_OUTER_BOUND('',#1416,.T.);
#872=PLANE('',#1417);
#873=FACE_OUTER_BOUND('',#1418,.T.);
#874=PLANE('',#1419);
#875=FACE_OUTER_BOUND('',#1420,.T.);
#876=PLANE('',#1421);
#877=FILL_AREA_STYLE('',(#1422));
#878=EDGE_LOOP('',(#1423,#1424,#1425,#1426));
#879=AXIS2_PLACEMENT_3D('',#1427,#1428,#1429);
#880=EDGE_LOOP('',(#1430,#1431,#1432,#1433));
#881=AXIS2_PLACEMENT_3D('',#1434,#1435,#1436);
#882=EDGE_LOOP('',(#1437,#1438,#1439,#1440));
#883=AXIS2_PLACEMENT_3D('',#1441,#1442,#1443);
#884=EDGE_LOOP('',(#1444,#1445,#1446,#1447));
#885=AXIS2_PLACEMENT_3D('',#1448,#1449,#1450);
#886=EDGE_LOOP('',(#1451,#1452,#1453,#1454));
#887=AXIS2_PLACEMENT_3D('',#1455,#1456,#1457);
#888=EDGE_LOOP('',(#1458,#1459,#1460,#1461));
#889=AXIS2_PLACEMENT_3D('',#1462,#1463,#1464);
#890=EDGE_LOOP('',(#1465,#1466,#1467,#1468));
#891=AXIS2_PLACEMENT_3D('',#1469,#1470,#1471);
#892=EDGE_LOOP('',(#1472,#1473,#1474,#1475));
#893=AXIS2_PLACEMENT_3D('',#1476,#1477,#1478);
#894=EDGE_LOOP('',(#1479,#1480,#1481,#1482));
#895=AXIS2_PLACEMENT_3D('',#1483,#1484,#1485);
#896=EDGE_LOOP('',(#1486,#1487,#1488,#1489));
#897=AXIS2_PLACEMENT_3D('',#1490,#1491,#1492);
#898=EDGE_LOOP('',(#1493,#1494,#1495,#1496));
#899=AXIS2_PLACEMENT_3D('',#1497,#1498,#1499);
#900=EDGE_LOOP('',(#1500,#1501,#1502,#1503));
#901=AXIS2_PLACEMENT_3D('',#1504,#1505,#1506);
#902=EDGE_LOOP('',(#1507,#1508,#1509,#1510));
#903=AXIS2_PLACEMENT_3D('',#1511,#1512,#1513);
#904=EDGE_LOOP('',(#1514,#1515,#1516,#1517));
#905=AXIS2_PLACEMENT_3D('',#1518,#1519,#1520);
#906=EDGE_LOOP('',(#1521,#1522,#1523,#1524));
#907=AXIS2_PLACEMENT_3D('',#1525,#1526,#1527);
#908=EDGE_LOOP('',(#1528,#1529,#1530,#1531));
#909=AXIS2_PLACEMENT_3D('',#1532,#1533,#1534);
#910=EDGE_LOOP('',(#1535,#1536,#1537,#1538));
#911=AXIS2_PLACEMENT_3D('',#1539,#1540,#1541);
#912=EDGE_LOOP('',(#1542,#1543,#1544,#1545));
#913=AXIS2_PLACEMENT_3D('',#1546,#1547,#1548);
#914=EDGE_LOOP('',(#1549,#1550,#1551,#1552));
#915=AXIS2_PLACEMENT_3D('',#1553,#1554,#1555);
#916=EDGE_LOOP('',(#1556,#1557,#1558,#1559));
#917=AXIS2_PLACEMENT_3D('',#1560,#1561,#1562);
#918=EDGE_LOOP('',(#1563,#1564,#1565,#1566));
#919=AXIS2_PLACEMENT_3D('',#1567,#1568,#1569);
#920=EDGE_LOOP('',(#1570,#1571,#1572,#1573));
#921=AXIS2_PLACEMENT_3D('',#1574,#1575,#1576);
#922=EDGE_LOOP('',(#1577,#1578,#1579,#1580));
#923=AXIS2_PLACEMENT_3D('',#1581,#1582,#1583);
#924=EDGE_LOOP('',(#1584,#1585,#1586,#1587));
#925=AXIS2_PLACEMENT_3D('',#1588,#1589,#1590);
#926=EDGE_LOOP('',(#1591,#1592,#1593,#1594));
#927=AXIS2_PLACEMENT_3D('',#1595,#1596,#1597);
#928=EDGE_LOOP('',(#1598,#1599,#1600,#1601));
#929=AXIS2_PLACEMENT_3D('',#1602,#1603,#1604);
#930=EDGE_LOOP('',(#1605,#1606,#1607,#1608));
#931=AXIS2_PLACEMENT_3D('',#1609,#1610,#1611);
#932=EDGE_LOOP('',(#1612,#1613,#1614,#1615));
#933=AXIS2_PLACEMENT_3D('',#1616,#1617,#1618);
#934=EDGE_LOOP('',(#1619,#1620,#1621,#1622));
#935=AXIS2_PLACEMENT_3D('',#1623,#1624,#1625);
#936=EDGE_LOOP('',(#1626,#1627,#1628,#1629));
#937=AXIS2_PLACEMENT_3D('',#1630,#1631,#1632);
#938=EDGE_LOOP('',(#1633,#1634,#1635,#1636));
#939=AXIS2_PLACEMENT_3D('',#1637,#1638,#1639);
#940=EDGE_LOOP('',(#1640,#1641,#1642,#1643));
#941=AXIS2_PLACEMENT_3D('',#1644,#1645,#1646);
#942=EDGE_LOOP('',(#1647,#1648,#1649,#1650));
#943=EDGE_LOOP('',(#1651,#1652,#1653,#1654));
#944=AXIS2_PLACEMENT_3D('',#1655,#1656,#1657);
#945=EDGE_LOOP('',(#1658,#1659,#1660,#1661,#1662,#1663));
#946=AXIS2_PLACEMENT_3D('',#1664,#1665,#1666);
#947=EDGE_LOOP('',(#1667,#1668,#1669,#1670,#1671,#1672,#1673,#1674));
#948=AXIS2_PLACEMENT_3D('',#1675,#1676,#1677);
#949=EDGE_LOOP('',(#1678,#1679,#1680,#1681,#1682,#1683,#1684,#1685));
#950=AXIS2_PLACEMENT_3D('',#1686,#1687,#1688);
#951=EDGE_LOOP('',(#1689,#1690,#1691,#1692,#1693,#1694,#1695,#1696,#1697,#1698,#1699,#1700,#1701));
#952=AXIS2_PLACEMENT_3D('',#1702,#1703,#1704);
#953=EDGE_LOOP('',(#1705,#1706,#1707,#1708));
#954=AXIS2_PLACEMENT_3D('',#1709,#1710,#1711);
#955=EDGE_LOOP('',(#1712,#1713,#1714,#1715,#1716,#1717,#1718,#1719,#1720,#1721,#1722,#1723,#1724,#1725,#1726,#1727,#1728,#1729,#1730,#1731,#1732,#1733,#1734,#1735,#1736,#1737,#1738,#1739,#1740,#1741,#1742));
#956=AXIS2_PLACEMENT_3D('',#1743,#1744,#1745);
#957=EDGE_LOOP('',(#1746,#1747,#1748,#1749,#1750,#1751));
#958=AXIS2_PLACEMENT_3D('',#1752,#1753,#1754);
#959=EDGE_LOOP('',(#1755,#1756,#1757,#1758));
#960=AXIS2_PLACEMENT_3D('',#1759,#1760,#1761);
#961=EDGE_LOOP('',(#1762,#1763,#1764,#1765));
#962=AXIS2_PLACEMENT_3D('',#1766,#1767,#1768);
#963=EDGE_LOOP('',(#1769,#1770,#1771,#1772));
#964=AXIS2_PLACEMENT_3D('',#1773,#1774,#1775);
#965=EDGE_LOOP('',(#1776,#1777,#1778,#1779,#1780,#1781,#1782,#1783,#1784));
#966=AXIS2_PLACEMENT_3D('',#1785,#1786,#1787);
#967=EDGE_LOOP('',(#1788,#1789,#1790,#1791));
#968=AXIS2_PLACEMENT_3D('',#1792,#1793,#1794);
#969=EDGE_LOOP('',(#1795,#1796,#1797,#1798));
#970=AXIS2_PLACEMENT_3D('',#1799,#1800,#1801);
#971=EDGE_LOOP('',(#1802,#1803,#1804,#1805));
#972=AXIS2_PLACEMENT_3D('',#1806,#1807,#1808);
#973=EDGE_LOOP('',(#1809,#1810,#1811,#1812));
#974=AXIS2_PLACEMENT_3D('',#1813,#1814,#1815);
#975=EDGE_LOOP('',(#1816,#1817,#1818,#1819));
#976=AXIS2_PLACEMENT_3D('',#1820,#1821,#1822);
#977=EDGE_LOOP('',(#1823,#1824,#1825,#1826));
#978=AXIS2_PLACEMENT_3D('',#1827,#1828,#1829);
#979=EDGE_LOOP('',(#1830,#1831,#1832,#1833));
#980=AXIS2_PLACEMENT_3D('',#1834,#1835,#1836);
#981=EDGE_LOOP('',(#1837,#1838,#1839,#1840,#1841,#1842));
#982=AXIS2_PLACEMENT_3D('',#1843,#1844,#1845);
#983=EDGE_LOOP('',(#1846,#1847,#1848,#1849,#1850,#1851,#1852,#1853));
#984=AXIS2_PLACEMENT_3D('',#1854,#1855,#1856);
#985=EDGE_LOOP('',(#1857,#1858,#1859,#1860,#1861,#1862,#1863,#1864));
#986=AXIS2_PLACEMENT_3D('',#1865,#1866,#1867);
#987=EDGE_LOOP('',(#1868,#1869,#1870,#1871,#1872,#1873,#1874,#1875));
#988=AXIS2_PLACEMENT_3D('',#1876,#1877,#1878);
#989=EDGE_LOOP('',(#1879,#1880,#1881,#1882,#1883,#1884,#1885,#1886));
#990=AXIS2_PLACEMENT_3D('',#1887,#1888,#1889);
#991=EDGE_LOOP('',(#1890,#1891,#1892,#1893));
#992=AXIS2_PLACEMENT_3D('',#1894,#1895,#1896);
#993=EDGE_LOOP('',(#1897,#1898,#1899,#1900));
#994=AXIS2_PLACEMENT_3D('',#1901,#1902,#1903);
#995=EDGE_LOOP('',(#1904,#1905,#1906,#1907));
#996=AXIS2_PLACEMENT_3D('',#1908,#1909,#1910);
#997=EDGE_LOOP('',(#1911,#1912,#1913,#1914));
#998=AXIS2_PLACEMENT_3D('',#1915,#1916,#1917);
#999=EDGE_LOOP('',(#1918,#1919,#1920,#1921));
#1000=AXIS2_PLACEMENT_3D('',#1922,#1923,#1924);
#1001=EDGE_LOOP('',(#1925,#1926,#1927,#1928));
#1002=AXIS2_PLACEMENT_3D('',#1929,#1930,#1931);
#1003=EDGE_LOOP('',(#1932,#1933,#1934,#1935,#1936,#1937,#1938,#1939,#1940,#1941,#1942,#1943));
#1004=AXIS2_PLACEMENT_3D('',#1944,#1945,#1946);
#1005=EDGE_LOOP('',(#1947,#1948,#1949,#1950,#1951,#1952,#1953,#1954,#1955,#1956,#1957,#1958));
#1006=AXIS2_PLACEMENT_3D('',#1959,#1960,#1961);
#1007=EDGE_LOOP('',(#1962,#1963,#1964,#1965));
#1008=EDGE_LOOP('',(#1966,#1967,#1968,#1969));
#1009=EDGE_LOOP('',(#1970,#1971,#1972,#1973));
#1010=AXIS2_PLACEMENT_3D('',#1974,#1975,#1976);
#1011=EDGE_LOOP('',(#1977,#1978,#1979,#1980));
#1012=AXIS2_PLACEMENT_3D('',#1981,#1982,#1983);
#1013=EDGE_LOOP('',(#1984,#1985,#1986,#1987));
#1014=AXIS2_PLACEMENT_3D('',#1988,#1989,#1990);
#1015=EDGE_LOOP('',(#1991,#1992,#1993,#1994));
#1016=AXIS2_PLACEMENT_3D('',#1995,#1996,#1997);
#1017=EDGE_LOOP('',(#1998,#1999,#2000,#2001));
#1018=AXIS2_PLACEMENT_3D('',#2002,#2003,#2004);
#1019=EDGE_LOOP('',(#2005,#2006,#2007,#2008));
#1020=AXIS2_PLACEMENT_3D('',#2009,#2010,#2011);
#1021=EDGE_LOOP('',(#2012,#2013,#2014,#2015));
#1022=AXIS2_PLACEMENT_3D('',#2016,#2017,#2018);
#1023=EDGE_LOOP('',(#2019,#2020,#2021,#2022));
#1024=AXIS2_PLACEMENT_3D('',#2023,#2024,#2025);
#1025=EDGE_LOOP('',(#2026,#2027,#2028,#2029));
#1026=AXIS2_PLACEMENT_3D('',#2030,#2031,#2032);
#1027=EDGE_LOOP('',(#2033,#2034,#2035,#2036));
#1028=AXIS2_PLACEMENT_3D('',#2037,#2038,#2039);
#1029=EDGE_LOOP('',(#2040,#2041,#2042,#2043));
#1030=AXIS2_PLACEMENT_3D('',#2044,#2045,#2046);
#1031=EDGE_LOOP('',(#2047,#2048,#2049,#2050));
#1032=AXIS2_PLACEMENT_3D('',#2051,#2052,#2053);
#1033=EDGE_LOOP('',(#2054,#2055,#2056,#2057));
#1034=AXIS2_PLACEMENT_3D('',#2058,#2059,#2060);
#1035=EDGE_LOOP('',(#2061,#2062,#2063,#2064));
#1036=AXIS2_PLACEMENT_3D('',#2065,#2066,#2067);
#1037=EDGE_LOOP('',(#2068,#2069,#2070,#2071));
#1038=AXIS2_PLACEMENT_3D('',#2072,#2073,#2074);
#1039=EDGE_LOOP('',(#2075,#2076,#2077,#2078));
#1040=AXIS2_PLACEMENT_3D('',#2079,#2080,#2081);
#1041=EDGE_LOOP('',(#2082,#2083,#2084,#2085,#2086,#2087,#2088,#2089));
#1042=AXIS2_PLACEMENT_3D('',#2090,#2091,#2092);
#1043=EDGE_LOOP('',(#2093,#2094,#2095,#2096,#2097,#2098,#2099,#2100));
#1044=AXIS2_PLACEMENT_3D('',#2101,#2102,#2103);
#1045=EDGE_LOOP('',(#2104,#2105,#2106,#2107));
#1046=AXIS2_PLACEMENT_3D('',#2108,#2109,#2110);
#1047=EDGE_LOOP('',(#2111,#2112,#2113,#2114));
#1048=EDGE_LOOP('',(#2115,#2116,#2117,#2118));
#1049=AXIS2_PLACEMENT_3D('',#2119,#2120,#2121);
#1050=EDGE_LOOP('',(#2122,#2123,#2124,#2125));
#1051=AXIS2_PLACEMENT_3D('',#2126,#2127,#2128);
#1052=EDGE_LOOP('',(#2129,#2130,#2131,#2132));
#1053=AXIS2_PLACEMENT_3D('',#2133,#2134,#2135);
#1054=EDGE_LOOP('',(#2136,#2137,#2138,#2139));
#1055=AXIS2_PLACEMENT_3D('',#2140,#2141,#2142);
#1056=EDGE_LOOP('',(#2143,#2144,#2145,#2146,#2147,#2148,#2149,#2150,#2151));
#1057=AXIS2_PLACEMENT_3D('',#2152,#2153,#2154);
#1058=EDGE_LOOP('',(#2155,#2156,#2157,#2158,#2159,#2160,#2161,#2162));
#1059=AXIS2_PLACEMENT_3D('',#2163,#2164,#2165);
#1060=EDGE_LOOP('',(#2166,#2167,#2168,#2169));
#1061=EDGE_LOOP('',(#2170,#2171,#2172,#2173));
#1062=AXIS2_PLACEMENT_3D('',#2174,#2175,#2176);
#1063=EDGE_LOOP('',(#2177,#2178,#2179,#2180));
#1064=AXIS2_PLACEMENT_3D('',#2181,#2182,#2183);
#1065=EDGE_LOOP('',(#2184,#2185,#2186,#2187,#2188,#2189,#2190,#2191));
#1066=AXIS2_PLACEMENT_3D('',#2192,#2193,#2194);
#1067=EDGE_LOOP('',(#2195,#2196,#2197,#2198,#2199,#2200,#2201,#2202,#2203,#2204,#2205,#2206,#2207));
#1068=AXIS2_PLACEMENT_3D('',#2208,#2209,#2210);
#1069=EDGE_LOOP('',(#2211,#2212,#2213,#2214));
#1070=AXIS2_PLACEMENT_3D('',#2215,#2216,#2217);
#1071=EDGE_LOOP('',(#2218,#2219,#2220,#2221,#2222,#2223));
#1072=AXIS2_PLACEMENT_3D('',#2224,#2225,#2226);
#1073=EDGE_LOOP('',(#2227,#2228,#2229,#2230,#2231,#2232,#2233,#2234,#2235,#2236,#2237,#2238,#2239,#2240,#2241,#2242,#2243,#2244,#2245,#2246,#2247,#2248,#2249,#2250,#2251,#2252,#2253,#2254,#2255,#2256,#2257));
#1074=AXIS2_PLACEMENT_3D('',#2258,#2259,#2260);
#1075=EDGE_LOOP('',(#2261,#2262,#2263,#2264));
#1076=AXIS2_PLACEMENT_3D('',#2265,#2266,#2267);
#1077=EDGE_LOOP('',(#2268,#2269,#2270,#2271,#2272,#2273));
#1078=AXIS2_PLACEMENT_3D('',#2274,#2275,#2276);
#1079=EDGE_LOOP('',(#2277,#2278,#2279,#2280));
#1080=AXIS2_PLACEMENT_3D('',#2281,#2282,#2283);
#1081=EDGE_LOOP('',(#2284,#2285,#2286,#2287));
#1082=AXIS2_PLACEMENT_3D('',#2288,#2289,#2290);
#1083=EDGE_LOOP('',(#2291,#2292,#2293,#2294));
#1084=AXIS2_PLACEMENT_3D('',#2295,#2296,#2297);
#1085=EDGE_LOOP('',(#2298,#2299,#2300,#2301));
#1086=AXIS2_PLACEMENT_3D('',#2302,#2303,#2304);
#1087=EDGE_LOOP('',(#2305,#2306,#2307,#2308));
#1088=AXIS2_PLACEMENT_3D('',#2309,#2310,#2311);
#1089=EDGE_LOOP('',(#2312,#2313,#2314,#2315));
#1090=AXIS2_PLACEMENT_3D('',#2316,#2317,#2318);
#1091=EDGE_LOOP('',(#2319,#2320,#2321,#2322,#2323,#2324));
#1092=AXIS2_PLACEMENT_3D('',#2325,#2326,#2327);
#1093=EDGE_LOOP('',(#2328,#2329,#2330,#2331));
#1094=AXIS2_PLACEMENT_3D('',#2332,#2333,#2334);
#1095=EDGE_LOOP('',(#2335,#2336,#2337,#2338));
#1096=AXIS2_PLACEMENT_3D('',#2339,#2340,#2341);
#1097=EDGE_LOOP('',(#2342,#2343,#2344,#2345));
#1098=AXIS2_PLACEMENT_3D('',#2346,#2347,#2348);
#1099=EDGE_LOOP('',(#2349,#2350,#2351,#2352,#2353,#2354,#2355,#2356,#2357,#2358,#2359));
#1100=AXIS2_PLACEMENT_3D('',#2360,#2361,#2362);
#1101=EDGE_LOOP('',(#2363,#2364,#2365,#2366,#2367,#2368,#2369,#2370,#2371,#2372));
#1102=AXIS2_PLACEMENT_3D('',#2373,#2374,#2375);
#1103=EDGE_LOOP('',(#2376,#2377,#2378,#2379,#2380,#2381,#2382,#2383,#2384,#2385,#2386));
#1104=AXIS2_PLACEMENT_3D('',#2387,#2388,#2389);
#1105=EDGE_LOOP('',(#2390,#2391,#2392,#2393));
#1106=AXIS2_PLACEMENT_3D('',#2394,#2395,#2396);
#1107=EDGE_LOOP('',(#2397,#2398,#2399,#2400));
#1108=AXIS2_PLACEMENT_3D('',#2401,#2402,#2403);
#1109=EDGE_LOOP('',(#2404,#2405,#2406,#2407));
#1110=AXIS2_PLACEMENT_3D('',#2408,#2409,#2410);
#1111=EDGE_LOOP('',(#2411,#2412,#2413,#2414));
#1112=AXIS2_PLACEMENT_3D('',#2415,#2416,#2417);
#1113=EDGE_LOOP('',(#2418,#2419,#2420,#2421));
#1114=AXIS2_PLACEMENT_3D('',#2422,#2423,#2424);
#1115=EDGE_LOOP('',(#2425,#2426,#2427,#2428));
#1116=AXIS2_PLACEMENT_3D('',#2429,#2430,#2431);
#1117=EDGE_LOOP('',(#2432,#2433,#2434,#2435));
#1118=AXIS2_PLACEMENT_3D('',#2436,#2437,#2438);
#1119=EDGE_LOOP('',(#2439,#2440,#2441,#2442));
#1120=AXIS2_PLACEMENT_3D('',#2443,#2444,#2445);
#1121=EDGE_LOOP('',(#2446,#2447,#2448,#2449,#2450));
#1122=AXIS2_PLACEMENT_3D('',#2451,#2452,#2453);
#1123=EDGE_LOOP('',(#2454,#2455,#2456,#2457));
#1124=AXIS2_PLACEMENT_3D('',#2458,#2459,#2460);
#1125=EDGE_LOOP('',(#2461,#2462,#2463,#2464));
#1126=AXIS2_PLACEMENT_3D('',#2465,#2466,#2467);
#1127=EDGE_LOOP('',(#2468,#2469,#2470,#2471));
#1128=AXIS2_PLACEMENT_3D('',#2472,#2473,#2474);
#1129=EDGE_LOOP('',(#2475,#2476,#2477,#2478));
#1130=AXIS2_PLACEMENT_3D('',#2479,#2480,#2481);
#1131=EDGE_LOOP('',(#2482,#2483,#2484,#2485));
#1132=AXIS2_PLACEMENT_3D('',#2486,#2487,#2488);
#1133=EDGE_LOOP('',(#2489,#2490,#2491,#2492));
#1134=AXIS2_PLACEMENT_3D('',#2493,#2494,#2495);
#1135=EDGE_LOOP('',(#2496,#2497,#2498,#2499));
#1136=AXIS2_PLACEMENT_3D('',#2500,#2501,#2502);
#1137=EDGE_LOOP('',(#2503,#2504,#2505,#2506));
#1138=AXIS2_PLACEMENT_3D('',#2507,#2508,#2509);
#1139=EDGE_LOOP('',(#2510,#2511,#2512,#2513));
#1140=AXIS2_PLACEMENT_3D('',#2514,#2515,#2516);
#1141=EDGE_LOOP('',(#2517,#2518,#2519,#2520));
#1142=AXIS2_PLACEMENT_3D('',#2521,#2522,#2523);
#1143=EDGE_LOOP('',(#2524,#2525,#2526,#2527));
#1144=AXIS2_PLACEMENT_3D('',#2528,#2529,#2530);
#1145=EDGE_LOOP('',(#2531,#2532,#2533,#2534));
#1146=AXIS2_PLACEMENT_3D('',#2535,#2536,#2537);
#1147=EDGE_LOOP('',(#2538,#2539,#2540,#2541));
#1148=AXIS2_PLACEMENT_3D('',#2542,#2543,#2544);
#1149=EDGE_LOOP('',(#2545,#2546,#2547,#2548));
#1150=AXIS2_PLACEMENT_3D('',#2549,#2550,#2551);
#1151=EDGE_LOOP('',(#2552,#2553,#2554,#2555));
#1152=AXIS2_PLACEMENT_3D('',#2556,#2557,#2558);
#1153=EDGE_LOOP('',(#2559,#2560,#2561,#2562));
#1154=AXIS2_PLACEMENT_3D('',#2563,#2564,#2565);
#1155=EDGE_LOOP('',(#2566,#2567,#2568,#2569));
#1156=AXIS2_PLACEMENT_3D('',#2570,#2571,#2572);
#1157=EDGE_LOOP('',(#2573,#2574,#2575,#2576));
#1158=AXIS2_PLACEMENT_3D('',#2577,#2578,#2579);
#1159=EDGE_LOOP('',(#2580,#2581,#2582,#2583));
#1160=AXIS2_PLACEMENT_3D('',#2584,#2585,#2586);
#1161=EDGE_LOOP('',(#2587,#2588,#2589,#2590,#2591,#2592,#2593,#2594,#2595,#2596,#2597,#2598,#2599,#2600,#2601,#2602,#2603,#2604,#2605,#2606,#2607,#2608,#2609));
#1162=EDGE_LOOP('',(#2610,#2611,#2612,#2613,#2614,#2615,#2616,#2617,#2618,#2619,#2620,#2621,#2622,#2623,#2624,#2625,#2626,#2627,#2628,#2629,#2630,#2631,#2632,#2633,#2634,#2635,#2636,#2637,#2638,#2639,#2640,#2641,#2642,#2643,#2644,#2645,#2646,#2647,#2648,#2649,#2650,#2651,#2652,#2653,#2654,#2655));
#1163=AXIS2_PLACEMENT_3D('',#2656,#2657,#2658);
#1164=EDGE_LOOP('',(#2659,#2660,#2661,#2662,#2663,#2664,#2665,#2666,#2667,#2668,#2669,#2670,#2671,#2672,#2673,#2674,#2675,#2676,#2677,#2678,#2679,#2680,#2681,#2682,#2683,#2684,#2685,#2686,#2687,#2688,#2689,#2690,#2691,#2692,#2693,#2694,#2695,#2696,#2697,#2698,#2699,#2700,#2701,#2702,#2703,#2704));
#1165=AXIS2_PLACEMENT_3D('',#2705,#2706,#2707);
#1166=EDGE_LOOP('',(#2708,#2709,#2710,#2711));
#1167=AXIS2_PLACEMENT_3D('',#2712,#2713,#2714);
#1168=EDGE_LOOP('',(#2715,#2716,#2717,#2718));
#1169=AXIS2_PLACEMENT_3D('',#2719,#2720,#2721);
#1170=EDGE_LOOP('',(#2722,#2723,#2724,#2725));
#1171=AXIS2_PLACEMENT_3D('',#2726,#2727,#2728);
#1172=EDGE_LOOP('',(#2729,#2730,#2731,#2732));
#1173=AXIS2_PLACEMENT_3D('',#2733,#2734,#2735);
#1174=EDGE_LOOP('',(#2736,#2737,#2738,#2739));
#1175=AXIS2_PLACEMENT_3D('',#2740,#2741,#2742);
#1176=EDGE_LOOP('',(#2743,#2744,#2745,#2746));
#1177=AXIS2_PLACEMENT_3D('',#2747,#2748,#2749);
#1178=EDGE_LOOP('',(#2750,#2751,#2752,#2753));
#1179=AXIS2_PLACEMENT_3D('',#2754,#2755,#2756);
#1180=EDGE_LOOP('',(#2757,#2758,#2759,#2760));
#1181=AXIS2_PLACEMENT_3D('',#2761,#2762,#2763);
#1182=EDGE_LOOP('',(#2764,#2765,#2766,#2767));
#1183=AXIS2_PLACEMENT_3D('',#2768,#2769,#2770);
#1184=EDGE_LOOP('',(#2771,#2772,#2773,#2774));
#1185=AXIS2_PLACEMENT_3D('',#2775,#2776,#2777);
#1186=EDGE_LOOP('',(#2778,#2779,#2780,#2781));
#1187=AXIS2_PLACEMENT_3D('',#2782,#2783,#2784);
#1188=EDGE_LOOP('',(#2785,#2786,#2787,#2788));
#1189=AXIS2_PLACEMENT_3D('',#2789,#2790,#2791);
#1190=EDGE_LOOP('',(#2792,#2793,#2794,#2795));
#1191=AXIS2_PLACEMENT_3D('',#2796,#2797,#2798);
#1192=EDGE_LOOP('',(#2799,#2800,#2801,#2802));
#1193=AXIS2_PLACEMENT_3D('',#2803,#2804,#2805);
#1194=EDGE_LOOP('',(#2806,#2807,#2808,#2809));
#1195=AXIS2_PLACEMENT_3D('',#2810,#2811,#2812);
#1196=EDGE_LOOP('',(#2813,#2814,#2815,#2816));
#1197=AXIS2_PLACEMENT_3D('',#2817,#2818,#2819);
#1198=EDGE_LOOP('',(#2820,#2821,#2822,#2823));
#1199=AXIS2_PLACEMENT_3D('',#2824,#2825,#2826);
#1200=EDGE_LOOP('',(#2827,#2828,#2829,#2830));
#1201=AXIS2_PLACEMENT_3D('',#2831,#2832,#2833);
#1202=EDGE_LOOP('',(#2834,#2835,#2836,#2837));
#1203=AXIS2_PLACEMENT_3D('',#2838,#2839,#2840);
#1204=EDGE_LOOP('',(#2841,#2842,#2843,#2844));
#1205=AXIS2_PLACEMENT_3D('',#2845,#2846,#2847);
#1206=EDGE_LOOP('',(#2848,#2849,#2850,#2851));
#1207=AXIS2_PLACEMENT_3D('',#2852,#2853,#2854);
#1208=EDGE_LOOP('',(#2855,#2856,#2857,#2858));
#1209=AXIS2_PLACEMENT_3D('',#2859,#2860,#2861);
#1210=EDGE_LOOP('',(#2862,#2863,#2864,#2865));
#1211=AXIS2_PLACEMENT_3D('',#2866,#2867,#2868);
#1212=EDGE_LOOP('',(#2869,#2870,#2871,#2872));
#1213=AXIS2_PLACEMENT_3D('',#2873,#2874,#2875);
#1214=EDGE_LOOP('',(#2876,#2877,#2878,#2879));
#1215=AXIS2_PLACEMENT_3D('',#2880,#2881,#2882);
#1216=EDGE_LOOP('',(#2883,#2884,#2885,#2886));
#1217=AXIS2_PLACEMENT_3D('',#2887,#2888,#2889);
#1218=EDGE_LOOP('',(#2890,#2891,#2892,#2893));
#1219=AXIS2_PLACEMENT_3D('',#2894,#2895,#2896);
#1220=EDGE_LOOP('',(#2897,#2898,#2899,#2900));
#1221=AXIS2_PLACEMENT_3D('',#2901,#2902,#2903);
#1222=EDGE_LOOP('',(#2904,#2905,#2906,#2907));
#1223=AXIS2_PLACEMENT_3D('',#2908,#2909,#2910);
#1224=EDGE_LOOP('',(#2911,#2912,#2913,#2914));
#1225=AXIS2_PLACEMENT_3D('',#2915,#2916,#2917);
#1226=EDGE_LOOP('',(#2918,#2919,#2920,#2921));
#1227=AXIS2_PLACEMENT_3D('',#2922,#2923,#2924);
#1228=EDGE_LOOP('',(#2925,#2926,#2927,#2928));
#1229=AXIS2_PLACEMENT_3D('',#2929,#2930,#2931);
#1230=EDGE_LOOP('',(#2932,#2933,#2934,#2935));
#1231=AXIS2_PLACEMENT_3D('',#2936,#2937,#2938);
#1232=EDGE_LOOP('',(#2939,#2940,#2941,#2942));
#1233=AXIS2_PLACEMENT_3D('',#2943,#2944,#2945);
#1234=EDGE_LOOP('',(#2946,#2947,#2948,#2949));
#1235=AXIS2_PLACEMENT_3D('',#2950,#2951,#2952);
#1236=EDGE_LOOP('',(#2953,#2954,#2955,#2956));
#1237=AXIS2_PLACEMENT_3D('',#2957,#2958,#2959);
#1238=EDGE_LOOP('',(#2960,#2961,#2962,#2963,#2964,#2965,#2966,#2967,#2968,#2969,#2970));
#1239=AXIS2_PLACEMENT_3D('',#2971,#2972,#2973);
#1240=EDGE_LOOP('',(#2974,#2975,#2976,#2977,#2978,#2979,#2980,#2981,#2982,#2983,#2984));
#1241=AXIS2_PLACEMENT_3D('',#2985,#2986,#2987);
#1242=EDGE_LOOP('',(#2988,#2989,#2990,#2991));
#1243=AXIS2_PLACEMENT_3D('',#2992,#2993,#2994);
#1244=EDGE_LOOP('',(#2995,#2996,#2997,#2998));
#1245=AXIS2_PLACEMENT_3D('',#2999,#3000,#3001);
#1246=EDGE_LOOP('',(#3002,#3003,#3004,#3005));
#1247=AXIS2_PLACEMENT_3D('',#3006,#3007,#3008);
#1248=EDGE_LOOP('',(#3009,#3010,#3011,#3012));
#1249=AXIS2_PLACEMENT_3D('',#3013,#3014,#3015);
#1250=EDGE_LOOP('',(#3016,#3017,#3018,#3019));
#1251=AXIS2_PLACEMENT_3D('',#3020,#3021,#3022);
#1252=EDGE_LOOP('',(#3023,#3024,#3025,#3026));
#1253=AXIS2_PLACEMENT_3D('',#3027,#3028,#3029);
#1254=EDGE_LOOP('',(#3030,#3031,#3032,#3033));
#1255=AXIS2_PLACEMENT_3D('',#3034,#3035,#3036);
#1256=EDGE_LOOP('',(#3037,#3038,#3039,#3040));
#1257=AXIS2_PLACEMENT_3D('',#3041,#3042,#3043);
#1258=EDGE_LOOP('',(#3044,#3045,#3046,#3047));
#1259=AXIS2_PLACEMENT_3D('',#3048,#3049,#3050);
#1260=EDGE_LOOP('',(#3051,#3052,#3053,#3054,#3055,#3056,#3057,#3058,#3059,#3060));
#1261=AXIS2_PLACEMENT_3D('',#3061,#3062,#3063);
#1262=EDGE_LOOP('',(#3064,#3065,#3066,#3067));
#1263=AXIS2_PLACEMENT_3D('',#3068,#3069,#3070);
#1264=EDGE_LOOP('',(#3071,#3072,#3073,#3074));
#1265=AXIS2_PLACEMENT_3D('',#3075,#3076,#3077);
#1266=EDGE_LOOP('',(#3078,#3079,#3080,#3081));
#1267=AXIS2_PLACEMENT_3D('',#3082,#3083,#3084);
#1268=EDGE_LOOP('',(#3085,#3086,#3087,#3088));
#1269=AXIS2_PLACEMENT_3D('',#3089,#3090,#3091);
#1270=EDGE_LOOP('',(#3092,#3093,#3094,#3095));
#1271=AXIS2_PLACEMENT_3D('',#3096,#3097,#3098);
#1272=EDGE_LOOP('',(#3099,#3100,#3101,#3102));
#1273=AXIS2_PLACEMENT_3D('',#3103,#3104,#3105);
#1274=EDGE_LOOP('',(#3106,#3107,#3108,#3109));
#1275=AXIS2_PLACEMENT_3D('',#3110,#3111,#3112);
#1276=EDGE_LOOP('',(#3113,#3114,#3115,#3116));
#1277=AXIS2_PLACEMENT_3D('',#3117,#3118,#3119);
#1278=EDGE_LOOP('',(#3120,#3121,#3122,#3123));
#1279=AXIS2_PLACEMENT_3D('',#3124,#3125,#3126);
#1280=EDGE_LOOP('',(#3127,#3128,#3129,#3130));
#1281=AXIS2_PLACEMENT_3D('',#3131,#3132,#3133);
#1282=EDGE_LOOP('',(#3134,#3135,#3136,#3137,#3138,#3139,#3140,#3141,#3142,#3143,#3144,#3145,#3146,#3147,#3148,#3149,#3150,#3151,#3152,#3153,#3154,#3155,#3156));
#1283=EDGE_LOOP('',(#3157,#3158,#3159,#3160,#3161,#3162,#3163,#3164,#3165,#3166,#3167,#3168,#3169,#3170,#3171,#3172,#3173,#3174,#3175,#3176,#3177,#3178,#3179,#3180,#3181,#3182,#3183,#3184,#3185,#3186,#3187,#3188,#3189,#3190,#3191,#3192,#3193,#3194,#3195,#3196,#3197,#3198,#3199,#3200,#3201,#3202));
#1284=AXIS2_PLACEMENT_3D('',#3203,#3204,#3205);
#1285=EDGE_LOOP('',(#3206,#3207,#3208,#3209,#3210,#3211,#3212,#3213,#3214,#3215,#3216,#3217,#3218,#3219,#3220,#3221,#3222,#3223,#3224,#3225,#3226,#3227,#3228,#3229,#3230,#3231,#3232,#3233,#3234,#3235,#3236,#3237,#3238,#3239,#3240,#3241,#3242,#3243,#3244,#3245,#3246,#3247,#3248,#3249,#3250,#3251));
#1286=AXIS2_PLACEMENT_3D('',#3252,#3253,#3254);
#1287=EDGE_LOOP('',(#3255,#3256,#3257,#3258));
#1288=AXIS2_PLACEMENT_3D('',#3259,#3260,#3261);
#1289=EDGE_LOOP('',(#3262,#3263,#3264,#3265));
#1290=AXIS2_PLACEMENT_3D('',#3266,#3267,#3268);
#1291=EDGE_LOOP('',(#3269,#3270,#3271,#3272));
#1292=AXIS2_PLACEMENT_3D('',#3273,#3274,#3275);
#1293=EDGE_LOOP('',(#3276,#3277,#3278,#3279));
#1294=AXIS2_PLACEMENT_3D('',#3280,#3281,#3282);
#1295=EDGE_LOOP('',(#3283,#3284,#3285,#3286));
#1296=AXIS2_PLACEMENT_3D('',#3287,#3288,#3289);
#1297=EDGE_LOOP('',(#3290,#3291,#3292,#3293));
#1298=AXIS2_PLACEMENT_3D('',#3294,#3295,#3296);
#1299=EDGE_LOOP('',(#3297,#3298,#3299,#3300));
#1300=AXIS2_PLACEMENT_3D('',#3301,#3302,#3303);
#1301=EDGE_LOOP('',(#3304,#3305,#3306,#3307));
#1302=AXIS2_PLACEMENT_3D('',#3308,#3309,#3310);
#1303=EDGE_LOOP('',(#3311,#3312,#3313,#3314));
#1304=AXIS2_PLACEMENT_3D('',#3315,#3316,#3317);
#1305=EDGE_LOOP('',(#3318,#3319,#3320,#3321));
#1306=AXIS2_PLACEMENT_3D('',#3322,#3323,#3324);
#1307=EDGE_LOOP('',(#3325,#3326,#3327,#3328));
#1308=AXIS2_PLACEMENT_3D('',#3329,#3330,#3331);
#1309=EDGE_LOOP('',(#3332,#3333,#3334,#3335));
#1310=AXIS2_PLACEMENT_3D('',#3336,#3337,#3338);
#1311=EDGE_LOOP('',(#3339,#3340,#3341,#3342));
#1312=AXIS2_PLACEMENT_3D('',#3343,#3344,#3345);
#1313=EDGE_LOOP('',(#3346,#3347,#3348,#3349));
#1314=AXIS2_PLACEMENT_3D('',#3350,#3351,#3352);
#1315=EDGE_LOOP('',(#3353,#3354,#3355,#3356));
#1316=AXIS2_PLACEMENT_3D('',#3357,#3358,#3359);
#1317=EDGE_LOOP('',(#3360,#3361,#3362,#3363));
#1318=AXIS2_PLACEMENT_3D('',#3364,#3365,#3366);
#1319=EDGE_LOOP('',(#3367,#3368,#3369,#3370));
#1320=AXIS2_PLACEMENT_3D('',#3371,#3372,#3373);
#1321=EDGE_LOOP('',(#3374,#3375,#3376,#3377));
#1322=AXIS2_PLACEMENT_3D('',#3378,#3379,#3380);
#1323=EDGE_LOOP('',(#3381,#3382,#3383,#3384));
#1324=AXIS2_PLACEMENT_3D('',#3385,#3386,#3387);
#1325=EDGE_LOOP('',(#3388,#3389,#3390,#3391));
#1326=AXIS2_PLACEMENT_3D('',#3392,#3393,#3394);
#1327=EDGE_LOOP('',(#3395,#3396,#3397,#3398));
#1328=AXIS2_PLACEMENT_3D('',#3399,#3400,#3401);
#1329=EDGE_LOOP('',(#3402,#3403,#3404,#3405));
#1330=AXIS2_PLACEMENT_3D('',#3406,#3407,#3408);
#1331=EDGE_LOOP('',(#3409,#3410,#3411,#3412));
#1332=AXIS2_PLACEMENT_3D('',#3413,#3414,#3415);
#1333=EDGE_LOOP('',(#3416,#3417,#3418,#3419));
#1334=AXIS2_PLACEMENT_3D('',#3420,#3421,#3422);
#1335=EDGE_LOOP('',(#3423,#3424,#3425,#3426));
#1336=AXIS2_PLACEMENT_3D('',#3427,#3428,#3429);
#1337=EDGE_LOOP('',(#3430,#3431,#3432,#3433));
#1338=AXIS2_PLACEMENT_3D('',#3434,#3435,#3436);
#1339=EDGE_LOOP('',(#3437,#3438,#3439,#3440));
#1340=AXIS2_PLACEMENT_3D('',#3441,#3442,#3443);
#1341=EDGE_LOOP('',(#3444,#3445,#3446,#3447));
#1342=AXIS2_PLACEMENT_3D('',#3448,#3449,#3450);
#1343=EDGE_LOOP('',(#3451,#3452,#3453,#3454));
#1344=AXIS2_PLACEMENT_3D('',#3455,#3456,#3457);
#1345=EDGE_LOOP('',(#3458,#3459,#3460,#3461));
#1346=AXIS2_PLACEMENT_3D('',#3462,#3463,#3464);
#1347=EDGE_LOOP('',(#3465,#3466,#3467,#3468));
#1348=AXIS2_PLACEMENT_3D('',#3469,#3470,#3471);
#1349=EDGE_LOOP('',(#3472,#3473,#3474,#3475));
#1350=AXIS2_PLACEMENT_3D('',#3476,#3477,#3478);
#1351=EDGE_LOOP('',(#3479,#3480,#3481,#3482));
#1352=AXIS2_PLACEMENT_3D('',#3483,#3484,#3485);
#1353=EDGE_LOOP('',(#3486,#3487,#3488,#3489));
#1354=AXIS2_PLACEMENT_3D('',#3490,#3491,#3492);
#1355=EDGE_LOOP('',(#3493,#3494,#3495,#3496));
#1356=AXIS2_PLACEMENT_3D('',#3497,#3498,#3499);
#1357=EDGE_LOOP('',(#3500,#3501,#3502,#3503));
#1358=AXIS2_PLACEMENT_3D('',#3504,#3505,#3506);
#1359=EDGE_LOOP('',(#3507,#3508,#3509,#3510));
#1360=AXIS2_PLACEMENT_3D('',#3511,#3512,#3513);
#1361=EDGE_LOOP('',(#3514,#3515,#3516,#3517));
#1362=AXIS2_PLACEMENT_3D('',#3518,#3519,#3520);
#1363=EDGE_LOOP('',(#3521,#3522,#3523,#3524));
#1364=AXIS2_PLACEMENT_3D('',#3525,#3526,#3527);
#1365=EDGE_LOOP('',(#3528,#3529,#3530,#3531,#3532));
#1366=AXIS2_PLACEMENT_3D('',#3533,#3534,#3535);
#1367=EDGE_LOOP('',(#3536,#3537,#3538,#3539));
#1368=AXIS2_PLACEMENT_3D('',#3540,#3541,#3542);
#1369=EDGE_LOOP('',(#3543,#3544,#3545,#3546));
#1370=AXIS2_PLACEMENT_3D('',#3547,#3548,#3549);
#1371=EDGE_LOOP('',(#3550,#3551,#3552,#3553));
#1372=AXIS2_PLACEMENT_3D('',#3554,#3555,#3556);
#1373=EDGE_LOOP('',(#3557,#3558,#3559,#3560));
#1374=AXIS2_PLACEMENT_3D('',#3561,#3562,#3563);
#1375=EDGE_LOOP('',(#3564,#3565,#3566,#3567));
#1376=AXIS2_PLACEMENT_3D('',#3568,#3569,#3570);
#1377=EDGE_LOOP('',(#3571,#3572,#3573,#3574));
#1378=AXIS2_PLACEMENT_3D('',#3575,#3576,#3577);
#1379=EDGE_LOOP('',(#3578,#3579,#3580,#3581));
#1380=AXIS2_PLACEMENT_3D('',#3582,#3583,#3584);
#1381=EDGE_LOOP('',(#3585,#3586,#3587,#3588));
#1382=AXIS2_PLACEMENT_3D('',#3589,#3590,#3591);
#1383=EDGE_LOOP('',(#3592,#3593,#3594,#3595));
#1384=AXIS2_PLACEMENT_3D('',#3596,#3597,#3598);
#1385=EDGE_LOOP('',(#3599,#3600,#3601,#3602));
#1386=AXIS2_PLACEMENT_3D('',#3603,#3604,#3605);
#1387=EDGE_LOOP('',(#3606,#3607,#3608,#3609));
#1388=AXIS2_PLACEMENT_3D('',#3610,#3611,#3612);
#1389=EDGE_LOOP('',(#3613,#3614,#3615,#3616));
#1390=AXIS2_PLACEMENT_3D('',#3617,#3618,#3619);
#1391=EDGE_LOOP('',(#3620,#3621,#3622,#3623));
#1392=AXIS2_PLACEMENT_3D('',#3624,#3625,#3626);
#1393=EDGE_LOOP('',(#3627,#3628,#3629,#3630));
#1394=AXIS2_PLACEMENT_3D('',#3631,#3632,#3633);
#1395=EDGE_LOOP('',(#3634,#3635,#3636,#3637));
#1396=AXIS2_PLACEMENT_3D('',#3638,#3639,#3640);
#1397=EDGE_LOOP('',(#3641,#3642,#3643,#3644));
#1398=AXIS2_PLACEMENT_3D('',#3645,#3646,#3647);
#1399=EDGE_LOOP('',(#3648,#3649,#3650,#3651));
#1400=AXIS2_PLACEMENT_3D('',#3652,#3653,#3654);
#1401=FILL_AREA_STYLE('',(#3655));
#1402=EDGE_LOOP('',(#3656,#3657,#3658,#3659));
#1403=AXIS2_PLACEMENT_3D('',#3660,#3661,#3662);
#1404=EDGE_LOOP('',(#3663,#3664,#3665,#3666));
#1405=AXIS2_PLACEMENT_3D('',#3667,#3668,#3669);
#1406=EDGE_LOOP('',(#3670,#3671,#3672,#3673));
#1407=AXIS2_PLACEMENT_3D('',#3674,#3675,#3676);
#1408=EDGE_LOOP('',(#3677,#3678,#3679,#3680));
#1409=AXIS2_PLACEMENT_3D('',#3681,#3682,#3683);
#1410=EDGE_LOOP('',(#3684,#3685,#3686,#3687));
#1411=AXIS2_PLACEMENT_3D('',#3688,#3689,#3690);
#1412=EDGE_LOOP('',(#3691,#3692,#3693,#3694));
#1413=AXIS2_PLACEMENT_3D('',#3695,#3696,#3697);
#1414=EDGE_LOOP('',(#3698,#3699,#3700,#3701));
#1415=AXIS2_PLACEMENT_3D('',#3702,#3703,#3704);
#1416=EDGE_LOOP('',(#3705,#3706,#3707,#3708));
#1417=AXIS2_PLACEMENT_3D('',#3709,#3710,#3711);
#1418=EDGE_LOOP('',(#3712,#3713,#3714,#3715,#3716,#3717,#3718,#3719));
#1419=AXIS2_PLACEMENT_3D('',#3720,#3721,#3722);
#1420=EDGE_LOOP('',(#3723,#3724,#3725,#3726,#3727,#3728,#3729,#3730));
#1421=AXIS2_PLACEMENT_3D('',#3731,#3732,#3733);
#1422=FILL_AREA_STYLE_COLOUR('',#3734);
#1423=ORIENTED_EDGE('',*,*,#3735,.F.);
#1424=ORIENTED_EDGE('',*,*,#3736,.T.);
#1425=ORIENTED_EDGE('',*,*,#3737,.T.);
#1426=ORIENTED_EDGE('',*,*,#3738,.T.);
#1427=CARTESIAN_POINT('',(-0.393648337585844,-0.701591790500078,0.506230671721379));
#1428=DIRECTION('',(-4.29E-13,-1.0,-3.26943875618435E-15));
#1429=DIRECTION('',(-0.830899922755727,3.58275254150323E-13,-0.556421888825851));
#1430=ORIENTED_EDGE('',*,*,#3739,.F.);
#1431=ORIENTED_EDGE('',*,*,#3740,.F.);
#1432=ORIENTED_EDGE('',*,*,#3741,.T.);
#1433=ORIENTED_EDGE('',*,*,#3742,.F.);
#1434=CARTESIAN_POINT('',(-0.947165653478834,-0.519091790499839,0.142693496735432));
#1435=DIRECTION('',(-4.29E-13,-1.0,-3.2694387561843E-15));
#1436=DIRECTION('',(0.830899922755727,-3.58275254150323E-13,0.556421888825851));
#1437=ORIENTED_EDGE('',*,*,#3743,.F.);
#1438=ORIENTED_EDGE('',*,*,#3744,.F.);
#1439=ORIENTED_EDGE('',*,*,#3745,.T.);
#1440=ORIENTED_EDGE('',*,*,#3746,.T.);
#1441=CARTESIAN_POINT('',(-0.185751782647472,-0.499091790500168,0.787652022640542));
#1442=DIRECTION('',(-4.29E-13,-1.0,-3.26943875618434E-15));
#1443=DIRECTION('',(-0.830899922755727,3.58275254150323E-13,-0.556421888825851));
#1444=ORIENTED_EDGE('',*,*,#3747,.F.);
#1445=ORIENTED_EDGE('',*,*,#3748,.F.);
#1446=ORIENTED_EDGE('',*,*,#3749,.T.);
#1447=ORIENTED_EDGE('',*,*,#3750,.T.);
#1448=CARTESIAN_POINT('',(-0.874410322233373,-0.499091790499871,0.262523885344963));
#1449=DIRECTION('',(-4.29E-13,-1.0,-3.26943875618432E-15));
#1450=DIRECTION('',(-0.830899922755727,3.58275254150323E-13,-0.556421888825851));
#1451=ORIENTED_EDGE('',*,*,#3751,.F.);
#1452=ORIENTED_EDGE('',*,*,#3752,.F.);
#1453=ORIENTED_EDGE('',*,*,#3753,.T.);
#1454=ORIENTED_EDGE('',*,*,#3754,.T.);
#1455=CARTESIAN_POINT('',(-0.984636882414526,-0.499091790499824,0.240693022413481));
#1456=DIRECTION('',(-4.29E-13,-1.0,-3.26943875618434E-15));
#1457=DIRECTION('',(-0.830899922755727,3.58275254150323E-13,-0.556421888825851));
#1458=ORIENTED_EDGE('',*,*,#3755,.F.);
#1459=ORIENTED_EDGE('',*,*,#3756,.T.);
#1460=ORIENTED_EDGE('',*,*,#3757,.F.);
#1461=ORIENTED_EDGE('',*,*,#3758,.F.);
#1462=CARTESIAN_POINT('',(-1.0945249234707,-0.499091790499776,0.128589883543642));
#1463=DIRECTION('',(-4.29E-13,-1.0,-3.26943875618436E-15));
#1464=DIRECTION('',(-0.830899922755727,3.58275254150323E-13,-0.556421888825851));
#1465=ORIENTED_EDGE('',*,*,#3759,.F.);
#1466=ORIENTED_EDGE('',*,*,#3760,.T.);
#1467=ORIENTED_EDGE('',*,*,#3761,.F.);
#1468=ORIENTED_EDGE('',*,*,#3762,.F.);
#1469=CARTESIAN_POINT('',(-0.959478005132377,-0.499091790499834,0.144208503230288));
#1470=DIRECTION('',(-4.29E-13,-1.0,-3.26943875618435E-15));
#1471=DIRECTION('',(-0.830899922755727,3.58275254150323E-13,-0.556421888825851));
#1472=ORIENTED_EDGE('',*,*,#3763,.F.);
#1473=ORIENTED_EDGE('',*,*,#3764,.T.);
#1474=ORIENTED_EDGE('',*,*,#3765,.F.);
#1475=ORIENTED_EDGE('',*,*,#3766,.F.);
#1476=CARTESIAN_POINT('',(-0.161580247601121,-0.499091790500178,0.76996677346123));
#1477=DIRECTION('',(-4.29E-13,-1.0,-3.26943875618436E-15));
#1478=DIRECTION('',(-0.830899922755727,3.58275254150323E-13,-0.556421888825851));
#1479=ORIENTED_EDGE('',*,*,#3767,.F.);
#1480=ORIENTED_EDGE('',*,*,#3768,.T.);
#1481=ORIENTED_EDGE('',*,*,#3769,.T.);
#1482=ORIENTED_EDGE('',*,*,#3770,.T.);
#1483=CARTESIAN_POINT('',(-0.947165653478846,-0.549091790499839,0.142693496735432));
#1484=DIRECTION('',(-4.29E-13,-1.0,-3.26943875618441E-15));
#1485=DIRECTION('',(-0.830899922755727,3.58275254150323E-13,-0.556421888825851));
#1486=ORIENTED_EDGE('',*,*,#3771,.F.);
#1487=ORIENTED_EDGE('',*,*,#3772,.F.);
#1488=ORIENTED_EDGE('',*,*,#3773,.F.);
#1489=ORIENTED_EDGE('',*,*,#3774,.F.);
#1490=CARTESIAN_POINT('',(-0.947165653478848,-0.549091790499839,0.142693496735431));
#1491=DIRECTION('',(-4.29E-13,-1.0,-3.26943875618439E-15));
#1492=DIRECTION('',(-0.830899922755727,3.58275254150323E-13,-0.556421888825851));
#1493=ORIENTED_EDGE('',*,*,#3775,.F.);
#1494=ORIENTED_EDGE('',*,*,#3776,.F.);
#1495=ORIENTED_EDGE('',*,*,#3777,.T.);
#1496=ORIENTED_EDGE('',*,*,#3778,.F.);
#1497=CARTESIAN_POINT('',(-0.393648337585844,-0.701591790500078,0.506230671721379));
#1498=DIRECTION('',(-4.29E-13,-1.0,-3.26943875618435E-15));
#1499=DIRECTION('',(-0.830899922755727,3.58275254150323E-13,-0.556421888825851));
#1500=ORIENTED_EDGE('',*,*,#3779,.F.);
#1501=ORIENTED_EDGE('',*,*,#3780,.F.);
#1502=ORIENTED_EDGE('',*,*,#3781,.F.);
#1503=ORIENTED_EDGE('',*,*,#3782,.T.);
#1504=CARTESIAN_POINT('',(-0.185751782647044,0.495908209499832,0.787652022640545));
#1505=DIRECTION('',(4.29E-13,1.0,3.26943875618434E-15));
#1506=DIRECTION('',(0.830899922755727,-3.58275254150323E-13,0.556421888825851));
#1507=ORIENTED_EDGE('',*,*,#3783,.F.);
#1508=ORIENTED_EDGE('',*,*,#3784,.F.);
#1509=ORIENTED_EDGE('',*,*,#3785,.F.);
#1510=ORIENTED_EDGE('',*,*,#3786,.T.);
#1511=CARTESIAN_POINT('',(-0.874410322232945,0.495908209500129,0.262523885344966));
#1512=DIRECTION('',(4.29E-13,1.0,3.26943875618432E-15));
#1513=DIRECTION('',(0.830899922755727,-3.58275254150323E-13,0.556421888825851));
#1514=ORIENTED_EDGE('',*,*,#3787,.F.);
#1515=ORIENTED_EDGE('',*,*,#3788,.F.);
#1516=ORIENTED_EDGE('',*,*,#3789,.F.);
#1517=ORIENTED_EDGE('',*,*,#3790,.T.);
#1518=CARTESIAN_POINT('',(-0.984636882414099,0.495908209500176,0.240693022413484));
#1519=DIRECTION('',(4.29E-13,1.0,3.26943875618434E-15));
#1520=DIRECTION('',(0.830899922755727,-3.58275254150323E-13,0.556421888825851));
#1521=ORIENTED_EDGE('',*,*,#3791,.F.);
#1522=ORIENTED_EDGE('',*,*,#3792,.T.);
#1523=ORIENTED_EDGE('',*,*,#3793,.T.);
#1524=ORIENTED_EDGE('',*,*,#3794,.F.);
#1525=CARTESIAN_POINT('',(-1.09452492347027,0.495908209500224,0.128589883543645));
#1526=DIRECTION('',(4.29E-13,1.0,3.26943875618436E-15));
#1527=DIRECTION('',(0.830899922755727,-3.58275254150323E-13,0.556421888825851));
#1528=ORIENTED_EDGE('',*,*,#3795,.F.);
#1529=ORIENTED_EDGE('',*,*,#3796,.T.);
#1530=ORIENTED_EDGE('',*,*,#3797,.T.);
#1531=ORIENTED_EDGE('',*,*,#3798,.F.);
#1532=CARTESIAN_POINT('',(-0.959478005131951,0.495908209500166,0.144208503230291));
#1533=DIRECTION('',(4.29E-13,1.0,3.26943875618435E-15));
#1534=DIRECTION('',(0.830899922755727,-3.58275254150323E-13,0.556421888825851));
#1535=ORIENTED_EDGE('',*,*,#3799,.F.);
#1536=ORIENTED_EDGE('',*,*,#3800,.T.);
#1537=ORIENTED_EDGE('',*,*,#3801,.T.);
#1538=ORIENTED_EDGE('',*,*,#3802,.F.);
#1539=CARTESIAN_POINT('',(-0.161580247600694,0.495908209499822,0.769966773461234));
#1540=DIRECTION('',(4.29E-13,1.0,3.26943875618436E-15));
#1541=DIRECTION('',(0.830899922755727,-3.58275254150323E-13,0.556421888825851));
#1542=ORIENTED_EDGE('',*,*,#3803,.F.);
#1543=ORIENTED_EDGE('',*,*,#3804,.T.);
#1544=ORIENTED_EDGE('',*,*,#3805,.F.);
#1545=ORIENTED_EDGE('',*,*,#3806,.T.);
#1546=CARTESIAN_POINT('',(-0.947165653478379,0.545908209500161,0.142693496735435));
#1547=DIRECTION('',(4.29E-13,1.0,3.26943875618439E-15));
#1548=DIRECTION('',(-0.830899922755727,3.58275254150323E-13,-0.556421888825851));
#1549=ORIENTED_EDGE('',*,*,#3807,.F.);
#1550=ORIENTED_EDGE('',*,*,#3808,.F.);
#1551=ORIENTED_EDGE('',*,*,#3809,.T.);
#1552=ORIENTED_EDGE('',*,*,#3810,.F.);
#1553=CARTESIAN_POINT('',(-0.947165653478377,0.545908209500161,0.142693496735436));
#1554=DIRECTION('',(4.29E-13,1.0,3.26943875618441E-15));
#1555=DIRECTION('',(-0.830899922755727,3.58275254150323E-13,-0.556421888825851));
#1556=ORIENTED_EDGE('',*,*,#3811,.F.);
#1557=ORIENTED_EDGE('',*,*,#3812,.T.);
#1558=ORIENTED_EDGE('',*,*,#3813,.T.);
#1559=ORIENTED_EDGE('',*,*,#3814,.T.);
#1560=CARTESIAN_POINT('',(-0.94716565347839,0.51590820950016,0.142693496735436));
#1561=DIRECTION('',(4.29E-13,1.0,3.2694387561843E-15));
#1562=DIRECTION('',(0.830899922755727,-3.58275254150323E-13,0.556421888825851));
#1563=ORIENTED_EDGE('',*,*,#3815,.F.);
#1564=ORIENTED_EDGE('',*,*,#3816,.T.);
#1565=ORIENTED_EDGE('',*,*,#3817,.F.);
#1566=ORIENTED_EDGE('',*,*,#3818,.F.);
#1567=CARTESIAN_POINT('',(-0.52528533995288,-0.721591790500019,-0.335619305811145));
#1568=DIRECTION('',(-4.29E-13,-1.0,-3.26943875618435E-15));
#1569=DIRECTION('',(-0.830899922755727,3.58275254150323E-13,-0.556421888825851));
#1570=ORIENTED_EDGE('',*,*,#3819,.F.);
#1571=ORIENTED_EDGE('',*,*,#3820,.F.);
#1572=ORIENTED_EDGE('',*,*,#3821,.T.);
#1573=ORIENTED_EDGE('',*,*,#3822,.T.);
#1574=CARTESIAN_POINT('',(0.730360065310848,-0.721591790500559,0.0578119551284432));
#1575=DIRECTION('',(-4.29E-13,-1.0,-3.26943875618436E-15));
#1576=DIRECTION('',(-0.830899922755727,3.58275254150323E-13,-0.556421888825851));
#1577=ORIENTED_EDGE('',*,*,#3823,.F.);
#1578=ORIENTED_EDGE('',*,*,#3824,.F.);
#1579=ORIENTED_EDGE('',*,*,#3825,.T.);
#1580=ORIENTED_EDGE('',*,*,#3826,.T.);
#1581=CARTESIAN_POINT('',(-0.378269236791983,-0.721591790500085,0.530660501686102));
#1582=DIRECTION('',(-4.29E-13,-1.0,-3.26943875618441E-15));
#1583=DIRECTION('',(-0.830899922755727,3.58275254150323E-13,-0.556421888825851));
#1584=ORIENTED_EDGE('',*,*,#3827,.F.);
#1585=ORIENTED_EDGE('',*,*,#3828,.T.);
#1586=ORIENTED_EDGE('',*,*,#3829,.T.);
#1587=ORIENTED_EDGE('',*,*,#3830,.F.);
#1588=CARTESIAN_POINT('',(-0.525285339952262,0.718408209499981,-0.33561930581114));
#1589=DIRECTION('',(4.29E-13,1.0,3.26943875618435E-15));
#1590=DIRECTION('',(0.830899922755727,-3.58275254150323E-13,0.556421888825851));
#1591=ORIENTED_EDGE('',*,*,#3831,.F.);
#1592=ORIENTED_EDGE('',*,*,#3832,.F.);
#1593=ORIENTED_EDGE('',*,*,#3833,.T.);
#1594=ORIENTED_EDGE('',*,*,#3834,.T.);
#1595=CARTESIAN_POINT('',(-0.525285339952871,-0.701591790500019,-0.335619305811145));
#1596=DIRECTION('',(-4.29E-13,-1.0,-3.26943875618435E-15));
#1597=DIRECTION('',(-0.830899922755727,3.58275254150323E-13,-0.556421888825851));
#1598=ORIENTED_EDGE('',*,*,#3835,.F.);
#1599=ORIENTED_EDGE('',*,*,#3836,.T.);
#1600=ORIENTED_EDGE('',*,*,#3837,.F.);
#1601=ORIENTED_EDGE('',*,*,#3838,.F.);
#1602=CARTESIAN_POINT('',(-0.525285339952871,-0.701591790500019,-0.335619305811145));
#1603=DIRECTION('',(-4.29E-13,-1.0,-3.2694387561843E-15));
#1604=DIRECTION('',(-0.830899922755727,3.58275254150323E-13,-0.556421888825851));
#1605=ORIENTED_EDGE('',*,*,#3839,.F.);
#1606=ORIENTED_EDGE('',*,*,#3840,.F.);
#1607=ORIENTED_EDGE('',*,*,#3841,.T.);
#1608=ORIENTED_EDGE('',*,*,#3842,.T.);
#1609=CARTESIAN_POINT('',(-0.393648337585844,-0.701591790500078,0.506230671721379));
#1610=DIRECTION('',(-4.29E-13,-1.0,-3.26943875618435E-15));
#1611=DIRECTION('',(-0.830899922755727,3.58275254150323E-13,-0.556421888825851));
#1612=ORIENTED_EDGE('',*,*,#3843,.F.);
#1613=ORIENTED_EDGE('',*,*,#3844,.F.);
#1614=ORIENTED_EDGE('',*,*,#3845,.F.);
#1615=ORIENTED_EDGE('',*,*,#3846,.T.);
#1616=CARTESIAN_POINT('',(0.730360065311467,0.718408209499441,0.0578119551284477));
#1617=DIRECTION('',(4.29E-13,1.0,3.26943875618436E-15));
#1618=DIRECTION('',(0.830899922755727,-3.58275254150323E-13,0.556421888825851));
#1619=ORIENTED_EDGE('',*,*,#3847,.F.);
#1620=ORIENTED_EDGE('',*,*,#3848,.F.);
#1621=ORIENTED_EDGE('',*,*,#3849,.F.);
#1622=ORIENTED_EDGE('',*,*,#3850,.T.);
#1623=CARTESIAN_POINT('',(-0.378269236791365,0.718408209499915,0.530660501686107));
#1624=DIRECTION('',(4.29E-13,1.0,3.26943875618441E-15));
#1625=DIRECTION('',(0.830899922755727,-3.58275254150323E-13,0.556421888825851));
#1626=ORIENTED_EDGE('',*,*,#3851,.T.);
#1627=ORIENTED_EDGE('',*,*,#3852,.F.);
#1628=ORIENTED_EDGE('',*,*,#3853,.T.);
#1629=ORIENTED_EDGE('',*,*,#3854,.T.);
#1630=CARTESIAN_POINT('',(1.61997662375894,0.718408209499057,0.534258290561825));
#1631=DIRECTION('',(-0.0382359566244517,1.94316054774682E-14,-0.999268738438771));
#1632=DIRECTION('',(0.999268738438771,-4.28734681019011E-13,-0.0382359566244517));
#1633=ORIENTED_EDGE('',*,*,#3847,.T.);
#1634=ORIENTED_EDGE('',*,*,#3855,.T.);
#1635=ORIENTED_EDGE('',*,*,#3852,.T.);
#1636=ORIENTED_EDGE('',*,*,#3856,.F.);
#1637=CARTESIAN_POINT('',(-0.378269236791365,0.718408209499915,0.530660501686107));
#1638=DIRECTION('',(4.29E-13,1.0,3.26943875618441E-15));
#1639=DIRECTION('',(0.830899922755727,-3.58275254150323E-13,0.556421888825851));
#1640=ORIENTED_EDGE('',*,*,#3857,.F.);
#1641=ORIENTED_EDGE('',*,*,#3854,.F.);
#1642=ORIENTED_EDGE('',*,*,#3858,.T.);
#1643=ORIENTED_EDGE('',*,*,#3859,.T.);
#1644=CARTESIAN_POINT('',(-0.54983842975536,0.718408209499989,0.537225414574818));
#1645=DIRECTION('',(4.29E-13,1.0,3.26943875618441E-15));
#1646=DIRECTION('',(0.830899922755727,-3.58275254150323E-13,0.556421888825851));
#1647=ORIENTED_EDGE('',*,*,#3860,.F.);
#1648=ORIENTED_EDGE('',*,*,#3861,.F.);
#1649=ORIENTED_EDGE('',*,*,#3862,.T.);
#1650=ORIENTED_EDGE('',*,*,#3863,.T.);
#1651=ORIENTED_EDGE('',*,*,#3864,.F.);
#1652=ORIENTED_EDGE('',*,*,#3865,.T.);
#1653=ORIENTED_EDGE('',*,*,#3866,.T.);
#1654=ORIENTED_EDGE('',*,*,#3867,.F.);
#1655=CARTESIAN_POINT('',(0.906184947664899,0.783408209499368,-0.826400441385948));
#1656=DIRECTION('',(0.975115675643427,-4.19155170596555E-13,0.221696682687097));
#1657=DIRECTION('',(-0.221696682687097,9.21952111667278E-14,0.975115675643427));
#1658=ORIENTED_EDGE('',*,*,#3868,.T.);
#1659=ORIENTED_EDGE('',*,*,#3869,.T.);
#1660=ORIENTED_EDGE('',*,*,#3870,.F.);
#1661=ORIENTED_EDGE('',*,*,#3828,.F.);
#1662=ORIENTED_EDGE('',*,*,#3871,.F.);
#1663=ORIENTED_EDGE('',*,*,#3872,.F.);
#1664=CARTESIAN_POINT('',(1.63483128620618,0.71840820949905,0.922474020310241));
#1665=DIRECTION('',(4.29E-13,1.0,3.26943875618435E-15));
#1666=DIRECTION('',(0.830899922755727,-3.58275254150323E-13,0.556421888825851));
#1667=ORIENTED_EDGE('',*,*,#3873,.F.);
#1668=ORIENTED_EDGE('',*,*,#3874,.F.);
#1669=ORIENTED_EDGE('',*,*,#3863,.F.);
#1670=ORIENTED_EDGE('',*,*,#3875,.T.);
#1671=ORIENTED_EDGE('',*,*,#3876,.T.);
#1672=ORIENTED_EDGE('',*,*,#3877,.T.);
#1673=ORIENTED_EDGE('',*,*,#3878,.F.);
#1674=ORIENTED_EDGE('',*,*,#3879,.F.);
#1675=CARTESIAN_POINT('',(1.1339719947742,0.783408209499273,-1.83542845872773));
#1676=DIRECTION('',(4.29E-13,1.0,3.26943875618437E-15));
#1677=DIRECTION('',(0.830899922755727,-3.58275254150323E-13,0.556421888825851));
#1678=ORIENTED_EDGE('',*,*,#3880,.F.);
#1679=ORIENTED_EDGE('',*,*,#3881,.F.);
#1680=ORIENTED_EDGE('',*,*,#3882,.T.);
#1681=ORIENTED_EDGE('',*,*,#3883,.T.);
#1682=ORIENTED_EDGE('',*,*,#3876,.F.);
#1683=ORIENTED_EDGE('',*,*,#3884,.T.);
#1684=ORIENTED_EDGE('',*,*,#3885,.T.);
#1685=ORIENTED_EDGE('',*,*,#3886,.F.);
#1686=CARTESIAN_POINT('',(0.438129423356054,0.783408209499569,-0.932814849075754));
#1687=DIRECTION('',(-0.975115675643427,4.19155170596556E-13,-0.221696682687097));
#1688=DIRECTION('',(0.221696682687097,-9.21952111667275E-14,-0.975115675643427));
#1689=ORIENTED_EDGE('',*,*,#3883,.F.);
#1690=ORIENTED_EDGE('',*,*,#3887,.F.);
#1691=ORIENTED_EDGE('',*,*,#3888,.F.);
#1692=ORIENTED_EDGE('',*,*,#3889,.F.);
#1693=ORIENTED_EDGE('',*,*,#3858,.F.);
#1694=ORIENTED_EDGE('',*,*,#3853,.F.);
#1695=ORIENTED_EDGE('',*,*,#3855,.F.);
#1696=ORIENTED_EDGE('',*,*,#3850,.F.);
#1697=ORIENTED_EDGE('',*,*,#3890,.F.);
#1698=ORIENTED_EDGE('',*,*,#3891,.F.);
#1699=ORIENTED_EDGE('',*,*,#3846,.F.);
#1700=ORIENTED_EDGE('',*,*,#3892,.F.);
#1701=ORIENTED_EDGE('',*,*,#3877,.F.);
#1702=CARTESIAN_POINT('',(-0.0313202205704943,0.738408209499766,0.66863558153135));
#1703=DIRECTION('',(4.29E-13,1.0,3.26943875618435E-15));
#1704=DIRECTION('',(0.830899922755727,-3.58275254150323E-13,0.556421888825851));
#1705=ORIENTED_EDGE('',*,*,#3869,.F.);
#1706=ORIENTED_EDGE('',*,*,#3893,.F.);
#1707=ORIENTED_EDGE('',*,*,#3888,.T.);
#1708=ORIENTED_EDGE('',*,*,#3894,.T.);
#1709=CARTESIAN_POINT('',(-0.656483697222795,0.738408209500035,0.432795190082558));
#1710=DIRECTION('',(-0.88451009100783,3.81010927984616E-13,-0.466521059444609));
#1711=DIRECTION('',(0.466521059444609,-1.975390765297E-13,-0.88451009100783));
#1712=ORIENTED_EDGE('',*,*,#3895,.T.);
#1713=ORIENTED_EDGE('',*,*,#3881,.T.);
#1714=ORIENTED_EDGE('',*,*,#3896,.F.);
#1715=ORIENTED_EDGE('',*,*,#3836,.F.);
#1716=ORIENTED_EDGE('',*,*,#3897,.F.);
#1717=ORIENTED_EDGE('',*,*,#3898,.F.);
#1718=ORIENTED_EDGE('',*,*,#3899,.F.);
#1719=ORIENTED_EDGE('',*,*,#3900,.F.);
#1720=ORIENTED_EDGE('',*,*,#3901,.F.);
#1721=ORIENTED_EDGE('',*,*,#3902,.F.);
#1722=ORIENTED_EDGE('',*,*,#3842,.F.);
#1723=ORIENTED_EDGE('',*,*,#3903,.F.);
#1724=ORIENTED_EDGE('',*,*,#3904,.F.);
#1725=ORIENTED_EDGE('',*,*,#3905,.F.);
#1726=ORIENTED_EDGE('',*,*,#3906,.F.);
#1727=ORIENTED_EDGE('',*,*,#3907,.F.);
#1728=ORIENTED_EDGE('',*,*,#3834,.F.);
#1729=ORIENTED_EDGE('',*,*,#3908,.F.);
#1730=ORIENTED_EDGE('',*,*,#3879,.T.);
#1731=ORIENTED_EDGE('',*,*,#3909,.F.);
#1732=ORIENTED_EDGE('',*,*,#3844,.T.);
#1733=ORIENTED_EDGE('',*,*,#3910,.T.);
#1734=ORIENTED_EDGE('',*,*,#3911,.F.);
#1735=ORIENTED_EDGE('',*,*,#3848,.T.);
#1736=ORIENTED_EDGE('',*,*,#3856,.T.);
#1737=ORIENTED_EDGE('',*,*,#3851,.F.);
#1738=ORIENTED_EDGE('',*,*,#3857,.T.);
#1739=ORIENTED_EDGE('',*,*,#3912,.F.);
#1740=ORIENTED_EDGE('',*,*,#3913,.T.);
#1741=ORIENTED_EDGE('',*,*,#3914,.T.);
#1742=ORIENTED_EDGE('',*,*,#3830,.T.);
#1743=CARTESIAN_POINT('',(1.63483128620618,0.69840820949905,0.922474020310241));
#1744=DIRECTION('',(4.29E-13,1.0,3.26943875618435E-15));
#1745=DIRECTION('',(0.830899922755727,-3.58275254150323E-13,0.556421888825851));
#1746=ORIENTED_EDGE('',*,*,#3882,.F.);
#1747=ORIENTED_EDGE('',*,*,#3895,.F.);
#1748=ORIENTED_EDGE('',*,*,#3829,.F.);
#1749=ORIENTED_EDGE('',*,*,#3870,.T.);
#1750=ORIENTED_EDGE('',*,*,#3894,.F.);
#1751=ORIENTED_EDGE('',*,*,#3887,.T.);
#1752=CARTESIAN_POINT('',(-0.0313202205705014,0.718408209499766,0.66863558153135));
#1753=DIRECTION('',(4.29E-13,1.0,3.26943875618432E-15));
#1754=DIRECTION('',(0.830899922755727,-3.58275254150323E-13,0.556421888825851));
#1755=ORIENTED_EDGE('',*,*,#3909,.T.);
#1756=ORIENTED_EDGE('',*,*,#3878,.T.);
#1757=ORIENTED_EDGE('',*,*,#3892,.T.);
#1758=ORIENTED_EDGE('',*,*,#3845,.T.);
#1759=CARTESIAN_POINT('',(0.783777294341364,0.71840820949942,-0.734117117123748));
#1760=DIRECTION('',(-0.456962762484353,1.98802120999062E-13,-0.889485825464728));
#1761=DIRECTION('',(0.889485825464728,-3.80353428650485E-13,-0.456962762484353));
#1762=ORIENTED_EDGE('',*,*,#3843,.T.);
#1763=ORIENTED_EDGE('',*,*,#3891,.T.);
#1764=ORIENTED_EDGE('',*,*,#3915,.T.);
#1765=ORIENTED_EDGE('',*,*,#3910,.F.);
#1766=CARTESIAN_POINT('',(0.730360065311467,0.718408209499441,0.0578119551284477));
#1767=DIRECTION('',(4.29E-13,1.0,3.26943875618436E-15));
#1768=DIRECTION('',(0.830899922755727,-3.58275254150323E-13,0.556421888825851));
#1769=ORIENTED_EDGE('',*,*,#3911,.T.);
#1770=ORIENTED_EDGE('',*,*,#3915,.F.);
#1771=ORIENTED_EDGE('',*,*,#3890,.T.);
#1772=ORIENTED_EDGE('',*,*,#3849,.T.);
#1773=CARTESIAN_POINT('',(-0.031052352061911,0.718408209499768,0.0438296636915997));
#1774=DIRECTION('',(-0.88451009100783,3.81010927984616E-13,-0.466521059444608));
#1775=DIRECTION('',(0.466521059444608,-1.975390765297E-13,-0.88451009100783));
#1776=ORIENTED_EDGE('',*,*,#3916,.F.);
#1777=ORIENTED_EDGE('',*,*,#3886,.T.);
#1778=ORIENTED_EDGE('',*,*,#3917,.T.);
#1779=ORIENTED_EDGE('',*,*,#3860,.T.);
#1780=ORIENTED_EDGE('',*,*,#3874,.T.);
#1781=ORIENTED_EDGE('',*,*,#3918,.F.);
#1782=ORIENTED_EDGE('',*,*,#3919,.F.);
#1783=ORIENTED_EDGE('',*,*,#3920,.F.);
#1784=ORIENTED_EDGE('',*,*,#3921,.F.);
#1785=CARTESIAN_POINT('',(1.13397199477414,0.653408209499273,-1.83542845872773));
#1786=DIRECTION('',(-4.29E-13,-1.0,-3.26943875618435E-15));
#1787=DIRECTION('',(-0.830899922755727,3.58275254150323E-13,-0.556421888825851));
#1788=ORIENTED_EDGE('',*,*,#3917,.F.);
#1789=ORIENTED_EDGE('',*,*,#3885,.F.);
#1790=ORIENTED_EDGE('',*,*,#3922,.T.);
#1791=ORIENTED_EDGE('',*,*,#3861,.T.);
#1792=CARTESIAN_POINT('',(0.438129423356054,0.783408209499569,-0.932814849075754));
#1793=DIRECTION('',(0.221696682687097,-9.21952111667277E-14,-0.975115675643427));
#1794=DIRECTION('',(0.975115675643427,-4.19155170596556E-13,0.221696682687097));
#1795=ORIENTED_EDGE('',*,*,#3884,.F.);
#1796=ORIENTED_EDGE('',*,*,#3875,.F.);
#1797=ORIENTED_EDGE('',*,*,#3862,.F.);
#1798=ORIENTED_EDGE('',*,*,#3922,.F.);
#1799=CARTESIAN_POINT('',(1.1339719947742,0.783408209499273,-1.83542845872773));
#1800=DIRECTION('',(-4.29E-13,-1.0,-3.26943875618435E-15));
#1801=DIRECTION('',(-0.830899922755727,3.58275254150323E-13,-0.556421888825851));
#1802=ORIENTED_EDGE('',*,*,#3923,.F.);
#1803=ORIENTED_EDGE('',*,*,#3924,.F.);
#1804=ORIENTED_EDGE('',*,*,#3925,.T.);
#1805=ORIENTED_EDGE('',*,*,#3864,.T.);
#1806=CARTESIAN_POINT('',(0.875147412088699,0.768408209499381,-0.689884246795868));
#1807=DIRECTION('',(-0.0124604525996404,2.32349911327302E-15,0.999922365546952));
#1808=DIRECTION('',(-0.999922365546952,4.29168516263455E-13,-0.0124604525996403));
#1809=ORIENTED_EDGE('',*,*,#3926,.F.);
#1810=ORIENTED_EDGE('',*,*,#3927,.F.);
#1811=ORIENTED_EDGE('',*,*,#3928,.T.);
#1812=ORIENTED_EDGE('',*,*,#3924,.T.);
#1813=CARTESIAN_POINT('',(1.01831450715939,0.768408209499319,-0.688100181488977));
#1814=DIRECTION('',(0.975115675643427,-4.19155170596556E-13,0.221696682687097));
#1815=DIRECTION('',(-0.221696682687097,9.21952111667278E-14,0.975115675643427));
#1816=ORIENTED_EDGE('',*,*,#3929,.F.);
#1817=ORIENTED_EDGE('',*,*,#3866,.F.);
#1818=ORIENTED_EDGE('',*,*,#3930,.T.);
#1819=ORIENTED_EDGE('',*,*,#3927,.T.);
#1820=CARTESIAN_POINT('',(0.90175101401115,0.76840820949937,-0.806898127873079));
#1821=DIRECTION('',(0.421090650449155,-1.77973900977133E-13,-0.907018557750782));
#1822=DIRECTION('',(0.907018557750782,-3.90533359101225E-13,0.421090650449155));
#1823=ORIENTED_EDGE('',*,*,#3925,.F.);
#1824=ORIENTED_EDGE('',*,*,#3928,.F.);
#1825=ORIENTED_EDGE('',*,*,#3930,.F.);
#1826=ORIENTED_EDGE('',*,*,#3865,.F.);
#1827=CARTESIAN_POINT('',(1.01831450715939,0.768408209499319,-0.688100181488977));
#1828=DIRECTION('',(-4.29E-13,-1.0,-3.26943875618435E-15));
#1829=DIRECTION('',(-0.830899922755727,3.58275254150323E-13,-0.556421888825851));
#1830=ORIENTED_EDGE('',*,*,#3923,.T.);
#1831=ORIENTED_EDGE('',*,*,#3867,.T.);
#1832=ORIENTED_EDGE('',*,*,#3929,.T.);
#1833=ORIENTED_EDGE('',*,*,#3926,.T.);
#1834=CARTESIAN_POINT('',(1.01831450715935,0.668408209499319,-0.688100181488978));
#1835=DIRECTION('',(-4.29E-13,-1.0,-3.26943875618435E-15));
#1836=DIRECTION('',(-0.830899922755727,3.58275254150323E-13,-0.556421888825851));
#1837=ORIENTED_EDGE('',*,*,#3912,.T.);
#1838=ORIENTED_EDGE('',*,*,#3859,.F.);
#1839=ORIENTED_EDGE('',*,*,#3889,.T.);
#1840=ORIENTED_EDGE('',*,*,#3893,.T.);
#1841=ORIENTED_EDGE('',*,*,#3868,.F.);
#1842=ORIENTED_EDGE('',*,*,#3931,.T.);
#1843=CARTESIAN_POINT('',(-0.428362308410847,0.718408209499934,1.40606094147568));
#1844=DIRECTION('',(0.973613592750179,-4.17149892255316E-13,-0.228202918500373));
#1845=DIRECTION('',(0.228202918500373,-1.00881025923033E-13,0.973613592750179));
#1846=ORIENTED_EDGE('',*,*,#3932,.T.);
#1847=ORIENTED_EDGE('',*,*,#3921,.T.);
#1848=ORIENTED_EDGE('',*,*,#3933,.F.);
#1849=ORIENTED_EDGE('',*,*,#3934,.T.);
#1850=ORIENTED_EDGE('',*,*,#3935,.F.);
#1851=ORIENTED_EDGE('',*,*,#3936,.F.);
#1852=ORIENTED_EDGE('',*,*,#3937,.F.);
#1853=ORIENTED_EDGE('',*,*,#3938,.T.);
#1854=CARTESIAN_POINT('',(0.517383732869356,-0.701591790500465,-0.854721893441225));
#1855=DIRECTION('',(-0.338880896367458,1.4259016746877E-13,0.940829282110834));
#1856=DIRECTION('',(-0.940829282110835,4.04795081666185E-13,-0.338880896367458));
#1857=ORIENTED_EDGE('',*,*,#3939,.T.);
#1858=ORIENTED_EDGE('',*,*,#3919,.T.);
#1859=ORIENTED_EDGE('',*,*,#3940,.F.);
#1860=ORIENTED_EDGE('',*,*,#3941,.T.);
#1861=ORIENTED_EDGE('',*,*,#3942,.T.);
#1862=ORIENTED_EDGE('',*,*,#3943,.F.);
#1863=ORIENTED_EDGE('',*,*,#3944,.F.);
#1864=ORIENTED_EDGE('',*,*,#3945,.T.);
#1865=CARTESIAN_POINT('',(0.510606114942005,-0.701591790500462,-0.835905307799009));
#1866=DIRECTION('',(0.338880896367459,-1.4259016746877E-13,-0.940829282110834));
#1867=DIRECTION('',(0.940829282110834,-4.04795081666185E-13,0.338880896367459));
#1868=ORIENTED_EDGE('',*,*,#3896,.T.);
#1869=ORIENTED_EDGE('',*,*,#3880,.T.);
#1870=ORIENTED_EDGE('',*,*,#3916,.T.);
#1871=ORIENTED_EDGE('',*,*,#3932,.F.);
#1872=ORIENTED_EDGE('',*,*,#3946,.T.);
#1873=ORIENTED_EDGE('',*,*,#3947,.F.);
#1874=ORIENTED_EDGE('',*,*,#3948,.F.);
#1875=ORIENTED_EDGE('',*,*,#3837,.T.);
#1876=CARTESIAN_POINT('',(-0.0313202205711107,-0.701591790500234,0.668635581531346));
#1877=DIRECTION('',(-4.29E-13,-1.0,-3.26943875618431E-15));
#1878=DIRECTION('',(-0.830899922755727,3.58275254150323E-13,-0.556421888825851));
#1879=ORIENTED_EDGE('',*,*,#3918,.T.);
#1880=ORIENTED_EDGE('',*,*,#3873,.T.);
#1881=ORIENTED_EDGE('',*,*,#3908,.T.);
#1882=ORIENTED_EDGE('',*,*,#3833,.F.);
#1883=ORIENTED_EDGE('',*,*,#3949,.F.);
#1884=ORIENTED_EDGE('',*,*,#3950,.F.);
#1885=ORIENTED_EDGE('',*,*,#3951,.T.);
#1886=ORIENTED_EDGE('',*,*,#3940,.T.);
#1887=CARTESIAN_POINT('',(-0.0313202205711107,-0.701591790500234,0.668635581531346));
#1888=DIRECTION('',(-4.29E-13,-1.0,-3.26943875618432E-15));
#1889=DIRECTION('',(-0.830899922755727,3.58275254150323E-13,-0.556421888825851));
#1890=ORIENTED_EDGE('',*,*,#3952,.F.);
#1891=ORIENTED_EDGE('',*,*,#3953,.T.);
#1892=ORIENTED_EDGE('',*,*,#3903,.T.);
#1893=ORIENTED_EDGE('',*,*,#3841,.F.);
#1894=CARTESIAN_POINT('',(-0.275943485851867,-0.701591790500128,0.43311258106135));
#1895=DIRECTION('',(-0.884510091007831,3.81010927984616E-13,-0.466521059444607));
#1896=DIRECTION('',(0.466521059444607,-1.975390765297E-13,-0.884510091007831));
#1897=ORIENTED_EDGE('',*,*,#3839,.T.);
#1898=ORIENTED_EDGE('',*,*,#3902,.T.);
#1899=ORIENTED_EDGE('',*,*,#3954,.F.);
#1900=ORIENTED_EDGE('',*,*,#3955,.F.);
#1901=CARTESIAN_POINT('',(-0.393648337585844,-0.701591790500078,0.506230671721379));
#1902=DIRECTION('',(-4.29E-13,-1.0,-3.26943875618435E-15));
#1903=DIRECTION('',(-0.830899922755727,3.58275254150323E-13,-0.556421888825851));
#1904=ORIENTED_EDGE('',*,*,#3956,.F.);
#1905=ORIENTED_EDGE('',*,*,#3954,.T.);
#1906=ORIENTED_EDGE('',*,*,#3901,.T.);
#1907=ORIENTED_EDGE('',*,*,#3957,.F.);
#1908=CARTESIAN_POINT('',(-0.390971820622134,-0.70159179050008,0.576179483412093));
#1909=DIRECTION('',(-0.038235956624452,1.94316054774684E-14,-0.999268738438771));
#1910=DIRECTION('',(0.999268738438771,-4.28734681019011E-13,-0.038235956624452));
#1911=ORIENTED_EDGE('',*,*,#3958,.F.);
#1912=ORIENTED_EDGE('',*,*,#3957,.T.);
#1913=ORIENTED_EDGE('',*,*,#3900,.T.);
#1914=ORIENTED_EDGE('',*,*,#3959,.F.);
#1915=CARTESIAN_POINT('',(-0.53542651893067,-0.701591790500017,0.511655663201313));
#1916=DIRECTION('',(-4.29E-13,-1.0,-3.26943875618439E-15));
#1917=DIRECTION('',(-0.830899922755727,3.58275254150323E-13,-0.556421888825851));
#1918=ORIENTED_EDGE('',*,*,#3960,.F.);
#1919=ORIENTED_EDGE('',*,*,#3959,.T.);
#1920=ORIENTED_EDGE('',*,*,#3899,.T.);
#1921=ORIENTED_EDGE('',*,*,#3961,.F.);
#1922=CARTESIAN_POINT('',(-0.603579470423183,-0.701591790499988,0.527629867496339));
#1923=DIRECTION('',(0.973613592750179,-4.17149892255316E-13,-0.228202918500374));
#1924=DIRECTION('',(0.228202918500374,-1.00881025923033E-13,0.973613592750179));
#1925=ORIENTED_EDGE('',*,*,#3962,.F.);
#1926=ORIENTED_EDGE('',*,*,#3963,.T.);
#1927=ORIENTED_EDGE('',*,*,#3964,.T.);
#1928=ORIENTED_EDGE('',*,*,#3905,.T.);
#1929=CARTESIAN_POINT('',(-0.263411334574574,-0.701591790500134,0.441504883303522));
#1930=DIRECTION('',(-0.830899922755727,3.58275254150323E-13,-0.556421888825851));
#1931=DIRECTION('',(-4.29E-13,-1.0,-3.26943875618433E-15));
#1932=ORIENTED_EDGE('',*,*,#3965,.F.);
#1933=ORIENTED_EDGE('',*,*,#3966,.F.);
#1934=ORIENTED_EDGE('',*,*,#3967,.F.);
#1935=ORIENTED_EDGE('',*,*,#3968,.T.);
#1936=ORIENTED_EDGE('',*,*,#3906,.T.);
#1937=ORIENTED_EDGE('',*,*,#3964,.F.);
#1938=ORIENTED_EDGE('',*,*,#3969,.T.);
#1939=ORIENTED_EDGE('',*,*,#3970,.F.);
#1940=ORIENTED_EDGE('',*,*,#3971,.F.);
#1941=ORIENTED_EDGE('',*,*,#3972,.F.);
#1942=ORIENTED_EDGE('',*,*,#3973,.T.);
#1943=ORIENTED_EDGE('',*,*,#3974,.T.);
#1944=CARTESIAN_POINT('',(-0.252282896798057,-0.701591790500139,0.424886884848407));
#1945=DIRECTION('',(-0.556421888825851,2.36283423590032E-13,0.830899922755726));
#1946=DIRECTION('',(-0.830899922755727,3.58275254150323E-13,-0.556421888825851));
#1947=ORIENTED_EDGE('',*,*,#3835,.T.);
#1948=ORIENTED_EDGE('',*,*,#3975,.F.);
#1949=ORIENTED_EDGE('',*,*,#3976,.T.);
#1950=ORIENTED_EDGE('',*,*,#3977,.F.);
#1951=ORIENTED_EDGE('',*,*,#3978,.T.);
#1952=ORIENTED_EDGE('',*,*,#3979,.T.);
#1953=ORIENTED_EDGE('',*,*,#3980,.T.);
#1954=ORIENTED_EDGE('',*,*,#3981,.F.);
#1955=ORIENTED_EDGE('',*,*,#3982,.F.);
#1956=ORIENTED_EDGE('',*,*,#3983,.T.);
#1957=ORIENTED_EDGE('',*,*,#3984,.T.);
#1958=ORIENTED_EDGE('',*,*,#3897,.T.);
#1959=CARTESIAN_POINT('',(-0.525285339952871,-0.701591790500019,-0.335619305811145));
#1960=DIRECTION('',(-4.29E-13,-1.0,-3.2694387561843E-15));
#1961=DIRECTION('',(-0.830899922755727,3.58275254150323E-13,-0.556421888825851));
#1962=ORIENTED_EDGE('',*,*,#3831,.T.);
#1963=ORIENTED_EDGE('',*,*,#3907,.T.);
#1964=ORIENTED_EDGE('',*,*,#3968,.F.);
#1965=ORIENTED_EDGE('',*,*,#3985,.F.);
#1966=ORIENTED_EDGE('',*,*,#3986,.F.);
#1967=ORIENTED_EDGE('',*,*,#3987,.T.);
#1968=ORIENTED_EDGE('',*,*,#3988,.F.);
#1969=ORIENTED_EDGE('',*,*,#3989,.F.);
#1970=ORIENTED_EDGE('',*,*,#3990,.T.);
#1971=ORIENTED_EDGE('',*,*,#3991,.T.);
#1972=ORIENTED_EDGE('',*,*,#3992,.F.);
#1973=ORIENTED_EDGE('',*,*,#3993,.T.);
#1974=CARTESIAN_POINT('',(-0.525285339952871,-0.701591790500019,-0.335619305811145));
#1975=DIRECTION('',(-4.29E-13,-1.0,-3.26943875618435E-15));
#1976=DIRECTION('',(-0.830899922755727,3.58275254150323E-13,-0.556421888825851));
#1977=ORIENTED_EDGE('',*,*,#3984,.F.);
#1978=ORIENTED_EDGE('',*,*,#3994,.T.);
#1979=ORIENTED_EDGE('',*,*,#3961,.T.);
#1980=ORIENTED_EDGE('',*,*,#3898,.T.);
#1981=CARTESIAN_POINT('',(-0.263411334574574,-0.701591790500134,0.441504883303522));
#1982=DIRECTION('',(0.556421888825851,-2.36283423590032E-13,-0.830899922755726));
#1983=DIRECTION('',(0.830899922755727,-3.58275254150323E-13,0.556421888825851));
#1984=ORIENTED_EDGE('',*,*,#3953,.F.);
#1985=ORIENTED_EDGE('',*,*,#3995,.T.);
#1986=ORIENTED_EDGE('',*,*,#3962,.T.);
#1987=ORIENTED_EDGE('',*,*,#3904,.T.);
#1988=CARTESIAN_POINT('',(-0.263411334574574,-0.701591790500134,0.441504883303522));
#1989=DIRECTION('',(0.556421888825851,-2.36283423590032E-13,-0.830899922755726));
#1990=DIRECTION('',(0.830899922755727,-3.58275254150323E-13,0.556421888825851));
#1991=ORIENTED_EDGE('',*,*,#3933,.T.);
#1992=ORIENTED_EDGE('',*,*,#3920,.T.);
#1993=ORIENTED_EDGE('',*,*,#3939,.F.);
#1994=ORIENTED_EDGE('',*,*,#3996,.T.);
#1995=CARTESIAN_POINT('',(0.745813435469715,-0.701591790500563,-0.751185083707144));
#1996=DIRECTION('',(-0.958696380733365,4.12298327566255E-13,-0.284431449682955));
#1997=DIRECTION('',(0.284431449682955,-1.19168381234177E-13,-0.958696380733365));
#1998=ORIENTED_EDGE('',*,*,#3827,.T.);
#1999=ORIENTED_EDGE('',*,*,#3914,.F.);
#2000=ORIENTED_EDGE('',*,*,#3997,.F.);
#2001=ORIENTED_EDGE('',*,*,#3871,.T.);
#2002=CARTESIAN_POINT('',(-0.525285339952262,0.718408209499981,-0.33561930581114));
#2003=DIRECTION('',(4.29E-13,1.0,3.26943875618435E-15));
#2004=DIRECTION('',(0.830899922755727,-3.58275254150323E-13,0.556421888825851));
#2005=ORIENTED_EDGE('',*,*,#3913,.F.);
#2006=ORIENTED_EDGE('',*,*,#3931,.F.);
#2007=ORIENTED_EDGE('',*,*,#3872,.T.);
#2008=ORIENTED_EDGE('',*,*,#3997,.T.);
#2009=CARTESIAN_POINT('',(-1.24954915437804,0.718408209500289,0.531757156351293));
#2010=DIRECTION('',(4.29E-13,1.0,3.26943875618432E-15));
#2011=DIRECTION('',(0.830899922755727,-3.58275254150323E-13,0.556421888825851));
#2012=ORIENTED_EDGE('',*,*,#3998,.T.);
#2013=ORIENTED_EDGE('',*,*,#3999,.T.);
#2014=ORIENTED_EDGE('',*,*,#4000,.T.);
#2015=ORIENTED_EDGE('',*,*,#4001,.T.);
#2016=CARTESIAN_POINT('',(1.01831450715873,-0.77159179050068,-0.688100181488982));
#2017=DIRECTION('',(4.29E-13,1.0,3.26943875618435E-15));
#2018=DIRECTION('',(-0.830899922755727,3.58275254150323E-13,-0.556421888825851));
#2019=ORIENTED_EDGE('',*,*,#4002,.F.);
#2020=ORIENTED_EDGE('',*,*,#4003,.F.);
#2021=ORIENTED_EDGE('',*,*,#4004,.F.);
#2022=ORIENTED_EDGE('',*,*,#4005,.F.);
#2023=CARTESIAN_POINT('',(1.01831450715877,-0.67159179050068,-0.688100181488982));
#2024=DIRECTION('',(4.29E-13,1.0,3.26943875618435E-15));
#2025=DIRECTION('',(-0.830899922755727,3.58275254150323E-13,-0.556421888825851));
#2026=ORIENTED_EDGE('',*,*,#4003,.T.);
#2027=ORIENTED_EDGE('',*,*,#4006,.F.);
#2028=ORIENTED_EDGE('',*,*,#4001,.F.);
#2029=ORIENTED_EDGE('',*,*,#4007,.T.);
#2030=CARTESIAN_POINT('',(1.01831450715873,-0.77159179050068,-0.688100181488982));
#2031=DIRECTION('',(-0.975115675643427,4.19155170596556E-13,-0.221696682687097));
#2032=DIRECTION('',(0.221696682687097,-9.21952111667278E-14,-0.975115675643427));
#2033=ORIENTED_EDGE('',*,*,#4004,.T.);
#2034=ORIENTED_EDGE('',*,*,#4007,.F.);
#2035=ORIENTED_EDGE('',*,*,#4000,.F.);
#2036=ORIENTED_EDGE('',*,*,#4008,.T.);
#2037=CARTESIAN_POINT('',(0.90175101401049,-0.77159179050063,-0.806898127873084));
#2038=DIRECTION('',(-0.421090650449155,1.77973900977133E-13,0.907018557750782));
#2039=DIRECTION('',(-0.907018557750782,3.90533359101225E-13,-0.421090650449155));
#2040=ORIENTED_EDGE('',*,*,#4002,.T.);
#2041=ORIENTED_EDGE('',*,*,#4009,.F.);
#2042=ORIENTED_EDGE('',*,*,#3998,.F.);
#2043=ORIENTED_EDGE('',*,*,#4006,.T.);
#2044=CARTESIAN_POINT('',(0.875147412088038,-0.771591790500619,-0.689884246795873));
#2045=DIRECTION('',(0.0124604525996404,-2.32349911327302E-15,-0.999922365546952));
#2046=DIRECTION('',(0.999922365546952,-4.29168516263455E-13,0.0124604525996403));
#2047=ORIENTED_EDGE('',*,*,#4010,.T.);
#2048=ORIENTED_EDGE('',*,*,#4011,.T.);
#2049=ORIENTED_EDGE('',*,*,#4012,.T.);
#2050=ORIENTED_EDGE('',*,*,#4013,.T.);
#2051=CARTESIAN_POINT('',(1.12959547996426,-0.0515917905007281,-0.726494174940065));
#2052=DIRECTION('',(-4.29E-13,-1.0,-3.26943875618435E-15));
#2053=DIRECTION('',(0.830899922755727,-3.58275254150323E-13,0.556421888825851));
#2054=ORIENTED_EDGE('',*,*,#4014,.F.);
#2055=ORIENTED_EDGE('',*,*,#4015,.F.);
#2056=ORIENTED_EDGE('',*,*,#4016,.F.);
#2057=ORIENTED_EDGE('',*,*,#4017,.F.);
#2058=CARTESIAN_POINT('',(1.1295954799643,0.0484082094992719,-0.726494174940064));
#2059=DIRECTION('',(-4.29E-13,-1.0,-3.26943875618435E-15));
#2060=DIRECTION('',(0.830899922755727,-3.58275254150323E-13,0.556421888825851));
#2061=ORIENTED_EDGE('',*,*,#4016,.T.);
#2062=ORIENTED_EDGE('',*,*,#4018,.F.);
#2063=ORIENTED_EDGE('',*,*,#4012,.F.);
#2064=ORIENTED_EDGE('',*,*,#4019,.T.);
#2065=CARTESIAN_POINT('',(0.973126583932338,-0.0515917905006611,-0.669771299708351));
#2066=DIRECTION('',(0.0124604525996398,-2.32349911327282E-15,-0.999922365546952));
#2067=DIRECTION('',(0.999922365546952,-4.29168516263455E-13,0.0124604525996398));
#2068=ORIENTED_EDGE('',*,*,#4017,.T.);
#2069=ORIENTED_EDGE('',*,*,#4019,.F.);
#2070=ORIENTED_EDGE('',*,*,#4011,.F.);
#2071=ORIENTED_EDGE('',*,*,#4020,.T.);
#2072=CARTESIAN_POINT('',(1.12959547996426,-0.0515917905007281,-0.726494174940065));
#2073=DIRECTION('',(-0.975115675643427,4.19155170596555E-13,-0.221696682687097));
#2074=DIRECTION('',(0.221696682687097,-9.21952111667278E-14,-0.975115675643427));
#2075=ORIENTED_EDGE('',*,*,#4014,.T.);
#2076=ORIENTED_EDGE('',*,*,#4020,.F.);
#2077=ORIENTED_EDGE('',*,*,#4010,.F.);
#2078=ORIENTED_EDGE('',*,*,#4021,.T.);
#2079=CARTESIAN_POINT('',(0.999730185854789,-0.0515917905006722,-0.786785180785562));
#2080=DIRECTION('',(-0.421090650449156,1.77973900977134E-13,0.907018557750781));
#2081=DIRECTION('',(-0.907018557750781,3.90533359101225E-13,-0.421090650449156));
#2082=ORIENTED_EDGE('',*,*,#4022,.T.);
#2083=ORIENTED_EDGE('',*,*,#3936,.T.);
#2084=ORIENTED_EDGE('',*,*,#4023,.T.);
#2085=ORIENTED_EDGE('',*,*,#4024,.T.);
#2086=ORIENTED_EDGE('',*,*,#4025,.T.);
#2087=ORIENTED_EDGE('',*,*,#4026,.T.);
#2088=ORIENTED_EDGE('',*,*,#4027,.T.);
#2089=ORIENTED_EDGE('',*,*,#3943,.T.);
#2090=CARTESIAN_POINT('',(1.19144827493596,-0.0665917905007523,-1.50081119884175));
#2091=DIRECTION('',(4.29E-13,1.0,3.26943875618435E-15));
#2092=DIRECTION('',(-0.830899922755727,3.58275254150323E-13,-0.556421888825851));
#2093=ORIENTED_EDGE('',*,*,#3934,.F.);
#2094=ORIENTED_EDGE('',*,*,#3996,.F.);
#2095=ORIENTED_EDGE('',*,*,#3945,.F.);
#2096=ORIENTED_EDGE('',*,*,#4028,.F.);
#2097=ORIENTED_EDGE('',*,*,#4029,.F.);
#2098=ORIENTED_EDGE('',*,*,#4030,.F.);
#2099=ORIENTED_EDGE('',*,*,#4031,.F.);
#2100=ORIENTED_EDGE('',*,*,#4032,.F.);
#2101=CARTESIAN_POINT('',(1.19144827493601,0.0634082094992477,-1.50081119884175));
#2102=DIRECTION('',(4.29E-13,1.0,3.26943875618435E-15));
#2103=DIRECTION('',(-0.830899922755727,3.58275254150323E-13,-0.556421888825851));
#2104=ORIENTED_EDGE('',*,*,#4023,.F.);
#2105=ORIENTED_EDGE('',*,*,#3935,.T.);
#2106=ORIENTED_EDGE('',*,*,#4032,.T.);
#2107=ORIENTED_EDGE('',*,*,#4033,.F.);
#2108=CARTESIAN_POINT('',(1.19144827493596,-0.0665917905007523,-1.50081119884175));
#2109=DIRECTION('',(-4.29E-13,-1.0,-3.26943875618437E-15));
#2110=DIRECTION('',(-0.830899922755727,3.58275254150323E-13,-0.556421888825851));
#2111=ORIENTED_EDGE('',*,*,#4021,.F.);
#2112=ORIENTED_EDGE('',*,*,#4013,.F.);
#2113=ORIENTED_EDGE('',*,*,#4018,.T.);
#2114=ORIENTED_EDGE('',*,*,#4015,.T.);
#2115=ORIENTED_EDGE('',*,*,#4029,.T.);
#2116=ORIENTED_EDGE('',*,*,#4034,.F.);
#2117=ORIENTED_EDGE('',*,*,#4026,.F.);
#2118=ORIENTED_EDGE('',*,*,#4035,.T.);
#2119=CARTESIAN_POINT('',(1.00369651522888,-0.0665917905006738,-0.804230773117241));
#2120=DIRECTION('',(-0.975115675643427,4.19155170596556E-13,-0.221696682687097));
#2121=DIRECTION('',(0.221696682687097,-9.21952111667278E-14,-0.975115675643427));
#2122=ORIENTED_EDGE('',*,*,#4030,.T.);
#2123=ORIENTED_EDGE('',*,*,#4035,.F.);
#2124=ORIENTED_EDGE('',*,*,#4025,.F.);
#2125=ORIENTED_EDGE('',*,*,#4036,.T.);
#2126=CARTESIAN_POINT('',(0.633152558484375,-0.0665917905005146,-0.888475512538338));
#2127=DIRECTION('',(-0.221696682687097,9.21952111667277E-14,0.975115675643427));
#2128=DIRECTION('',(-0.975115675643427,4.19155170596555E-13,-0.221696682687097));
#2129=ORIENTED_EDGE('',*,*,#4031,.T.);
#2130=ORIENTED_EDGE('',*,*,#4036,.F.);
#2131=ORIENTED_EDGE('',*,*,#4024,.F.);
#2132=ORIENTED_EDGE('',*,*,#4033,.T.);
#2133=CARTESIAN_POINT('',(0.633152558484375,-0.0665917905005146,-0.888475512538338));
#2134=DIRECTION('',(0.975115675643427,-4.19155170596556E-13,0.221696682687097));
#2135=DIRECTION('',(-0.221696682687097,9.21952111667276E-14,0.975115675643427));
#2136=ORIENTED_EDGE('',*,*,#4037,.T.);
#2137=ORIENTED_EDGE('',*,*,#4038,.T.);
#2138=ORIENTED_EDGE('',*,*,#4039,.T.);
#2139=ORIENTED_EDGE('',*,*,#4040,.T.);
#2140=CARTESIAN_POINT('',(1.13397199477352,-0.786591790500727,-1.83542845872774));
#2141=DIRECTION('',(4.29E-13,1.0,3.26943875618435E-15));
#2142=DIRECTION('',(-0.830899922755727,3.58275254150323E-13,-0.556421888825851));
#2143=ORIENTED_EDGE('',*,*,#3946,.F.);
#2144=ORIENTED_EDGE('',*,*,#3938,.F.);
#2145=ORIENTED_EDGE('',*,*,#4041,.F.);
#2146=ORIENTED_EDGE('',*,*,#3941,.F.);
#2147=ORIENTED_EDGE('',*,*,#3951,.F.);
#2148=ORIENTED_EDGE('',*,*,#4042,.F.);
#2149=ORIENTED_EDGE('',*,*,#4043,.F.);
#2150=ORIENTED_EDGE('',*,*,#4044,.F.);
#2151=ORIENTED_EDGE('',*,*,#4045,.F.);
#2152=CARTESIAN_POINT('',(1.13397199477358,-0.656591790500727,-1.83542845872774));
#2153=DIRECTION('',(4.29E-13,1.0,3.26943875618435E-15));
#2154=DIRECTION('',(-0.830899922755727,3.58275254150323E-13,-0.556421888825851));
#2155=ORIENTED_EDGE('',*,*,#4042,.T.);
#2156=ORIENTED_EDGE('',*,*,#3950,.T.);
#2157=ORIENTED_EDGE('',*,*,#4046,.T.);
#2158=ORIENTED_EDGE('',*,*,#4047,.F.);
#2159=ORIENTED_EDGE('',*,*,#4048,.F.);
#2160=ORIENTED_EDGE('',*,*,#4049,.F.);
#2161=ORIENTED_EDGE('',*,*,#4040,.F.);
#2162=ORIENTED_EDGE('',*,*,#4050,.T.);
#2163=CARTESIAN_POINT('',(1.13397199477352,-0.786591790500727,-1.83542845872774));
#2164=DIRECTION('',(-4.29E-13,-1.0,-3.26943875618437E-15));
#2165=DIRECTION('',(-0.830899922755727,3.58275254150323E-13,-0.556421888825851));
#2166=ORIENTED_EDGE('',*,*,#4043,.T.);
#2167=ORIENTED_EDGE('',*,*,#4050,.F.);
#2168=ORIENTED_EDGE('',*,*,#4039,.F.);
#2169=ORIENTED_EDGE('',*,*,#4051,.T.);
#2170=ORIENTED_EDGE('',*,*,#3999,.F.);
#2171=ORIENTED_EDGE('',*,*,#4009,.T.);
#2172=ORIENTED_EDGE('',*,*,#4005,.T.);
#2173=ORIENTED_EDGE('',*,*,#4008,.F.);
#2174=CARTESIAN_POINT('',(0.906184947664226,-0.786591790500632,-0.826400441385953));
#2175=DIRECTION('',(-0.975115675643427,4.19155170596555E-13,-0.221696682687097));
#2176=DIRECTION('',(0.221696682687097,-9.21952111667278E-14,-0.975115675643427));
#2177=ORIENTED_EDGE('',*,*,#4044,.T.);
#2178=ORIENTED_EDGE('',*,*,#4051,.F.);
#2179=ORIENTED_EDGE('',*,*,#4038,.F.);
#2180=ORIENTED_EDGE('',*,*,#4052,.T.);
#2181=CARTESIAN_POINT('',(0.438129423355381,-0.786591790500431,-0.93281484907576));
#2182=DIRECTION('',(-0.221696682687097,9.21952111667277E-14,0.975115675643427));
#2183=DIRECTION('',(-0.975115675643427,4.19155170596556E-13,-0.221696682687097));
#2184=ORIENTED_EDGE('',*,*,#4053,.T.);
#2185=ORIENTED_EDGE('',*,*,#3947,.T.);
#2186=ORIENTED_EDGE('',*,*,#4045,.T.);
#2187=ORIENTED_EDGE('',*,*,#4052,.F.);
#2188=ORIENTED_EDGE('',*,*,#4037,.F.);
#2189=ORIENTED_EDGE('',*,*,#4049,.T.);
#2190=ORIENTED_EDGE('',*,*,#4054,.F.);
#2191=ORIENTED_EDGE('',*,*,#4055,.T.);
#2192=CARTESIAN_POINT('',(0.438129423355381,-0.786591790500431,-0.93281484907576));
#2193=DIRECTION('',(0.975115675643427,-4.19155170596556E-13,0.221696682687097));
#2194=DIRECTION('',(-0.221696682687097,9.21952111667275E-14,0.975115675643427));
#2195=ORIENTED_EDGE('',*,*,#4056,.T.);
#2196=ORIENTED_EDGE('',*,*,#4054,.T.);
#2197=ORIENTED_EDGE('',*,*,#4048,.T.);
#2198=ORIENTED_EDGE('',*,*,#4057,.T.);
#2199=ORIENTED_EDGE('',*,*,#3820,.T.);
#2200=ORIENTED_EDGE('',*,*,#4058,.T.);
#2201=ORIENTED_EDGE('',*,*,#4059,.T.);
#2202=ORIENTED_EDGE('',*,*,#3824,.T.);
#2203=ORIENTED_EDGE('',*,*,#4060,.T.);
#2204=ORIENTED_EDGE('',*,*,#4061,.T.);
#2205=ORIENTED_EDGE('',*,*,#4062,.T.);
#2206=ORIENTED_EDGE('',*,*,#4063,.T.);
#2207=ORIENTED_EDGE('',*,*,#4064,.T.);
#2208=CARTESIAN_POINT('',(-0.0313202205711285,-0.741591790500234,0.668635581531346));
#2209=DIRECTION('',(-4.29E-13,-1.0,-3.26943875618435E-15));
#2210=DIRECTION('',(0.830899922755727,-3.58275254150323E-13,0.556421888825851));
#2211=ORIENTED_EDGE('',*,*,#4065,.T.);
#2212=ORIENTED_EDGE('',*,*,#4066,.F.);
#2213=ORIENTED_EDGE('',*,*,#4064,.F.);
#2214=ORIENTED_EDGE('',*,*,#4067,.T.);
#2215=CARTESIAN_POINT('',(-0.656483697223431,-0.741591790499965,0.432795190082553));
#2216=DIRECTION('',(0.88451009100783,-3.81010927984616E-13,0.466521059444609));
#2217=DIRECTION('',(-0.466521059444609,1.975390765297E-13,0.88451009100783));
#2218=ORIENTED_EDGE('',*,*,#4065,.F.);
#2219=ORIENTED_EDGE('',*,*,#4068,.F.);
#2220=ORIENTED_EDGE('',*,*,#4069,.T.);
#2221=ORIENTED_EDGE('',*,*,#4070,.T.);
#2222=ORIENTED_EDGE('',*,*,#3818,.T.);
#2223=ORIENTED_EDGE('',*,*,#4071,.T.);
#2224=CARTESIAN_POINT('',(1.63483128620557,-0.72159179050095,0.922474020310237));
#2225=DIRECTION('',(-4.29E-13,-1.0,-3.26943875618435E-15));
#2226=DIRECTION('',(0.830899922755727,-3.58275254150323E-13,0.556421888825851));
#2227=ORIENTED_EDGE('',*,*,#4053,.F.);
#2228=ORIENTED_EDGE('',*,*,#4072,.F.);
#2229=ORIENTED_EDGE('',*,*,#3816,.F.);
#2230=ORIENTED_EDGE('',*,*,#4073,.F.);
#2231=ORIENTED_EDGE('',*,*,#4074,.F.);
#2232=ORIENTED_EDGE('',*,*,#4075,.T.);
#2233=ORIENTED_EDGE('',*,*,#4076,.F.);
#2234=ORIENTED_EDGE('',*,*,#4077,.T.);
#2235=ORIENTED_EDGE('',*,*,#4078,.F.);
#2236=ORIENTED_EDGE('',*,*,#3826,.F.);
#2237=ORIENTED_EDGE('',*,*,#4079,.T.);
#2238=ORIENTED_EDGE('',*,*,#4080,.F.);
#2239=ORIENTED_EDGE('',*,*,#3822,.F.);
#2240=ORIENTED_EDGE('',*,*,#4081,.T.);
#2241=ORIENTED_EDGE('',*,*,#4046,.F.);
#2242=ORIENTED_EDGE('',*,*,#3949,.T.);
#2243=ORIENTED_EDGE('',*,*,#3832,.T.);
#2244=ORIENTED_EDGE('',*,*,#3985,.T.);
#2245=ORIENTED_EDGE('',*,*,#3967,.T.);
#2246=ORIENTED_EDGE('',*,*,#4082,.T.);
#2247=ORIENTED_EDGE('',*,*,#4083,.T.);
#2248=ORIENTED_EDGE('',*,*,#4084,.T.);
#2249=ORIENTED_EDGE('',*,*,#3776,.T.);
#2250=ORIENTED_EDGE('',*,*,#4085,.T.);
#2251=ORIENTED_EDGE('',*,*,#4086,.T.);
#2252=ORIENTED_EDGE('',*,*,#4087,.T.);
#2253=ORIENTED_EDGE('',*,*,#4088,.T.);
#2254=ORIENTED_EDGE('',*,*,#4089,.T.);
#2255=ORIENTED_EDGE('',*,*,#3975,.T.);
#2256=ORIENTED_EDGE('',*,*,#3838,.T.);
#2257=ORIENTED_EDGE('',*,*,#3948,.T.);
#2258=CARTESIAN_POINT('',(1.63483128620557,-0.70159179050095,0.922474020310237));
#2259=DIRECTION('',(-4.29E-13,-1.0,-3.26943875618435E-15));
#2260=DIRECTION('',(0.830899922755727,-3.58275254150323E-13,0.556421888825851));
#2261=ORIENTED_EDGE('',*,*,#4074,.T.);
#2262=ORIENTED_EDGE('',*,*,#4090,.F.);
#2263=ORIENTED_EDGE('',*,*,#4069,.F.);
#2264=ORIENTED_EDGE('',*,*,#4091,.T.);
#2265=CARTESIAN_POINT('',(-1.24954915437866,-0.721591790499711,0.531757156351288));
#2266=DIRECTION('',(-4.29E-13,-1.0,-3.26943875618432E-15));
#2267=DIRECTION('',(-0.830899922755727,3.58275254150323E-13,-0.556421888825851));
#2268=ORIENTED_EDGE('',*,*,#4075,.F.);
#2269=ORIENTED_EDGE('',*,*,#4091,.F.);
#2270=ORIENTED_EDGE('',*,*,#4068,.T.);
#2271=ORIENTED_EDGE('',*,*,#4067,.F.);
#2272=ORIENTED_EDGE('',*,*,#4063,.F.);
#2273=ORIENTED_EDGE('',*,*,#4092,.T.);
#2274=CARTESIAN_POINT('',(-0.428362308411465,-0.721591790500066,1.40606094147568));
#2275=DIRECTION('',(-0.973613592750179,4.17149892255316E-13,0.228202918500373));
#2276=DIRECTION('',(-0.228202918500373,1.00881025923033E-13,-0.973613592750179));
#2277=ORIENTED_EDGE('',*,*,#4076,.T.);
#2278=ORIENTED_EDGE('',*,*,#4092,.F.);
#2279=ORIENTED_EDGE('',*,*,#4062,.F.);
#2280=ORIENTED_EDGE('',*,*,#4093,.T.);
#2281=CARTESIAN_POINT('',(-0.549838429755976,-0.721591790500011,0.537225414574814));
#2282=DIRECTION('',(-4.29E-13,-1.0,-3.26943875618441E-15));
#2283=DIRECTION('',(-0.830899922755727,3.58275254150323E-13,-0.556421888825851));
#2284=ORIENTED_EDGE('',*,*,#4077,.F.);
#2285=ORIENTED_EDGE('',*,*,#4093,.F.);
#2286=ORIENTED_EDGE('',*,*,#4061,.F.);
#2287=ORIENTED_EDGE('',*,*,#4094,.T.);
#2288=CARTESIAN_POINT('',(1.61997662375832,-0.721591790500942,0.534258290561821));
#2289=DIRECTION('',(0.0382359566244517,-1.94316054774682E-14,0.999268738438771));
#2290=DIRECTION('',(-0.999268738438771,4.28734681019011E-13,0.0382359566244517));
#2291=ORIENTED_EDGE('',*,*,#3823,.T.);
#2292=ORIENTED_EDGE('',*,*,#4078,.T.);
#2293=ORIENTED_EDGE('',*,*,#4094,.F.);
#2294=ORIENTED_EDGE('',*,*,#4060,.F.);
#2295=CARTESIAN_POINT('',(-0.378269236791983,-0.721591790500085,0.530660501686102));
#2296=DIRECTION('',(-4.29E-13,-1.0,-3.26943875618441E-15));
#2297=DIRECTION('',(-0.830899922755727,3.58275254150323E-13,-0.556421888825851));
#2298=ORIENTED_EDGE('',*,*,#4079,.F.);
#2299=ORIENTED_EDGE('',*,*,#3825,.F.);
#2300=ORIENTED_EDGE('',*,*,#4059,.F.);
#2301=ORIENTED_EDGE('',*,*,#4095,.T.);
#2302=CARTESIAN_POINT('',(-0.0310523520625292,-0.721591790500232,0.0438296636915949));
#2303=DIRECTION('',(0.88451009100783,-3.81010927984616E-13,0.466521059444608));
#2304=DIRECTION('',(-0.466521059444608,1.975390765297E-13,0.88451009100783));
#2305=ORIENTED_EDGE('',*,*,#3819,.T.);
#2306=ORIENTED_EDGE('',*,*,#4080,.T.);
#2307=ORIENTED_EDGE('',*,*,#4095,.F.);
#2308=ORIENTED_EDGE('',*,*,#4058,.F.);
#2309=CARTESIAN_POINT('',(0.730360065310848,-0.721591790500559,0.0578119551284432));
#2310=DIRECTION('',(-4.29E-13,-1.0,-3.26943875618436E-15));
#2311=DIRECTION('',(-0.830899922755727,3.58275254150323E-13,-0.556421888825851));
#2312=ORIENTED_EDGE('',*,*,#4057,.F.);
#2313=ORIENTED_EDGE('',*,*,#4047,.T.);
#2314=ORIENTED_EDGE('',*,*,#4081,.F.);
#2315=ORIENTED_EDGE('',*,*,#3821,.F.);
#2316=CARTESIAN_POINT('',(0.783777294340746,-0.72159179050058,-0.734117117123753));
#2317=DIRECTION('',(0.456962762484353,-1.98802120999062E-13,0.889485825464728));
#2318=DIRECTION('',(-0.889485825464728,3.80353428650485E-13,0.456962762484353));
#2319=ORIENTED_EDGE('',*,*,#4055,.F.);
#2320=ORIENTED_EDGE('',*,*,#4056,.F.);
#2321=ORIENTED_EDGE('',*,*,#4066,.T.);
#2322=ORIENTED_EDGE('',*,*,#4071,.F.);
#2323=ORIENTED_EDGE('',*,*,#3817,.T.);
#2324=ORIENTED_EDGE('',*,*,#4072,.T.);
#2325=CARTESIAN_POINT('',(-0.0313202205711196,-0.721591790500234,0.668635581531346));
#2326=DIRECTION('',(-4.29E-13,-1.0,-3.26943875618432E-15));
#2327=DIRECTION('',(-0.830899922755727,3.58275254150323E-13,-0.556421888825851));
#2328=ORIENTED_EDGE('',*,*,#3815,.T.);
#2329=ORIENTED_EDGE('',*,*,#4070,.F.);
#2330=ORIENTED_EDGE('',*,*,#4090,.T.);
#2331=ORIENTED_EDGE('',*,*,#4073,.T.);
#2332=CARTESIAN_POINT('',(-0.52528533995288,-0.721591790500019,-0.335619305811145));
#2333=DIRECTION('',(-4.29E-13,-1.0,-3.26943875618435E-15));
#2334=DIRECTION('',(-0.830899922755727,3.58275254150323E-13,-0.556421888825851));
#2335=ORIENTED_EDGE('',*,*,#4096,.F.);
#2336=ORIENTED_EDGE('',*,*,#3976,.F.);
#2337=ORIENTED_EDGE('',*,*,#4089,.F.);
#2338=ORIENTED_EDGE('',*,*,#4097,.T.);
#2339=CARTESIAN_POINT('',(-0.263411334574574,-0.701591790500134,0.441504883303522));
#2340=DIRECTION('',(0.556421888825851,-2.36283423590032E-13,-0.830899922755726));
#2341=DIRECTION('',(0.830899922755727,-3.58275254150323E-13,0.556421888825851));
#2342=ORIENTED_EDGE('',*,*,#4098,.F.);
#2343=ORIENTED_EDGE('',*,*,#4099,.F.);
#2344=ORIENTED_EDGE('',*,*,#4082,.F.);
#2345=ORIENTED_EDGE('',*,*,#3966,.T.);
#2346=CARTESIAN_POINT('',(-0.263411334574574,-0.701591790500134,0.441504883303522));
#2347=DIRECTION('',(-0.830899922755727,3.58275254150323E-13,-0.556421888825851));
#2348=DIRECTION('',(-4.29E-13,-1.0,-3.26943875618433E-15));
#2349=ORIENTED_EDGE('',*,*,#4100,.T.);
#2350=ORIENTED_EDGE('',*,*,#4101,.T.);
#2351=ORIENTED_EDGE('',*,*,#4102,.T.);
#2352=ORIENTED_EDGE('',*,*,#4103,.T.);
#2353=ORIENTED_EDGE('',*,*,#4104,.F.);
#2354=ORIENTED_EDGE('',*,*,#4105,.F.);
#2355=ORIENTED_EDGE('',*,*,#4106,.F.);
#2356=ORIENTED_EDGE('',*,*,#3806,.F.);
#2357=ORIENTED_EDGE('',*,*,#4107,.T.);
#2358=ORIENTED_EDGE('',*,*,#4108,.F.);
#2359=ORIENTED_EDGE('',*,*,#4109,.T.);
#2360=CARTESIAN_POINT('',(-1.019984358304,0.520908209500191,0.241681714697167));
#2361=DIRECTION('',(-4.29E-13,-1.0,-3.26943875618435E-15));
#2362=DIRECTION('',(-0.830899922755727,3.58275254150323E-13,-0.556421888825851));
#2363=ORIENTED_EDGE('',*,*,#4110,.T.);
#2364=ORIENTED_EDGE('',*,*,#4111,.F.);
#2365=ORIENTED_EDGE('',*,*,#4112,.F.);
#2366=ORIENTED_EDGE('',*,*,#4102,.F.);
#2367=ORIENTED_EDGE('',*,*,#4113,.T.);
#2368=ORIENTED_EDGE('',*,*,#4114,.F.);
#2369=ORIENTED_EDGE('',*,*,#4115,.F.);
#2370=ORIENTED_EDGE('',*,*,#4116,.F.);
#2371=ORIENTED_EDGE('',*,*,#4117,.T.);
#2372=ORIENTED_EDGE('',*,*,#4118,.F.);
#2373=CARTESIAN_POINT('',(-0.692334000215762,0.545908209500052,-0.214808705713923));
#2374=DIRECTION('',(0.664259337591073,-2.87336976168328E-13,0.74750219559749));
#2375=DIRECTION('',(-0.74750219559749,3.18792214657678E-13,0.664259337591073));
#2376=ORIENTED_EDGE('',*,*,#4117,.F.);
#2377=ORIENTED_EDGE('',*,*,#4119,.F.);
#2378=ORIENTED_EDGE('',*,*,#4120,.F.);
#2379=ORIENTED_EDGE('',*,*,#4121,.F.);
#2380=ORIENTED_EDGE('',*,*,#4122,.F.);
#2381=ORIENTED_EDGE('',*,*,#4123,.F.);
#2382=ORIENTED_EDGE('',*,*,#4124,.F.);
#2383=ORIENTED_EDGE('',*,*,#3814,.F.);
#2384=ORIENTED_EDGE('',*,*,#4125,.F.);
#2385=ORIENTED_EDGE('',*,*,#4126,.F.);
#2386=ORIENTED_EDGE('',*,*,#4127,.F.);
#2387=CARTESIAN_POINT('',(0.499792594494314,0.545908209499537,1.12671138523062));
#2388=DIRECTION('',(4.29E-13,1.0,3.26943875618435E-15));
#2389=DIRECTION('',(0.830899922755727,-3.58275254150323E-13,0.556421888825851));
#2390=ORIENTED_EDGE('',*,*,#4118,.T.);
#2391=ORIENTED_EDGE('',*,*,#4127,.T.);
#2392=ORIENTED_EDGE('',*,*,#4128,.F.);
#2393=ORIENTED_EDGE('',*,*,#4129,.T.);
#2394=CARTESIAN_POINT('',(0.200012043151181,0.515908209499664,1.39310796791717));
#2395=DIRECTION('',(0.664259337591056,-2.8733697616832E-13,0.747502195597506));
#2396=DIRECTION('',(0.747502195597506,-3.18792214657684E-13,-0.664259337591056));
#2397=ORIENTED_EDGE('',*,*,#4130,.F.);
#2398=ORIENTED_EDGE('',*,*,#4131,.T.);
#2399=ORIENTED_EDGE('',*,*,#4128,.T.);
#2400=ORIENTED_EDGE('',*,*,#4126,.T.);
#2401=CARTESIAN_POINT('',(-0.957190186127043,0.515908209500165,0.123509597458044));
#2402=DIRECTION('',(4.29E-13,1.0,3.26943875618432E-15));
#2403=DIRECTION('',(0.830899922755727,-3.58275254150323E-13,0.556421888825851));
#2404=ORIENTED_EDGE('',*,*,#3813,.F.);
#2405=ORIENTED_EDGE('',*,*,#4132,.T.);
#2406=ORIENTED_EDGE('',*,*,#4130,.T.);
#2407=ORIENTED_EDGE('',*,*,#4125,.T.);
#2408=CARTESIAN_POINT('',(-0.213695641387973,0.515908209499842,1.49954414522437));
#2409=DIRECTION('',(0.463130302290195,-2.01439343405415E-13,0.886290202529957));
#2410=DIRECTION('',(0.886290202529957,-3.78963329265907E-13,-0.463130302290195));
#2411=ORIENTED_EDGE('',*,*,#3811,.T.);
#2412=ORIENTED_EDGE('',*,*,#4124,.T.);
#2413=ORIENTED_EDGE('',*,*,#4133,.F.);
#2414=ORIENTED_EDGE('',*,*,#3808,.T.);
#2415=CARTESIAN_POINT('',(-0.94716565347839,0.51590820950016,0.142693496735436));
#2416=DIRECTION('',(4.29E-13,1.0,3.2694387561843E-15));
#2417=DIRECTION('',(0.830899922755727,-3.58275254150323E-13,0.556421888825851));
#2418=ORIENTED_EDGE('',*,*,#4134,.F.);
#2419=ORIENTED_EDGE('',*,*,#4135,.T.);
#2420=ORIENTED_EDGE('',*,*,#4133,.T.);
#2421=ORIENTED_EDGE('',*,*,#4123,.T.);
#2422=CARTESIAN_POINT('',(-0.612869977113125,0.515908209500018,-0.125386505108339));
#2423=DIRECTION('',(-0.747502195597506,3.18792214657684E-13,0.664259337591056));
#2424=DIRECTION('',(0.664259337591056,-2.87336976168321E-13,0.747502195597506));
#2425=ORIENTED_EDGE('',*,*,#4136,.F.);
#2426=ORIENTED_EDGE('',*,*,#4137,.T.);
#2427=ORIENTED_EDGE('',*,*,#4134,.T.);
#2428=ORIENTED_EDGE('',*,*,#4122,.T.);
#2429=CARTESIAN_POINT('',(-1.01688341257905,0.51590820950019,0.20464739165546));
#2430=DIRECTION('',(4.29E-13,1.0,3.26943875618435E-15));
#2431=DIRECTION('',(0.830899922755727,-3.58275254150323E-13,0.556421888825851));
#2432=ORIENTED_EDGE('',*,*,#4138,.F.);
#2433=ORIENTED_EDGE('',*,*,#4139,.T.);
#2434=ORIENTED_EDGE('',*,*,#4136,.T.);
#2435=ORIENTED_EDGE('',*,*,#4121,.T.);
#2436=CARTESIAN_POINT('',(0.434459950362781,0.515908209499564,1.22234832973702));
#2437=DIRECTION('',(-0.825722126740751,3.56076281482857E-13,-0.564077095272207));
#2438=DIRECTION('',(-0.564077095272207,2.39584423043833E-13,0.825722126740751));
#2439=ORIENTED_EDGE('',*,*,#4140,.F.);
#2440=ORIENTED_EDGE('',*,*,#4141,.T.);
#2441=ORIENTED_EDGE('',*,*,#4138,.T.);
#2442=ORIENTED_EDGE('',*,*,#4120,.T.);
#2443=CARTESIAN_POINT('',(-1.03475630575251,0.515908209500198,0.192437848833597));
#2444=DIRECTION('',(4.29E-13,1.0,3.26943875618433E-15));
#2445=DIRECTION('',(0.830899922755727,-3.58275254150323E-13,0.556421888825851));
#2446=ORIENTED_EDGE('',*,*,#4116,.T.);
#2447=ORIENTED_EDGE('',*,*,#4142,.T.);
#2448=ORIENTED_EDGE('',*,*,#4143,.T.);
#2449=ORIENTED_EDGE('',*,*,#4140,.T.);
#2450=ORIENTED_EDGE('',*,*,#4119,.T.);
#2451=CARTESIAN_POINT('',(0.0900512196954732,0.515908209499711,1.49082340498191));
#2452=DIRECTION('',(-0.664259337591071,2.87336976168327E-13,-0.747502195597492));
#2453=DIRECTION('',(-0.747502195597492,3.18792214657679E-13,0.664259337591071));
#2454=ORIENTED_EDGE('',*,*,#4115,.T.);
#2455=ORIENTED_EDGE('',*,*,#4144,.F.);
#2456=ORIENTED_EDGE('',*,*,#4145,.F.);
#2457=ORIENTED_EDGE('',*,*,#4142,.F.);
#2458=CARTESIAN_POINT('',(-1.16807506093993,0.545908209500253,1.02836753100956));
#2459=DIRECTION('',(0.998266153535951,-4.28598061108183E-13,0.0588615893816831));
#2460=DIRECTION('',(-0.0588615893816831,2.2242212439658E-14,0.998266153535951));
#2461=ORIENTED_EDGE('',*,*,#4145,.T.);
#2462=ORIENTED_EDGE('',*,*,#4146,.T.);
#2463=ORIENTED_EDGE('',*,*,#4147,.F.);
#2464=ORIENTED_EDGE('',*,*,#4143,.F.);
#2465=CARTESIAN_POINT('',(0.0676261538275611,0.545908209499721,1.51075118510964));
#2466=DIRECTION('',(-0.747502195597492,3.18792214657679E-13,0.664259337591071));
#2467=DIRECTION('',(-0.664259337591071,2.87336976168327E-13,-0.747502195597492));
#2468=ORIENTED_EDGE('',*,*,#4147,.T.);
#2469=ORIENTED_EDGE('',*,*,#4148,.T.);
#2470=ORIENTED_EDGE('',*,*,#4149,.F.);
#2471=ORIENTED_EDGE('',*,*,#4141,.F.);
#2472=CARTESIAN_POINT('',(-1.0347563057525,0.545908209500198,0.192437848833597));
#2473=DIRECTION('',(4.29E-13,1.0,3.26943875618438E-15));
#2474=DIRECTION('',(-0.830899922755727,3.58275254150323E-13,-0.556421888825851));
#2475=ORIENTED_EDGE('',*,*,#4149,.T.);
#2476=ORIENTED_EDGE('',*,*,#4150,.T.);
#2477=ORIENTED_EDGE('',*,*,#4151,.F.);
#2478=ORIENTED_EDGE('',*,*,#4139,.F.);
#2479=CARTESIAN_POINT('',(0.417537637504628,0.545908209499571,1.24711999353924));
#2480=DIRECTION('',(-0.564077095272207,2.39584423043833E-13,0.825722126740751));
#2481=DIRECTION('',(-0.825722126740751,3.56076281482857E-13,-0.564077095272207));
#2482=ORIENTED_EDGE('',*,*,#4151,.T.);
#2483=ORIENTED_EDGE('',*,*,#4152,.F.);
#2484=ORIENTED_EDGE('',*,*,#4153,.F.);
#2485=ORIENTED_EDGE('',*,*,#4137,.F.);
#2486=CARTESIAN_POINT('',(-1.01688341257903,0.54590820950019,0.20464739165546));
#2487=DIRECTION('',(4.29E-13,1.0,3.26943875618434E-15));
#2488=DIRECTION('',(-0.830899922755727,3.58275254150323E-13,-0.556421888825851));
#2489=ORIENTED_EDGE('',*,*,#4153,.T.);
#2490=ORIENTED_EDGE('',*,*,#4154,.T.);
#2491=ORIENTED_EDGE('',*,*,#3809,.F.);
#2492=ORIENTED_EDGE('',*,*,#4135,.F.);
#2493=CARTESIAN_POINT('',(-0.59294219698538,0.545908209500009,-0.102961439240413));
#2494=DIRECTION('',(0.664259337591056,-2.8733697616832E-13,0.747502195597506));
#2495=DIRECTION('',(-0.747502195597506,3.18792214657684E-13,0.664259337591056));
#2496=ORIENTED_EDGE('',*,*,#3807,.T.);
#2497=ORIENTED_EDGE('',*,*,#4155,.F.);
#2498=ORIENTED_EDGE('',*,*,#4156,.F.);
#2499=ORIENTED_EDGE('',*,*,#3812,.F.);
#2500=CARTESIAN_POINT('',(-0.947165653478377,0.545908209500161,0.142693496735436));
#2501=DIRECTION('',(4.29E-13,1.0,3.26943875618441E-15));
#2502=DIRECTION('',(-0.830899922755727,3.58275254150323E-13,-0.556421888825851));
#2503=ORIENTED_EDGE('',*,*,#4156,.T.);
#2504=ORIENTED_EDGE('',*,*,#4157,.F.);
#2505=ORIENTED_EDGE('',*,*,#4158,.F.);
#2506=ORIENTED_EDGE('',*,*,#4132,.F.);
#2507=CARTESIAN_POINT('',(-0.187106935312062,0.54590820949983,1.48565023615566));
#2508=DIRECTION('',(-0.886290202529957,3.78963329265907E-13,0.463130302290195));
#2509=DIRECTION('',(-0.463130302290195,2.01439343405415E-13,-0.886290202529957));
#2510=ORIENTED_EDGE('',*,*,#4158,.T.);
#2511=ORIENTED_EDGE('',*,*,#4159,.F.);
#2512=ORIENTED_EDGE('',*,*,#4160,.F.);
#2513=ORIENTED_EDGE('',*,*,#4131,.F.);
#2514=CARTESIAN_POINT('',(-0.957190186127031,0.545908209500165,0.123509597458044));
#2515=DIRECTION('',(4.29E-13,1.0,3.26943875618438E-15));
#2516=DIRECTION('',(-0.830899922755727,3.58275254150323E-13,-0.556421888825851));
#2517=ORIENTED_EDGE('',*,*,#4160,.T.);
#2518=ORIENTED_EDGE('',*,*,#4161,.F.);
#2519=ORIENTED_EDGE('',*,*,#4110,.F.);
#2520=ORIENTED_EDGE('',*,*,#4129,.F.);
#2521=CARTESIAN_POINT('',(0.222437109019118,0.545908209499655,1.37318018778944));
#2522=DIRECTION('',(-0.747502195597506,3.18792214657684E-13,0.664259337591056));
#2523=DIRECTION('',(-0.664259337591056,2.8733697616832E-13,-0.747502195597506));
#2524=ORIENTED_EDGE('',*,*,#4103,.F.);
#2525=ORIENTED_EDGE('',*,*,#4112,.T.);
#2526=ORIENTED_EDGE('',*,*,#4162,.T.);
#2527=ORIENTED_EDGE('',*,*,#4163,.F.);
#2528=CARTESIAN_POINT('',(0.200012043151196,0.545908209499664,1.39310796791717));
#2529=DIRECTION('',(-0.747502195597505,3.18792214657684E-13,0.664259337591056));
#2530=DIRECTION('',(-0.664259337591056,2.87336976168321E-13,-0.747502195597505));
#2531=ORIENTED_EDGE('',*,*,#4104,.T.);
#2532=ORIENTED_EDGE('',*,*,#4163,.T.);
#2533=ORIENTED_EDGE('',*,*,#4164,.T.);
#2534=ORIENTED_EDGE('',*,*,#4165,.F.);
#2535=CARTESIAN_POINT('',(-0.957190186127033,0.545908209500165,0.123509597458042));
#2536=DIRECTION('',(4.29E-13,1.0,3.26943875618435E-15));
#2537=DIRECTION('',(-0.830899922755727,3.58275254150323E-13,-0.556421888825851));
#2538=ORIENTED_EDGE('',*,*,#4105,.T.);
#2539=ORIENTED_EDGE('',*,*,#4165,.T.);
#2540=ORIENTED_EDGE('',*,*,#4166,.T.);
#2541=ORIENTED_EDGE('',*,*,#4167,.F.);
#2542=CARTESIAN_POINT('',(-0.213695641387963,0.545908209499842,1.49954414522437));
#2543=DIRECTION('',(-0.886290202529958,3.78963329265907E-13,0.463130302290194));
#2544=DIRECTION('',(-0.463130302290194,2.01439343405415E-13,-0.886290202529958));
#2545=ORIENTED_EDGE('',*,*,#3803,.T.);
#2546=ORIENTED_EDGE('',*,*,#4106,.T.);
#2547=ORIENTED_EDGE('',*,*,#4167,.T.);
#2548=ORIENTED_EDGE('',*,*,#4168,.T.);
#2549=CARTESIAN_POINT('',(-0.947165653478379,0.545908209500161,0.142693496735435));
#2550=DIRECTION('',(4.29E-13,1.0,3.26943875618439E-15));
#2551=DIRECTION('',(-0.830899922755727,3.58275254150323E-13,-0.556421888825851));
#2552=ORIENTED_EDGE('',*,*,#3805,.T.);
#2553=ORIENTED_EDGE('',*,*,#4169,.F.);
#2554=ORIENTED_EDGE('',*,*,#4170,.F.);
#2555=ORIENTED_EDGE('',*,*,#4107,.F.);
#2556=CARTESIAN_POINT('',(-0.612869977113114,0.545908209500018,-0.125386505108337));
#2557=DIRECTION('',(0.664259337591057,-2.87336976168321E-13,0.747502195597505));
#2558=DIRECTION('',(-0.747502195597505,3.18792214657684E-13,0.664259337591057));
#2559=ORIENTED_EDGE('',*,*,#4108,.T.);
#2560=ORIENTED_EDGE('',*,*,#4170,.T.);
#2561=ORIENTED_EDGE('',*,*,#4171,.T.);
#2562=ORIENTED_EDGE('',*,*,#4172,.F.);
#2563=CARTESIAN_POINT('',(-1.01688341257903,0.54590820950019,0.204647391655459));
#2564=DIRECTION('',(4.29E-13,1.0,3.26943875618431E-15));
#2565=DIRECTION('',(-0.830899922755727,3.58275254150323E-13,-0.556421888825851));
#2566=ORIENTED_EDGE('',*,*,#4172,.T.);
#2567=ORIENTED_EDGE('',*,*,#4173,.F.);
#2568=ORIENTED_EDGE('',*,*,#4174,.F.);
#2569=ORIENTED_EDGE('',*,*,#4109,.F.);
#2570=CARTESIAN_POINT('',(0.434459950362795,0.545908209499564,1.22234832973702));
#2571=DIRECTION('',(-0.564077095272206,2.39584423043833E-13,0.825722126740752));
#2572=DIRECTION('',(-0.825722126740752,3.56076281482857E-13,-0.564077095272206));
#2573=ORIENTED_EDGE('',*,*,#4174,.T.);
#2574=ORIENTED_EDGE('',*,*,#4175,.F.);
#2575=ORIENTED_EDGE('',*,*,#4176,.F.);
#2576=ORIENTED_EDGE('',*,*,#4100,.F.);
#2577=CARTESIAN_POINT('',(-1.0347563057525,0.545908209500198,0.192437848833597));
#2578=DIRECTION('',(4.29E-13,1.0,3.26943875618438E-15));
#2579=DIRECTION('',(-0.830899922755727,3.58275254150323E-13,-0.556421888825851));
#2580=ORIENTED_EDGE('',*,*,#4176,.T.);
#2581=ORIENTED_EDGE('',*,*,#4177,.F.);
#2582=ORIENTED_EDGE('',*,*,#4113,.F.);
#2583=ORIENTED_EDGE('',*,*,#4101,.F.);
#2584=CARTESIAN_POINT('',(0.0900512196954874,0.545908209499711,1.49082340498191));
#2585=DIRECTION('',(-0.747502195597492,3.18792214657679E-13,0.664259337591071));
#2586=DIRECTION('',(-0.664259337591071,2.87336976168327E-13,-0.747502195597492));
#2587=ORIENTED_EDGE('',*,*,#4175,.T.);
#2588=ORIENTED_EDGE('',*,*,#4173,.T.);
#2589=ORIENTED_EDGE('',*,*,#4171,.F.);
#2590=ORIENTED_EDGE('',*,*,#4169,.T.);
#2591=ORIENTED_EDGE('',*,*,#3804,.F.);
#2592=ORIENTED_EDGE('',*,*,#4168,.F.);
#2593=ORIENTED_EDGE('',*,*,#4166,.F.);
#2594=ORIENTED_EDGE('',*,*,#4164,.F.);
#2595=ORIENTED_EDGE('',*,*,#4162,.F.);
#2596=ORIENTED_EDGE('',*,*,#4111,.T.);
#2597=ORIENTED_EDGE('',*,*,#4161,.T.);
#2598=ORIENTED_EDGE('',*,*,#4159,.T.);
#2599=ORIENTED_EDGE('',*,*,#4157,.T.);
#2600=ORIENTED_EDGE('',*,*,#4155,.T.);
#2601=ORIENTED_EDGE('',*,*,#3810,.T.);
#2602=ORIENTED_EDGE('',*,*,#4154,.F.);
#2603=ORIENTED_EDGE('',*,*,#4152,.T.);
#2604=ORIENTED_EDGE('',*,*,#4150,.F.);
#2605=ORIENTED_EDGE('',*,*,#4148,.F.);
#2606=ORIENTED_EDGE('',*,*,#4146,.F.);
#2607=ORIENTED_EDGE('',*,*,#4144,.T.);
#2608=ORIENTED_EDGE('',*,*,#4114,.T.);
#2609=ORIENTED_EDGE('',*,*,#4177,.T.);
#2610=ORIENTED_EDGE('',*,*,#3994,.F.);
#2611=ORIENTED_EDGE('',*,*,#3983,.F.);
#2612=ORIENTED_EDGE('',*,*,#4178,.F.);
#2613=ORIENTED_EDGE('',*,*,#4179,.F.);
#2614=ORIENTED_EDGE('',*,*,#3796,.F.);
#2615=ORIENTED_EDGE('',*,*,#4180,.F.);
#2616=ORIENTED_EDGE('',*,*,#4181,.F.);
#2617=ORIENTED_EDGE('',*,*,#4182,.F.);
#2618=ORIENTED_EDGE('',*,*,#4183,.F.);
#2619=ORIENTED_EDGE('',*,*,#3792,.F.);
#2620=ORIENTED_EDGE('',*,*,#4184,.F.);
#2621=ORIENTED_EDGE('',*,*,#4185,.F.);
#2622=ORIENTED_EDGE('',*,*,#4186,.F.);
#2623=ORIENTED_EDGE('',*,*,#4187,.F.);
#2624=ORIENTED_EDGE('',*,*,#4188,.F.);
#2625=ORIENTED_EDGE('',*,*,#4189,.F.);
#2626=ORIENTED_EDGE('',*,*,#4190,.F.);
#2627=ORIENTED_EDGE('',*,*,#3790,.F.);
#2628=ORIENTED_EDGE('',*,*,#4191,.F.);
#2629=ORIENTED_EDGE('',*,*,#4192,.F.);
#2630=ORIENTED_EDGE('',*,*,#3786,.F.);
#2631=ORIENTED_EDGE('',*,*,#4193,.F.);
#2632=ORIENTED_EDGE('',*,*,#4194,.F.);
#2633=ORIENTED_EDGE('',*,*,#3782,.F.);
#2634=ORIENTED_EDGE('',*,*,#4195,.F.);
#2635=ORIENTED_EDGE('',*,*,#4196,.F.);
#2636=ORIENTED_EDGE('',*,*,#4197,.F.);
#2637=ORIENTED_EDGE('',*,*,#4198,.F.);
#2638=ORIENTED_EDGE('',*,*,#3800,.F.);
#2639=ORIENTED_EDGE('',*,*,#4199,.F.);
#2640=ORIENTED_EDGE('',*,*,#4200,.F.);
#2641=ORIENTED_EDGE('',*,*,#4201,.F.);
#2642=ORIENTED_EDGE('',*,*,#4202,.F.);
#2643=ORIENTED_EDGE('',*,*,#4203,.F.);
#2644=ORIENTED_EDGE('',*,*,#4204,.F.);
#2645=ORIENTED_EDGE('',*,*,#4205,.F.);
#2646=ORIENTED_EDGE('',*,*,#4206,.F.);
#2647=ORIENTED_EDGE('',*,*,#3969,.F.);
#2648=ORIENTED_EDGE('',*,*,#3963,.F.);
#2649=ORIENTED_EDGE('',*,*,#3995,.F.);
#2650=ORIENTED_EDGE('',*,*,#3952,.T.);
#2651=ORIENTED_EDGE('',*,*,#3840,.T.);
#2652=ORIENTED_EDGE('',*,*,#3955,.T.);
#2653=ORIENTED_EDGE('',*,*,#3956,.T.);
#2654=ORIENTED_EDGE('',*,*,#3958,.T.);
#2655=ORIENTED_EDGE('',*,*,#3960,.T.);
#2656=CARTESIAN_POINT('',(-0.161580247600694,0.495908209499822,0.769966773461234));
#2657=DIRECTION('',(-4.29E-13,-1.0,-3.26943875618435E-15));
#2658=DIRECTION('',(0.830899922755727,-3.58275254150323E-13,0.556421888825851));
#2659=ORIENTED_EDGE('',*,*,#3981,.T.);
#2660=ORIENTED_EDGE('',*,*,#4207,.T.);
#2661=ORIENTED_EDGE('',*,*,#4208,.F.);
#2662=ORIENTED_EDGE('',*,*,#4209,.F.);
#2663=ORIENTED_EDGE('',*,*,#4210,.F.);
#2664=ORIENTED_EDGE('',*,*,#4211,.F.);
#2665=ORIENTED_EDGE('',*,*,#3738,.F.);
#2666=ORIENTED_EDGE('',*,*,#4212,.F.);
#2667=ORIENTED_EDGE('',*,*,#4213,.T.);
#2668=ORIENTED_EDGE('',*,*,#4214,.T.);
#2669=ORIENTED_EDGE('',*,*,#3971,.T.);
#2670=ORIENTED_EDGE('',*,*,#4215,.T.);
#2671=ORIENTED_EDGE('',*,*,#4216,.T.);
#2672=ORIENTED_EDGE('',*,*,#4217,.T.);
#2673=ORIENTED_EDGE('',*,*,#4218,.T.);
#2674=ORIENTED_EDGE('',*,*,#4219,.T.);
#2675=ORIENTED_EDGE('',*,*,#4220,.T.);
#2676=ORIENTED_EDGE('',*,*,#4221,.T.);
#2677=ORIENTED_EDGE('',*,*,#4222,.T.);
#2678=ORIENTED_EDGE('',*,*,#3802,.T.);
#2679=ORIENTED_EDGE('',*,*,#4223,.T.);
#2680=ORIENTED_EDGE('',*,*,#4224,.T.);
#2681=ORIENTED_EDGE('',*,*,#4225,.T.);
#2682=ORIENTED_EDGE('',*,*,#4226,.T.);
#2683=ORIENTED_EDGE('',*,*,#3780,.T.);
#2684=ORIENTED_EDGE('',*,*,#4227,.T.);
#2685=ORIENTED_EDGE('',*,*,#4228,.T.);
#2686=ORIENTED_EDGE('',*,*,#3784,.T.);
#2687=ORIENTED_EDGE('',*,*,#4229,.T.);
#2688=ORIENTED_EDGE('',*,*,#4230,.T.);
#2689=ORIENTED_EDGE('',*,*,#3788,.T.);
#2690=ORIENTED_EDGE('',*,*,#4231,.T.);
#2691=ORIENTED_EDGE('',*,*,#4232,.T.);
#2692=ORIENTED_EDGE('',*,*,#4233,.T.);
#2693=ORIENTED_EDGE('',*,*,#4234,.T.);
#2694=ORIENTED_EDGE('',*,*,#4235,.T.);
#2695=ORIENTED_EDGE('',*,*,#4236,.T.);
#2696=ORIENTED_EDGE('',*,*,#4237,.T.);
#2697=ORIENTED_EDGE('',*,*,#3794,.T.);
#2698=ORIENTED_EDGE('',*,*,#4238,.T.);
#2699=ORIENTED_EDGE('',*,*,#4239,.T.);
#2700=ORIENTED_EDGE('',*,*,#4240,.T.);
#2701=ORIENTED_EDGE('',*,*,#4241,.T.);
#2702=ORIENTED_EDGE('',*,*,#3798,.T.);
#2703=ORIENTED_EDGE('',*,*,#4242,.T.);
#2704=ORIENTED_EDGE('',*,*,#4243,.T.);
#2705=CARTESIAN_POINT('',(-0.161580247600725,0.425908209499821,0.769966773461233));
#2706=DIRECTION('',(-4.29E-13,-1.0,-3.26943875618435E-15));
#2707=DIRECTION('',(0.830899922755727,-3.58275254150323E-13,0.556421888825851));
#2708=ORIENTED_EDGE('',*,*,#4225,.F.);
#2709=ORIENTED_EDGE('',*,*,#4244,.F.);
#2710=ORIENTED_EDGE('',*,*,#4196,.T.);
#2711=ORIENTED_EDGE('',*,*,#4245,.T.);
#2712=CARTESIAN_POINT('',(-0.0641607605761543,0.49590820949978,0.669421044820601));
#2713=DIRECTION('',(4.29E-13,1.0,3.26943875618437E-15));
#2714=DIRECTION('',(0.830899922755727,-3.58275254150323E-13,0.556421888825851));
#2715=ORIENTED_EDGE('',*,*,#4224,.F.);
#2716=ORIENTED_EDGE('',*,*,#4246,.F.);
#2717=ORIENTED_EDGE('',*,*,#4197,.T.);
#2718=ORIENTED_EDGE('',*,*,#4244,.T.);
#2719=CARTESIAN_POINT('',(-0.120221217341705,0.495908209499804,0.708205696592092));
#2720=DIRECTION('',(-0.830899922755727,3.58275254150323E-13,-0.556421888825851));
#2721=DIRECTION('',(0.556421888825851,-2.36283423590032E-13,-0.830899922755727));
#2722=ORIENTED_EDGE('',*,*,#4223,.F.);
#2723=ORIENTED_EDGE('',*,*,#3801,.F.);
#2724=ORIENTED_EDGE('',*,*,#4198,.T.);
#2725=ORIENTED_EDGE('',*,*,#4246,.T.);
#2726=CARTESIAN_POINT('',(-0.111912218114147,0.4959082094998,0.713769915480351));
#2727=DIRECTION('',(4.29E-13,1.0,3.26943875618438E-15));
#2728=DIRECTION('',(0.830899922755727,-3.58275254150323E-13,0.556421888825851));
#2729=ORIENTED_EDGE('',*,*,#3799,.T.);
#2730=ORIENTED_EDGE('',*,*,#4222,.F.);
#2731=ORIENTED_EDGE('',*,*,#4247,.F.);
#2732=ORIENTED_EDGE('',*,*,#4199,.T.);
#2733=CARTESIAN_POINT('',(-0.161580247600694,0.495908209499822,0.769966773461234));
#2734=DIRECTION('',(4.29E-13,1.0,3.26943875618436E-15));
#2735=DIRECTION('',(0.830899922755727,-3.58275254150323E-13,0.556421888825851));
#2736=ORIENTED_EDGE('',*,*,#4221,.F.);
#2737=ORIENTED_EDGE('',*,*,#4248,.F.);
#2738=ORIENTED_EDGE('',*,*,#4200,.T.);
#2739=ORIENTED_EDGE('',*,*,#4247,.T.);
#2740=CARTESIAN_POINT('',(-0.113584456497525,0.495908209499801,0.698295079875678));
#2741=DIRECTION('',(4.29E-13,1.0,3.26943875618434E-15));
#2742=DIRECTION('',(0.830899922755727,-3.58275254150323E-13,0.556421888825851));
#2743=ORIENTED_EDGE('',*,*,#4220,.F.);
#2744=ORIENTED_EDGE('',*,*,#4249,.F.);
#2745=ORIENTED_EDGE('',*,*,#4201,.T.);
#2746=ORIENTED_EDGE('',*,*,#4248,.T.);
#2747=CARTESIAN_POINT('',(-0.239264645062203,0.495908209499855,0.614131865998828));
#2748=DIRECTION('',(0.830899922755726,-3.58275254150323E-13,0.556421888825851));
#2749=DIRECTION('',(-0.556421888825851,2.36283423590032E-13,0.830899922755726));
#2750=ORIENTED_EDGE('',*,*,#4219,.F.);
#2751=ORIENTED_EDGE('',*,*,#4250,.F.);
#2752=ORIENTED_EDGE('',*,*,#4202,.T.);
#2753=ORIENTED_EDGE('',*,*,#4249,.T.);
#2754=CARTESIAN_POINT('',(-0.241998214032593,0.495908209499857,0.519368020771744));
#2755=DIRECTION('',(4.29E-13,1.0,3.26943875618435E-15));
#2756=DIRECTION('',(0.830899922755727,-3.58275254150323E-13,0.556421888825851));
#2757=ORIENTED_EDGE('',*,*,#4218,.F.);
#2758=ORIENTED_EDGE('',*,*,#4251,.F.);
#2759=ORIENTED_EDGE('',*,*,#4203,.T.);
#2760=ORIENTED_EDGE('',*,*,#4250,.T.);
#2761=CARTESIAN_POINT('',(-0.188044057696439,0.495908209499834,0.508693330422423));
#2762=DIRECTION('',(0.98098466065734,-4.20416472843512E-13,-0.194085279078564));
#2763=DIRECTION('',(0.194085279078564,-8.62612506385415E-14,0.98098466065734));
#2764=ORIENTED_EDGE('',*,*,#4217,.F.);
#2765=ORIENTED_EDGE('',*,*,#4252,.F.);
#2766=ORIENTED_EDGE('',*,*,#4204,.T.);
#2767=ORIENTED_EDGE('',*,*,#4251,.T.);
#2768=CARTESIAN_POINT('',(-0.260602814391936,0.495908209499865,0.425332926215252));
#2769=DIRECTION('',(4.29E-13,1.0,3.26943875618437E-15));
#2770=DIRECTION('',(0.830899922755727,-3.58275254150323E-13,0.556421888825851));
#2771=ORIENTED_EDGE('',*,*,#4216,.F.);
#2772=ORIENTED_EDGE('',*,*,#4253,.F.);
#2773=ORIENTED_EDGE('',*,*,#4205,.T.);
#2774=ORIENTED_EDGE('',*,*,#4252,.T.);
#2775=CARTESIAN_POINT('',(-0.229999610506516,0.495908209499852,0.379633430463687));
#2776=DIRECTION('',(0.556421888825854,-2.36283423590033E-13,-0.830899922755725));
#2777=DIRECTION('',(0.830899922755725,-3.58275254150322E-13,0.556421888825854));
#2778=ORIENTED_EDGE('',*,*,#4215,.F.);
#2779=ORIENTED_EDGE('',*,*,#3970,.T.);
#2780=ORIENTED_EDGE('',*,*,#4206,.T.);
#2781=ORIENTED_EDGE('',*,*,#4253,.T.);
#2782=CARTESIAN_POINT('',(-0.810613988482418,0.495908209500102,0.0638749301010006));
#2783=DIRECTION('',(0.263197530223136,-1.10037260487011E-13,-0.964741965545421));
#2784=DIRECTION('',(0.964741965545421,-4.14828657766576E-13,0.263197530223136));
#2785=ORIENTED_EDGE('',*,*,#4254,.T.);
#2786=ORIENTED_EDGE('',*,*,#3986,.T.);
#2787=ORIENTED_EDGE('',*,*,#4255,.F.);
#2788=ORIENTED_EDGE('',*,*,#4256,.F.);
#2789=CARTESIAN_POINT('',(-0.810613988482418,0.495908209500102,0.0638749301010006));
#2790=DIRECTION('',(0.761916473839835,-3.25028461499773E-13,-0.647675294334647));
#2791=DIRECTION('',(0.647675294334647,-2.8026329266423E-13,0.761916473839835));
#2792=ORIENTED_EDGE('',*,*,#4257,.F.);
#2793=ORIENTED_EDGE('',*,*,#4258,.F.);
#2794=ORIENTED_EDGE('',*,*,#4259,.T.);
#2795=ORIENTED_EDGE('',*,*,#4256,.T.);
#2796=CARTESIAN_POINT('',(-0.895712884899837,0.495908209500139,-0.0362342629671527));
#2797=DIRECTION('',(0.915160419065365,-3.91534972529551E-13,-0.403089825443542));
#2798=DIRECTION('',(0.403089825443542,-1.75759435838275E-13,0.915160419065365));
#2799=ORIENTED_EDGE('',*,*,#4178,.T.);
#2800=ORIENTED_EDGE('',*,*,#3982,.T.);
#2801=ORIENTED_EDGE('',*,*,#4243,.F.);
#2802=ORIENTED_EDGE('',*,*,#4260,.F.);
#2803=CARTESIAN_POINT('',(-1.03155604627188,0.495908209500197,0.00448361749432163));
#2804=DIRECTION('',(-0.847437230387004,3.65295274183796E-13,-0.530895602311796));
#2805=DIRECTION('',(0.530895602311796,-2.25278442508134E-13,-0.847437230387004));
#2806=ORIENTED_EDGE('',*,*,#4242,.F.);
#2807=ORIENTED_EDGE('',*,*,#3797,.F.);
#2808=ORIENTED_EDGE('',*,*,#4179,.T.);
#2809=ORIENTED_EDGE('',*,*,#4260,.T.);
#2810=CARTESIAN_POINT('',(-0.950900406161516,0.495908209500162,0.139067997817176));
#2811=DIRECTION('',(-0.857759897044014,3.66565146112936E-13,0.514050541311886));
#2812=DIRECTION('',(-0.514050541311886,2.23206199858129E-13,-0.857759897044014));
#2813=ORIENTED_EDGE('',*,*,#3795,.T.);
#2814=ORIENTED_EDGE('',*,*,#4241,.F.);
#2815=ORIENTED_EDGE('',*,*,#4261,.F.);
#2816=ORIENTED_EDGE('',*,*,#4180,.T.);
#2817=CARTESIAN_POINT('',(-0.959478005131951,0.495908209500166,0.144208503230291));
#2818=DIRECTION('',(4.29E-13,1.0,3.26943875618435E-15));
#2819=DIRECTION('',(0.830899922755727,-3.58275254150323E-13,0.556421888825851));
#2820=ORIENTED_EDGE('',*,*,#4240,.F.);
#2821=ORIENTED_EDGE('',*,*,#4262,.F.);
#2822=ORIENTED_EDGE('',*,*,#4181,.T.);
#2823=ORIENTED_EDGE('',*,*,#4261,.T.);
#2824=CARTESIAN_POINT('',(-0.952666448990453,0.495908209500163,0.15152988991118));
#2825=DIRECTION('',(-0.681155614150222,2.94541788183338E-13,-0.732138668089341));
#2826=DIRECTION('',(0.732138668089341,-3.12147639769496E-13,-0.681155614150222));
#2827=ORIENTED_EDGE('',*,*,#4239,.F.);
#2828=ORIENTED_EDGE('',*,*,#4263,.F.);
#2829=ORIENTED_EDGE('',*,*,#4182,.T.);
#2830=ORIENTED_EDGE('',*,*,#4262,.T.);
#2831=CARTESIAN_POINT('',(-0.993013118483429,0.49590820950018,0.175408372498412));
#2832=DIRECTION('',(4.29E-13,1.0,3.26943875618434E-15));
#2833=DIRECTION('',(0.830899922755727,-3.58275254150323E-13,0.556421888825851));
#2834=ORIENTED_EDGE('',*,*,#4238,.F.);
#2835=ORIENTED_EDGE('',*,*,#3793,.F.);
#2836=ORIENTED_EDGE('',*,*,#4183,.T.);
#2837=ORIENTED_EDGE('',*,*,#4263,.T.);
#2838=CARTESIAN_POINT('',(-1.0887797288088,0.495908209500222,0.120404974362621));
#2839=DIRECTION('',(0.57451946614804,-2.44087783717564E-13,-0.818490918102926));
#2840=DIRECTION('',(0.818490918102926,-3.53004486996629E-13,0.57451946614804));
#2841=ORIENTED_EDGE('',*,*,#3791,.T.);
#2842=ORIENTED_EDGE('',*,*,#4237,.F.);
#2843=ORIENTED_EDGE('',*,*,#4264,.F.);
#2844=ORIENTED_EDGE('',*,*,#4184,.T.);
#2845=CARTESIAN_POINT('',(-1.09452492347027,0.495908209500224,0.128589883543645));
#2846=DIRECTION('',(4.29E-13,1.0,3.26943875618436E-15));
#2847=DIRECTION('',(0.830899922755727,-3.58275254150323E-13,0.556421888825851));
#2848=ORIENTED_EDGE('',*,*,#4236,.F.);
#2849=ORIENTED_EDGE('',*,*,#4265,.F.);
#2850=ORIENTED_EDGE('',*,*,#4185,.T.);
#2851=ORIENTED_EDGE('',*,*,#4264,.T.);
#2852=CARTESIAN_POINT('',(-1.12004120514284,0.495908209500235,0.15954186220727));
#2853=DIRECTION('',(-0.905820460248631,3.90026954475694E-13,-0.423661768153509));
#2854=DIRECTION('',(0.423661768153509,-1.79080955945406E-13,-0.905820460248631));
#2855=ORIENTED_EDGE('',*,*,#4235,.F.);
#2856=ORIENTED_EDGE('',*,*,#4266,.F.);
#2857=ORIENTED_EDGE('',*,*,#4186,.T.);
#2858=ORIENTED_EDGE('',*,*,#4265,.T.);
#2859=CARTESIAN_POINT('',(-1.09286659133538,0.495908209500223,0.172251715251876));
#2860=DIRECTION('',(4.29E-13,1.0,3.26943875618433E-15));
#2861=DIRECTION('',(0.830899922755727,-3.58275254150323E-13,0.556421888825851));
#2862=ORIENTED_EDGE('',*,*,#4234,.F.);
#2863=ORIENTED_EDGE('',*,*,#4267,.F.);
#2864=ORIENTED_EDGE('',*,*,#4187,.T.);
#2865=ORIENTED_EDGE('',*,*,#4266,.T.);
#2866=CARTESIAN_POINT('',(-1.03332868616207,0.495908209500197,0.2802887057217));
#2867=DIRECTION('',(-0.73213866808932,3.12147639769487E-13,0.681155614150245));
#2868=DIRECTION('',(-0.681155614150245,2.94541788183347E-13,-0.73213866808932));
#2869=ORIENTED_EDGE('',*,*,#4233,.F.);
#2870=ORIENTED_EDGE('',*,*,#4268,.F.);
#2871=ORIENTED_EDGE('',*,*,#4188,.T.);
#2872=ORIENTED_EDGE('',*,*,#4267,.T.);
#2873=CARTESIAN_POINT('',(-1.01136452611939,0.495908209500188,0.259854037297192));
#2874=DIRECTION('',(4.29E-13,1.0,3.26943875618437E-15));
#2875=DIRECTION('',(0.830899922755727,-3.58275254150323E-13,0.556421888825851));
#2876=ORIENTED_EDGE('',*,*,#4232,.F.);
#2877=ORIENTED_EDGE('',*,*,#4269,.F.);
#2878=ORIENTED_EDGE('',*,*,#4189,.T.);
#2879=ORIENTED_EDGE('',*,*,#4268,.T.);
#2880=CARTESIAN_POINT('',(-1.00212688213858,0.495908209500184,0.288396390628405));
#2881=DIRECTION('',(0.307921466027035,-1.35026223312423E-13,0.951411777707088));
#2882=DIRECTION('',(-0.951411777707088,4.07380575160241E-13,0.307921466027035));
#2883=ORIENTED_EDGE('',*,*,#3787,.T.);
#2884=ORIENTED_EDGE('',*,*,#4190,.T.);
#2885=ORIENTED_EDGE('',*,*,#4269,.T.);
#2886=ORIENTED_EDGE('',*,*,#4231,.F.);
#2887=CARTESIAN_POINT('',(-0.984636882414099,0.495908209500176,0.240693022413484));
#2888=DIRECTION('',(4.29E-13,1.0,3.26943875618434E-15));
#2889=DIRECTION('',(0.830899922755727,-3.58275254150323E-13,0.556421888825851));
#2890=ORIENTED_EDGE('',*,*,#4230,.F.);
#2891=ORIENTED_EDGE('',*,*,#4270,.F.);
#2892=ORIENTED_EDGE('',*,*,#4191,.T.);
#2893=ORIENTED_EDGE('',*,*,#3789,.T.);
#2894=CARTESIAN_POINT('',(-0.929493742208097,0.495908209500153,0.228015671194705));
#2895=DIRECTION('',(0.847437230386941,-3.65295274183769E-13,0.530895602311896));
#2896=DIRECTION('',(-0.530895602311896,2.25278442508177E-13,0.847437230386941));
#2897=ORIENTED_EDGE('',*,*,#3783,.T.);
#2898=ORIENTED_EDGE('',*,*,#4192,.T.);
#2899=ORIENTED_EDGE('',*,*,#4270,.T.);
#2900=ORIENTED_EDGE('',*,*,#4229,.F.);
#2901=CARTESIAN_POINT('',(-0.874410322232945,0.495908209500129,0.262523885344966));
#2902=DIRECTION('',(4.29E-13,1.0,3.26943875618432E-15));
#2903=DIRECTION('',(0.830899922755727,-3.58275254150323E-13,0.556421888825851));
#2904=ORIENTED_EDGE('',*,*,#4228,.F.);
#2905=ORIENTED_EDGE('',*,*,#4271,.F.);
#2906=ORIENTED_EDGE('',*,*,#4193,.T.);
#2907=ORIENTED_EDGE('',*,*,#3785,.T.);
#2908=CARTESIAN_POINT('',(-0.0650519323715155,0.495908209499782,0.251590698131835));
#2909=DIRECTION('',(4.29E-13,1.0,3.26943875618437E-15));
#2910=DIRECTION('',(0.830899922755727,-3.58275254150323E-13,0.556421888825851));
#2911=ORIENTED_EDGE('',*,*,#3779,.T.);
#2912=ORIENTED_EDGE('',*,*,#4194,.T.);
#2913=ORIENTED_EDGE('',*,*,#4271,.T.);
#2914=ORIENTED_EDGE('',*,*,#4227,.F.);
#2915=CARTESIAN_POINT('',(-0.185751782647044,0.495908209499832,0.787652022640545));
#2916=DIRECTION('',(4.29E-13,1.0,3.26943875618434E-15));
#2917=DIRECTION('',(0.830899922755727,-3.58275254150323E-13,0.556421888825851));
#2918=ORIENTED_EDGE('',*,*,#4226,.F.);
#2919=ORIENTED_EDGE('',*,*,#4245,.F.);
#2920=ORIENTED_EDGE('',*,*,#4195,.T.);
#2921=ORIENTED_EDGE('',*,*,#3781,.T.);
#2922=CARTESIAN_POINT('',(-0.161580247600694,0.495908209499822,0.769966773461234));
#2923=DIRECTION('',(4.29E-13,1.0,3.26943875618433E-15));
#2924=DIRECTION('',(0.830899922755727,-3.58275254150323E-13,0.556421888825851));
#2925=ORIENTED_EDGE('',*,*,#4272,.F.);
#2926=ORIENTED_EDGE('',*,*,#4097,.F.);
#2927=ORIENTED_EDGE('',*,*,#4088,.F.);
#2928=ORIENTED_EDGE('',*,*,#4273,.T.);
#2929=CARTESIAN_POINT('',(-0.603579470423183,-0.701591790499988,0.527629867496339));
#2930=DIRECTION('',(0.973613592750179,-4.17149892255316E-13,-0.228202918500374));
#2931=DIRECTION('',(0.228202918500374,-1.00881025923033E-13,0.973613592750179));
#2932=ORIENTED_EDGE('',*,*,#4274,.F.);
#2933=ORIENTED_EDGE('',*,*,#4273,.F.);
#2934=ORIENTED_EDGE('',*,*,#4087,.F.);
#2935=ORIENTED_EDGE('',*,*,#4275,.T.);
#2936=CARTESIAN_POINT('',(-0.53542651893067,-0.701591790500017,0.511655663201313));
#2937=DIRECTION('',(-4.29E-13,-1.0,-3.26943875618439E-15));
#2938=DIRECTION('',(-0.830899922755727,3.58275254150323E-13,-0.556421888825851));
#2939=ORIENTED_EDGE('',*,*,#4276,.F.);
#2940=ORIENTED_EDGE('',*,*,#4275,.F.);
#2941=ORIENTED_EDGE('',*,*,#4086,.F.);
#2942=ORIENTED_EDGE('',*,*,#4277,.T.);
#2943=CARTESIAN_POINT('',(-0.390971820622134,-0.70159179050008,0.576179483412093));
#2944=DIRECTION('',(-0.038235956624452,1.94316054774684E-14,-0.999268738438771));
#2945=DIRECTION('',(0.999268738438771,-4.28734681019011E-13,-0.038235956624452));
#2946=ORIENTED_EDGE('',*,*,#3775,.T.);
#2947=ORIENTED_EDGE('',*,*,#4278,.F.);
#2948=ORIENTED_EDGE('',*,*,#4277,.F.);
#2949=ORIENTED_EDGE('',*,*,#4085,.F.);
#2950=CARTESIAN_POINT('',(-0.393648337585844,-0.701591790500078,0.506230671721379));
#2951=DIRECTION('',(-4.29E-13,-1.0,-3.26943875618435E-15));
#2952=DIRECTION('',(-0.830899922755727,3.58275254150323E-13,-0.556421888825851));
#2953=ORIENTED_EDGE('',*,*,#4279,.F.);
#2954=ORIENTED_EDGE('',*,*,#3777,.F.);
#2955=ORIENTED_EDGE('',*,*,#4084,.F.);
#2956=ORIENTED_EDGE('',*,*,#4280,.T.);
#2957=CARTESIAN_POINT('',(-0.275943485851867,-0.701591790500128,0.43311258106135));
#2958=DIRECTION('',(-0.884510091007831,3.81010927984616E-13,-0.466521059444607));
#2959=DIRECTION('',(0.466521059444607,-1.975390765297E-13,-0.884510091007831));
#2960=ORIENTED_EDGE('',*,*,#4281,.F.);
#2961=ORIENTED_EDGE('',*,*,#4282,.F.);
#2962=ORIENTED_EDGE('',*,*,#4283,.T.);
#2963=ORIENTED_EDGE('',*,*,#4284,.F.);
#2964=ORIENTED_EDGE('',*,*,#4285,.T.);
#2965=ORIENTED_EDGE('',*,*,#3774,.T.);
#2966=ORIENTED_EDGE('',*,*,#4286,.T.);
#2967=ORIENTED_EDGE('',*,*,#4287,.T.);
#2968=ORIENTED_EDGE('',*,*,#4288,.F.);
#2969=ORIENTED_EDGE('',*,*,#4289,.F.);
#2970=ORIENTED_EDGE('',*,*,#4290,.F.);
#2971=CARTESIAN_POINT('',(-1.01998435830444,-0.524091790499808,0.241681714697164));
#2972=DIRECTION('',(4.29E-13,1.0,3.26943875618435E-15));
#2973=DIRECTION('',(-0.830899922755727,3.58275254150323E-13,-0.556421888825851));
#2974=ORIENTED_EDGE('',*,*,#4291,.T.);
#2975=ORIENTED_EDGE('',*,*,#4292,.T.);
#2976=ORIENTED_EDGE('',*,*,#4293,.T.);
#2977=ORIENTED_EDGE('',*,*,#4294,.T.);
#2978=ORIENTED_EDGE('',*,*,#4295,.T.);
#2979=ORIENTED_EDGE('',*,*,#3742,.T.);
#2980=ORIENTED_EDGE('',*,*,#4296,.T.);
#2981=ORIENTED_EDGE('',*,*,#4297,.T.);
#2982=ORIENTED_EDGE('',*,*,#4298,.T.);
#2983=ORIENTED_EDGE('',*,*,#4299,.T.);
#2984=ORIENTED_EDGE('',*,*,#4300,.T.);
#2985=CARTESIAN_POINT('',(0.499792594493845,-0.549091790500463,1.12671138523062));
#2986=DIRECTION('',(-4.29E-13,-1.0,-3.26943875618435E-15));
#2987=DIRECTION('',(0.830899922755727,-3.58275254150323E-13,0.556421888825851));
#2988=ORIENTED_EDGE('',*,*,#4288,.T.);
#2989=ORIENTED_EDGE('',*,*,#4301,.T.);
#2990=ORIENTED_EDGE('',*,*,#4302,.F.);
#2991=ORIENTED_EDGE('',*,*,#4303,.F.);
#2992=CARTESIAN_POINT('',(0.200012043150725,-0.549091790500335,1.39310796791716));
#2993=DIRECTION('',(-0.747502195597505,3.18792214657684E-13,0.664259337591056));
#2994=DIRECTION('',(-0.664259337591056,2.87336976168321E-13,-0.747502195597505));
#2995=ORIENTED_EDGE('',*,*,#4287,.F.);
#2996=ORIENTED_EDGE('',*,*,#4304,.T.);
#2997=ORIENTED_EDGE('',*,*,#4305,.F.);
#2998=ORIENTED_EDGE('',*,*,#4301,.F.);
#2999=CARTESIAN_POINT('',(-0.957190186127503,-0.549091790499835,0.123509597458039));
#3000=DIRECTION('',(-4.29E-13,-1.0,-3.26943875618435E-15));
#3001=DIRECTION('',(-0.830899922755727,3.58275254150323E-13,-0.556421888825851));
#3002=ORIENTED_EDGE('',*,*,#4286,.F.);
#3003=ORIENTED_EDGE('',*,*,#3773,.T.);
#3004=ORIENTED_EDGE('',*,*,#4306,.F.);
#3005=ORIENTED_EDGE('',*,*,#4304,.F.);
#3006=CARTESIAN_POINT('',(-0.213695641388432,-0.549091790500158,1.49954414522436));
#3007=DIRECTION('',(-0.886290202529958,3.78963329265907E-13,0.463130302290194));
#3008=DIRECTION('',(-0.463130302290194,2.01439343405415E-13,-0.886290202529958));
#3009=ORIENTED_EDGE('',*,*,#3771,.T.);
#3010=ORIENTED_EDGE('',*,*,#4285,.F.);
#3011=ORIENTED_EDGE('',*,*,#4307,.T.);
#3012=ORIENTED_EDGE('',*,*,#4308,.F.);
#3013=CARTESIAN_POINT('',(-0.947165653478848,-0.549091790499839,0.142693496735431));
#3014=DIRECTION('',(-4.29E-13,-1.0,-3.26943875618439E-15));
#3015=DIRECTION('',(-0.830899922755727,3.58275254150323E-13,-0.556421888825851));
#3016=ORIENTED_EDGE('',*,*,#4307,.F.);
#3017=ORIENTED_EDGE('',*,*,#4284,.T.);
#3018=ORIENTED_EDGE('',*,*,#4309,.T.);
#3019=ORIENTED_EDGE('',*,*,#4310,.T.);
#3020=CARTESIAN_POINT('',(-0.612869977113583,-0.549091790499982,-0.125386505108341));
#3021=DIRECTION('',(0.664259337591057,-2.87336976168321E-13,0.747502195597505));
#3022=DIRECTION('',(-0.747502195597505,3.18792214657684E-13,0.664259337591057));
#3023=ORIENTED_EDGE('',*,*,#4283,.F.);
#3024=ORIENTED_EDGE('',*,*,#4311,.T.);
#3025=ORIENTED_EDGE('',*,*,#4312,.F.);
#3026=ORIENTED_EDGE('',*,*,#4309,.F.);
#3027=CARTESIAN_POINT('',(-1.0168834125795,-0.54909179049981,0.204647391655456));
#3028=DIRECTION('',(-4.29E-13,-1.0,-3.26943875618431E-15));
#3029=DIRECTION('',(-0.830899922755727,3.58275254150323E-13,-0.556421888825851));
#3030=ORIENTED_EDGE('',*,*,#4311,.F.);
#3031=ORIENTED_EDGE('',*,*,#4282,.T.);
#3032=ORIENTED_EDGE('',*,*,#4313,.T.);
#3033=ORIENTED_EDGE('',*,*,#4314,.T.);
#3034=CARTESIAN_POINT('',(0.434459950362325,-0.549091790500436,1.22234832973701));
#3035=DIRECTION('',(-0.564077095272206,2.39584423043833E-13,0.825722126740752));
#3036=DIRECTION('',(-0.825722126740752,3.56076281482857E-13,-0.564077095272206));
#3037=ORIENTED_EDGE('',*,*,#4313,.F.);
#3038=ORIENTED_EDGE('',*,*,#4281,.T.);
#3039=ORIENTED_EDGE('',*,*,#4315,.T.);
#3040=ORIENTED_EDGE('',*,*,#4316,.T.);
#3041=CARTESIAN_POINT('',(-1.03475630575297,-0.549091790499802,0.192437848833594));
#3042=DIRECTION('',(-4.29E-13,-1.0,-3.26943875618438E-15));
#3043=DIRECTION('',(-0.830899922755727,3.58275254150323E-13,-0.556421888825851));
#3044=ORIENTED_EDGE('',*,*,#4315,.F.);
#3045=ORIENTED_EDGE('',*,*,#4290,.T.);
#3046=ORIENTED_EDGE('',*,*,#4317,.T.);
#3047=ORIENTED_EDGE('',*,*,#4318,.T.);
#3048=CARTESIAN_POINT('',(0.0900512196950167,-0.549091790500289,1.49082340498191));
#3049=DIRECTION('',(-0.747502195597492,3.18792214657679E-13,0.664259337591071));
#3050=DIRECTION('',(-0.664259337591071,2.87336976168327E-13,-0.747502195597492));
#3051=ORIENTED_EDGE('',*,*,#4319,.F.);
#3052=ORIENTED_EDGE('',*,*,#4320,.T.);
#3053=ORIENTED_EDGE('',*,*,#4291,.F.);
#3054=ORIENTED_EDGE('',*,*,#4321,.T.);
#3055=ORIENTED_EDGE('',*,*,#4322,.T.);
#3056=ORIENTED_EDGE('',*,*,#4323,.T.);
#3057=ORIENTED_EDGE('',*,*,#4317,.F.);
#3058=ORIENTED_EDGE('',*,*,#4289,.T.);
#3059=ORIENTED_EDGE('',*,*,#4303,.T.);
#3060=ORIENTED_EDGE('',*,*,#4324,.T.);
#3061=CARTESIAN_POINT('',(-0.692334000216231,-0.549091790499948,-0.214808705713926));
#3062=DIRECTION('',(0.664259337591073,-2.87336976168328E-13,0.74750219559749));
#3063=DIRECTION('',(-0.74750219559749,3.18792214657678E-13,0.664259337591073));
#3064=ORIENTED_EDGE('',*,*,#4322,.F.);
#3065=ORIENTED_EDGE('',*,*,#4325,.T.);
#3066=ORIENTED_EDGE('',*,*,#4326,.T.);
#3067=ORIENTED_EDGE('',*,*,#4327,.T.);
#3068=CARTESIAN_POINT('',(-1.1680750609404,-0.549091790499747,1.02836753100956));
#3069=DIRECTION('',(0.998266153535951,-4.28598061108183E-13,0.0588615893816831));
#3070=DIRECTION('',(-0.0588615893816831,2.2242212439658E-14,0.998266153535951));
#3071=ORIENTED_EDGE('',*,*,#4326,.F.);
#3072=ORIENTED_EDGE('',*,*,#4328,.T.);
#3073=ORIENTED_EDGE('',*,*,#4329,.T.);
#3074=ORIENTED_EDGE('',*,*,#4330,.F.);
#3075=CARTESIAN_POINT('',(0.0676261538270921,-0.549091790500279,1.51075118510964));
#3076=DIRECTION('',(-0.747502195597492,3.18792214657679E-13,0.664259337591071));
#3077=DIRECTION('',(-0.664259337591071,2.87336976168327E-13,-0.747502195597492));
#3078=ORIENTED_EDGE('',*,*,#4329,.F.);
#3079=ORIENTED_EDGE('',*,*,#4331,.T.);
#3080=ORIENTED_EDGE('',*,*,#4332,.T.);
#3081=ORIENTED_EDGE('',*,*,#4333,.F.);
#3082=CARTESIAN_POINT('',(-1.03475630575297,-0.549091790499802,0.192437848833594));
#3083=DIRECTION('',(-4.29E-13,-1.0,-3.26943875618438E-15));
#3084=DIRECTION('',(-0.830899922755727,3.58275254150323E-13,-0.556421888825851));
#3085=ORIENTED_EDGE('',*,*,#4332,.F.);
#3086=ORIENTED_EDGE('',*,*,#4334,.T.);
#3087=ORIENTED_EDGE('',*,*,#4335,.T.);
#3088=ORIENTED_EDGE('',*,*,#4336,.F.);
#3089=CARTESIAN_POINT('',(0.417537637504157,-0.549091790500428,1.24711999353924));
#3090=DIRECTION('',(-0.564077095272207,2.39584423043833E-13,0.825722126740751));
#3091=DIRECTION('',(-0.825722126740751,3.56076281482857E-13,-0.564077095272207));
#3092=ORIENTED_EDGE('',*,*,#4335,.F.);
#3093=ORIENTED_EDGE('',*,*,#4337,.T.);
#3094=ORIENTED_EDGE('',*,*,#4338,.T.);
#3095=ORIENTED_EDGE('',*,*,#4339,.T.);
#3096=CARTESIAN_POINT('',(-1.0168834125795,-0.54909179049981,0.204647391655456));
#3097=DIRECTION('',(-4.29E-13,-1.0,-3.26943875618434E-15));
#3098=DIRECTION('',(-0.830899922755727,3.58275254150323E-13,-0.556421888825851));
#3099=ORIENTED_EDGE('',*,*,#4338,.F.);
#3100=ORIENTED_EDGE('',*,*,#4340,.T.);
#3101=ORIENTED_EDGE('',*,*,#4341,.T.);
#3102=ORIENTED_EDGE('',*,*,#4342,.F.);
#3103=CARTESIAN_POINT('',(-0.592942196985851,-0.549091790499991,-0.102961439240417));
#3104=DIRECTION('',(0.664259337591056,-2.8733697616832E-13,0.747502195597506));
#3105=DIRECTION('',(-0.747502195597506,3.18792214657684E-13,0.664259337591056));
#3106=ORIENTED_EDGE('',*,*,#3767,.T.);
#3107=ORIENTED_EDGE('',*,*,#4343,.T.);
#3108=ORIENTED_EDGE('',*,*,#4341,.F.);
#3109=ORIENTED_EDGE('',*,*,#3740,.T.);
#3110=CARTESIAN_POINT('',(-0.947165653478846,-0.549091790499839,0.142693496735432));
#3111=DIRECTION('',(-4.29E-13,-1.0,-3.26943875618441E-15));
#3112=DIRECTION('',(-0.830899922755727,3.58275254150323E-13,-0.556421888825851));
#3113=ORIENTED_EDGE('',*,*,#3769,.F.);
#3114=ORIENTED_EDGE('',*,*,#4344,.T.);
#3115=ORIENTED_EDGE('',*,*,#4345,.T.);
#3116=ORIENTED_EDGE('',*,*,#4346,.T.);
#3117=CARTESIAN_POINT('',(-0.187106935312531,-0.54909179050017,1.48565023615566));
#3118=DIRECTION('',(-0.886290202529957,3.78963329265907E-13,0.463130302290195));
#3119=DIRECTION('',(-0.463130302290195,2.01439343405415E-13,-0.886290202529957));
#3120=ORIENTED_EDGE('',*,*,#4345,.F.);
#3121=ORIENTED_EDGE('',*,*,#4347,.T.);
#3122=ORIENTED_EDGE('',*,*,#4348,.T.);
#3123=ORIENTED_EDGE('',*,*,#4349,.T.);
#3124=CARTESIAN_POINT('',(-0.9571901861275,-0.549091790499835,0.12350959745804));
#3125=DIRECTION('',(-4.29E-13,-1.0,-3.26943875618438E-15));
#3126=DIRECTION('',(-0.830899922755727,3.58275254150323E-13,-0.556421888825851));
#3127=ORIENTED_EDGE('',*,*,#4348,.F.);
#3128=ORIENTED_EDGE('',*,*,#4350,.T.);
#3129=ORIENTED_EDGE('',*,*,#4319,.T.);
#3130=ORIENTED_EDGE('',*,*,#4351,.T.);
#3131=CARTESIAN_POINT('',(0.222437109018649,-0.549091790500345,1.37318018778943));
#3132=DIRECTION('',(-0.747502195597506,3.18792214657684E-13,0.664259337591056));
#3133=DIRECTION('',(-0.664259337591056,2.8733697616832E-13,-0.747502195597506));
#3134=ORIENTED_EDGE('',*,*,#4349,.F.);
#3135=ORIENTED_EDGE('',*,*,#4351,.F.);
#3136=ORIENTED_EDGE('',*,*,#4324,.F.);
#3137=ORIENTED_EDGE('',*,*,#4302,.T.);
#3138=ORIENTED_EDGE('',*,*,#4305,.T.);
#3139=ORIENTED_EDGE('',*,*,#4306,.T.);
#3140=ORIENTED_EDGE('',*,*,#3772,.T.);
#3141=ORIENTED_EDGE('',*,*,#4308,.T.);
#3142=ORIENTED_EDGE('',*,*,#4310,.F.);
#3143=ORIENTED_EDGE('',*,*,#4312,.T.);
#3144=ORIENTED_EDGE('',*,*,#4314,.F.);
#3145=ORIENTED_EDGE('',*,*,#4316,.F.);
#3146=ORIENTED_EDGE('',*,*,#4318,.F.);
#3147=ORIENTED_EDGE('',*,*,#4323,.F.);
#3148=ORIENTED_EDGE('',*,*,#4327,.F.);
#3149=ORIENTED_EDGE('',*,*,#4330,.T.);
#3150=ORIENTED_EDGE('',*,*,#4333,.T.);
#3151=ORIENTED_EDGE('',*,*,#4336,.T.);
#3152=ORIENTED_EDGE('',*,*,#4339,.F.);
#3153=ORIENTED_EDGE('',*,*,#4342,.T.);
#3154=ORIENTED_EDGE('',*,*,#4343,.F.);
#3155=ORIENTED_EDGE('',*,*,#3770,.F.);
#3156=ORIENTED_EDGE('',*,*,#4346,.F.);
#3157=ORIENTED_EDGE('',*,*,#3977,.T.);
#3158=ORIENTED_EDGE('',*,*,#4096,.T.);
#3159=ORIENTED_EDGE('',*,*,#4272,.T.);
#3160=ORIENTED_EDGE('',*,*,#4274,.T.);
#3161=ORIENTED_EDGE('',*,*,#4276,.T.);
#3162=ORIENTED_EDGE('',*,*,#4278,.T.);
#3163=ORIENTED_EDGE('',*,*,#3778,.T.);
#3164=ORIENTED_EDGE('',*,*,#4279,.T.);
#3165=ORIENTED_EDGE('',*,*,#4352,.T.);
#3166=ORIENTED_EDGE('',*,*,#4098,.T.);
#3167=ORIENTED_EDGE('',*,*,#3965,.T.);
#3168=ORIENTED_EDGE('',*,*,#4353,.T.);
#3169=ORIENTED_EDGE('',*,*,#4354,.T.);
#3170=ORIENTED_EDGE('',*,*,#4355,.T.);
#3171=ORIENTED_EDGE('',*,*,#4356,.T.);
#3172=ORIENTED_EDGE('',*,*,#4357,.T.);
#3173=ORIENTED_EDGE('',*,*,#4358,.T.);
#3174=ORIENTED_EDGE('',*,*,#4359,.T.);
#3175=ORIENTED_EDGE('',*,*,#4360,.T.);
#3176=ORIENTED_EDGE('',*,*,#3766,.T.);
#3177=ORIENTED_EDGE('',*,*,#4361,.T.);
#3178=ORIENTED_EDGE('',*,*,#4362,.T.);
#3179=ORIENTED_EDGE('',*,*,#4363,.T.);
#3180=ORIENTED_EDGE('',*,*,#4364,.T.);
#3181=ORIENTED_EDGE('',*,*,#3744,.T.);
#3182=ORIENTED_EDGE('',*,*,#4365,.T.);
#3183=ORIENTED_EDGE('',*,*,#4366,.T.);
#3184=ORIENTED_EDGE('',*,*,#3748,.T.);
#3185=ORIENTED_EDGE('',*,*,#4367,.T.);
#3186=ORIENTED_EDGE('',*,*,#4368,.T.);
#3187=ORIENTED_EDGE('',*,*,#3752,.T.);
#3188=ORIENTED_EDGE('',*,*,#4369,.T.);
#3189=ORIENTED_EDGE('',*,*,#4370,.T.);
#3190=ORIENTED_EDGE('',*,*,#4371,.T.);
#3191=ORIENTED_EDGE('',*,*,#4372,.T.);
#3192=ORIENTED_EDGE('',*,*,#4373,.T.);
#3193=ORIENTED_EDGE('',*,*,#4374,.T.);
#3194=ORIENTED_EDGE('',*,*,#4375,.T.);
#3195=ORIENTED_EDGE('',*,*,#3758,.T.);
#3196=ORIENTED_EDGE('',*,*,#4376,.T.);
#3197=ORIENTED_EDGE('',*,*,#4377,.T.);
#3198=ORIENTED_EDGE('',*,*,#4378,.T.);
#3199=ORIENTED_EDGE('',*,*,#4379,.T.);
#3200=ORIENTED_EDGE('',*,*,#3762,.T.);
#3201=ORIENTED_EDGE('',*,*,#4380,.T.);
#3202=ORIENTED_EDGE('',*,*,#4381,.T.);
#3203=CARTESIAN_POINT('',(-0.161580247601121,-0.499091790500178,0.76996677346123));
#3204=DIRECTION('',(-4.29E-13,-1.0,-3.26943875618435E-15));
#3205=DIRECTION('',(0.830899922755727,-3.58275254150323E-13,0.556421888825851));
#3206=ORIENTED_EDGE('',*,*,#4382,.F.);
#3207=ORIENTED_EDGE('',*,*,#3979,.F.);
#3208=ORIENTED_EDGE('',*,*,#4383,.F.);
#3209=ORIENTED_EDGE('',*,*,#4384,.F.);
#3210=ORIENTED_EDGE('',*,*,#3760,.F.);
#3211=ORIENTED_EDGE('',*,*,#4385,.F.);
#3212=ORIENTED_EDGE('',*,*,#4386,.F.);
#3213=ORIENTED_EDGE('',*,*,#4387,.F.);
#3214=ORIENTED_EDGE('',*,*,#4388,.F.);
#3215=ORIENTED_EDGE('',*,*,#3756,.F.);
#3216=ORIENTED_EDGE('',*,*,#4389,.F.);
#3217=ORIENTED_EDGE('',*,*,#4390,.F.);
#3218=ORIENTED_EDGE('',*,*,#4391,.F.);
#3219=ORIENTED_EDGE('',*,*,#4392,.F.);
#3220=ORIENTED_EDGE('',*,*,#4393,.F.);
#3221=ORIENTED_EDGE('',*,*,#4394,.F.);
#3222=ORIENTED_EDGE('',*,*,#4395,.F.);
#3223=ORIENTED_EDGE('',*,*,#3754,.F.);
#3224=ORIENTED_EDGE('',*,*,#4396,.F.);
#3225=ORIENTED_EDGE('',*,*,#4397,.F.);
#3226=ORIENTED_EDGE('',*,*,#3750,.F.);
#3227=ORIENTED_EDGE('',*,*,#4398,.F.);
#3228=ORIENTED_EDGE('',*,*,#4399,.F.);
#3229=ORIENTED_EDGE('',*,*,#3746,.F.);
#3230=ORIENTED_EDGE('',*,*,#4400,.F.);
#3231=ORIENTED_EDGE('',*,*,#4401,.F.);
#3232=ORIENTED_EDGE('',*,*,#4402,.F.);
#3233=ORIENTED_EDGE('',*,*,#4403,.F.);
#3234=ORIENTED_EDGE('',*,*,#3764,.F.);
#3235=ORIENTED_EDGE('',*,*,#4404,.F.);
#3236=ORIENTED_EDGE('',*,*,#4405,.F.);
#3237=ORIENTED_EDGE('',*,*,#4406,.F.);
#3238=ORIENTED_EDGE('',*,*,#4407,.F.);
#3239=ORIENTED_EDGE('',*,*,#4408,.F.);
#3240=ORIENTED_EDGE('',*,*,#4409,.F.);
#3241=ORIENTED_EDGE('',*,*,#4410,.F.);
#3242=ORIENTED_EDGE('',*,*,#4411,.F.);
#3243=ORIENTED_EDGE('',*,*,#3973,.F.);
#3244=ORIENTED_EDGE('',*,*,#4412,.F.);
#3245=ORIENTED_EDGE('',*,*,#4413,.F.);
#3246=ORIENTED_EDGE('',*,*,#4414,.F.);
#3247=ORIENTED_EDGE('',*,*,#3736,.F.);
#3248=ORIENTED_EDGE('',*,*,#4415,.F.);
#3249=ORIENTED_EDGE('',*,*,#4416,.F.);
#3250=ORIENTED_EDGE('',*,*,#4417,.F.);
#3251=ORIENTED_EDGE('',*,*,#4418,.F.);
#3252=CARTESIAN_POINT('',(-0.161580247601091,-0.429091790500178,0.769966773461231));
#3253=DIRECTION('',(-4.29E-13,-1.0,-3.26943875618435E-15));
#3254=DIRECTION('',(0.830899922755727,-3.58275254150323E-13,0.556421888825851));
#3255=ORIENTED_EDGE('',*,*,#4401,.T.);
#3256=ORIENTED_EDGE('',*,*,#4419,.F.);
#3257=ORIENTED_EDGE('',*,*,#4363,.F.);
#3258=ORIENTED_EDGE('',*,*,#4420,.T.);
#3259=CARTESIAN_POINT('',(-0.0641607605765824,-0.49909179050022,0.669421044820598));
#3260=DIRECTION('',(-4.29E-13,-1.0,-3.26943875618437E-15));
#3261=DIRECTION('',(-0.830899922755727,3.58275254150323E-13,-0.556421888825851));
#3262=ORIENTED_EDGE('',*,*,#4402,.T.);
#3263=ORIENTED_EDGE('',*,*,#4420,.F.);
#3264=ORIENTED_EDGE('',*,*,#4362,.F.);
#3265=ORIENTED_EDGE('',*,*,#4421,.T.);
#3266=CARTESIAN_POINT('',(-0.120221217342131,-0.499091790500196,0.708205696592089));
#3267=DIRECTION('',(0.830899922755727,-3.58275254150323E-13,0.556421888825851));
#3268=DIRECTION('',(-0.556421888825851,2.36283423590032E-13,0.830899922755727));
#3269=ORIENTED_EDGE('',*,*,#4403,.T.);
#3270=ORIENTED_EDGE('',*,*,#4421,.F.);
#3271=ORIENTED_EDGE('',*,*,#4361,.F.);
#3272=ORIENTED_EDGE('',*,*,#3765,.T.);
#3273=CARTESIAN_POINT('',(-0.111912218114574,-0.4990917905002,0.713769915480347));
#3274=DIRECTION('',(-4.29E-13,-1.0,-3.26943875618438E-15));
#3275=DIRECTION('',(-0.830899922755727,3.58275254150323E-13,-0.556421888825851));
#3276=ORIENTED_EDGE('',*,*,#3763,.T.);
#3277=ORIENTED_EDGE('',*,*,#4360,.F.);
#3278=ORIENTED_EDGE('',*,*,#4422,.T.);
#3279=ORIENTED_EDGE('',*,*,#4404,.T.);
#3280=CARTESIAN_POINT('',(-0.161580247601121,-0.499091790500178,0.76996677346123));
#3281=DIRECTION('',(-4.29E-13,-1.0,-3.26943875618436E-15));
#3282=DIRECTION('',(-0.830899922755727,3.58275254150323E-13,-0.556421888825851));
#3283=ORIENTED_EDGE('',*,*,#4405,.T.);
#3284=ORIENTED_EDGE('',*,*,#4422,.F.);
#3285=ORIENTED_EDGE('',*,*,#4359,.F.);
#3286=ORIENTED_EDGE('',*,*,#4423,.T.);
#3287=CARTESIAN_POINT('',(-0.113584456497954,-0.499091790500199,0.698295079875675));
#3288=DIRECTION('',(-4.29E-13,-1.0,-3.26943875618434E-15));
#3289=DIRECTION('',(-0.830899922755727,3.58275254150323E-13,-0.556421888825851));
#3290=ORIENTED_EDGE('',*,*,#4406,.T.);
#3291=ORIENTED_EDGE('',*,*,#4423,.F.);
#3292=ORIENTED_EDGE('',*,*,#4358,.F.);
#3293=ORIENTED_EDGE('',*,*,#4424,.T.);
#3294=CARTESIAN_POINT('',(-0.239264645062629,-0.499091790500145,0.614131865998825));
#3295=DIRECTION('',(-0.830899922755726,3.58275254150323E-13,-0.556421888825851));
#3296=DIRECTION('',(0.556421888825851,-2.36283423590032E-13,-0.830899922755726));
#3297=ORIENTED_EDGE('',*,*,#4407,.T.);
#3298=ORIENTED_EDGE('',*,*,#4424,.F.);
#3299=ORIENTED_EDGE('',*,*,#4357,.F.);
#3300=ORIENTED_EDGE('',*,*,#4425,.T.);
#3301=CARTESIAN_POINT('',(-0.241998214033019,-0.499091790500143,0.519368020771741));
#3302=DIRECTION('',(-4.29E-13,-1.0,-3.26943875618435E-15));
#3303=DIRECTION('',(-0.830899922755727,3.58275254150323E-13,-0.556421888825851));
#3304=ORIENTED_EDGE('',*,*,#4408,.T.);
#3305=ORIENTED_EDGE('',*,*,#4425,.F.);
#3306=ORIENTED_EDGE('',*,*,#4356,.F.);
#3307=ORIENTED_EDGE('',*,*,#4426,.T.);
#3308=CARTESIAN_POINT('',(-0.188044057696867,-0.499091790500166,0.508693330422419));
#3309=DIRECTION('',(-0.98098466065734,4.20416472843512E-13,0.194085279078564));
#3310=DIRECTION('',(-0.194085279078564,8.62612506385415E-14,-0.98098466065734));
#3311=ORIENTED_EDGE('',*,*,#4409,.T.);
#3312=ORIENTED_EDGE('',*,*,#4426,.F.);
#3313=ORIENTED_EDGE('',*,*,#4355,.F.);
#3314=ORIENTED_EDGE('',*,*,#4427,.T.);
#3315=CARTESIAN_POINT('',(-0.260602814392364,-0.499091790500135,0.425332926215249));
#3316=DIRECTION('',(-4.29E-13,-1.0,-3.26943875618437E-15));
#3317=DIRECTION('',(-0.830899922755727,3.58275254150323E-13,-0.556421888825851));
#3318=ORIENTED_EDGE('',*,*,#4410,.T.);
#3319=ORIENTED_EDGE('',*,*,#4427,.F.);
#3320=ORIENTED_EDGE('',*,*,#4354,.F.);
#3321=ORIENTED_EDGE('',*,*,#4428,.T.);
#3322=CARTESIAN_POINT('',(-0.229999610506942,-0.499091790500148,0.379633430463684));
#3323=DIRECTION('',(-0.556421888825854,2.36283423590033E-13,0.830899922755725));
#3324=DIRECTION('',(-0.830899922755725,3.58275254150322E-13,-0.556421888825854));
#3325=ORIENTED_EDGE('',*,*,#3974,.F.);
#3326=ORIENTED_EDGE('',*,*,#4411,.T.);
#3327=ORIENTED_EDGE('',*,*,#4428,.F.);
#3328=ORIENTED_EDGE('',*,*,#4353,.F.);
#3329=CARTESIAN_POINT('',(-0.810613988482846,-0.499091790499898,0.0638749301009975));
#3330=DIRECTION('',(-0.263197530223136,1.10037260487011E-13,0.964741965545421));
#3331=DIRECTION('',(-0.964741965545421,4.14828657766576E-13,-0.263197530223136));
#3332=ORIENTED_EDGE('',*,*,#3993,.F.);
#3333=ORIENTED_EDGE('',*,*,#4429,.F.);
#3334=ORIENTED_EDGE('',*,*,#4430,.T.);
#3335=ORIENTED_EDGE('',*,*,#4431,.T.);
#3336=CARTESIAN_POINT('',(-0.810613988482846,-0.499091790499898,0.0638749301009975));
#3337=DIRECTION('',(-0.761916473839835,3.25028461499773E-13,0.647675294334647));
#3338=DIRECTION('',(-0.647675294334647,2.8026329266423E-13,-0.761916473839835));
#3339=ORIENTED_EDGE('',*,*,#4432,.T.);
#3340=ORIENTED_EDGE('',*,*,#4430,.F.);
#3341=ORIENTED_EDGE('',*,*,#4433,.F.);
#3342=ORIENTED_EDGE('',*,*,#4434,.T.);
#3343=CARTESIAN_POINT('',(-0.895712884900263,-0.499091790499861,-0.036234262967156));
#3344=DIRECTION('',(-0.915160419065365,3.91534972529551E-13,0.403089825443542));
#3345=DIRECTION('',(-0.403089825443542,1.75759435838275E-13,-0.915160419065365));
#3346=ORIENTED_EDGE('',*,*,#3978,.F.);
#3347=ORIENTED_EDGE('',*,*,#4381,.F.);
#3348=ORIENTED_EDGE('',*,*,#4435,.T.);
#3349=ORIENTED_EDGE('',*,*,#4383,.T.);
#3350=CARTESIAN_POINT('',(-1.03155604627231,-0.499091790499803,0.0044836174943183));
#3351=DIRECTION('',(0.847437230387004,-3.65295274183796E-13,0.530895602311796));
#3352=DIRECTION('',(-0.530895602311796,2.25278442508134E-13,0.847437230387004));
#3353=ORIENTED_EDGE('',*,*,#4384,.T.);
#3354=ORIENTED_EDGE('',*,*,#4435,.F.);
#3355=ORIENTED_EDGE('',*,*,#4380,.F.);
#3356=ORIENTED_EDGE('',*,*,#3761,.T.);
#3357=CARTESIAN_POINT('',(-0.950900406161942,-0.499091790499838,0.139067997817172));
#3358=DIRECTION('',(0.857759897044014,-3.66565146112936E-13,-0.514050541311886));
#3359=DIRECTION('',(0.514050541311886,-2.23206199858129E-13,0.857759897044014));
#3360=ORIENTED_EDGE('',*,*,#3759,.T.);
#3361=ORIENTED_EDGE('',*,*,#4379,.F.);
#3362=ORIENTED_EDGE('',*,*,#4436,.T.);
#3363=ORIENTED_EDGE('',*,*,#4385,.T.);
#3364=CARTESIAN_POINT('',(-0.959478005132377,-0.499091790499834,0.144208503230288));
#3365=DIRECTION('',(-4.29E-13,-1.0,-3.26943875618435E-15));
#3366=DIRECTION('',(-0.830899922755727,3.58275254150323E-13,-0.556421888825851));
#3367=ORIENTED_EDGE('',*,*,#4386,.T.);
#3368=ORIENTED_EDGE('',*,*,#4436,.F.);
#3369=ORIENTED_EDGE('',*,*,#4378,.F.);
#3370=ORIENTED_EDGE('',*,*,#4437,.T.);
#3371=CARTESIAN_POINT('',(-0.952666448990879,-0.499091790499837,0.151529889911177));
#3372=DIRECTION('',(0.681155614150222,-2.94541788183338E-13,0.732138668089341));
#3373=DIRECTION('',(-0.732138668089341,3.12147639769496E-13,0.681155614150222));
#3374=ORIENTED_EDGE('',*,*,#4387,.T.);
#3375=ORIENTED_EDGE('',*,*,#4437,.F.);
#3376=ORIENTED_EDGE('',*,*,#4377,.F.);
#3377=ORIENTED_EDGE('',*,*,#4438,.T.);
#3378=CARTESIAN_POINT('',(-0.993013118483855,-0.49909179049982,0.175408372498409));
#3379=DIRECTION('',(-4.29E-13,-1.0,-3.26943875618434E-15));
#3380=DIRECTION('',(-0.830899922755727,3.58275254150323E-13,-0.556421888825851));
#3381=ORIENTED_EDGE('',*,*,#4388,.T.);
#3382=ORIENTED_EDGE('',*,*,#4438,.F.);
#3383=ORIENTED_EDGE('',*,*,#4376,.F.);
#3384=ORIENTED_EDGE('',*,*,#3757,.T.);
#3385=CARTESIAN_POINT('',(-1.08877972880923,-0.499091790499779,0.120404974362617));
#3386=DIRECTION('',(-0.57451946614804,2.44087783717564E-13,0.818490918102926));
#3387=DIRECTION('',(-0.818490918102926,3.53004486996629E-13,-0.57451946614804));
#3388=ORIENTED_EDGE('',*,*,#3755,.T.);
#3389=ORIENTED_EDGE('',*,*,#4375,.F.);
#3390=ORIENTED_EDGE('',*,*,#4439,.T.);
#3391=ORIENTED_EDGE('',*,*,#4389,.T.);
#3392=CARTESIAN_POINT('',(-1.0945249234707,-0.499091790499776,0.128589883543642));
#3393=DIRECTION('',(-4.29E-13,-1.0,-3.26943875618436E-15));
#3394=DIRECTION('',(-0.830899922755727,3.58275254150323E-13,-0.556421888825851));
#3395=ORIENTED_EDGE('',*,*,#4390,.T.);
#3396=ORIENTED_EDGE('',*,*,#4439,.F.);
#3397=ORIENTED_EDGE('',*,*,#4374,.F.);
#3398=ORIENTED_EDGE('',*,*,#4440,.T.);
#3399=CARTESIAN_POINT('',(-1.12004120514326,-0.499091790499765,0.159541862207267));
#3400=DIRECTION('',(0.905820460248631,-3.90026954475694E-13,0.423661768153509));
#3401=DIRECTION('',(-0.423661768153509,1.79080955945406E-13,0.905820460248631));
#3402=ORIENTED_EDGE('',*,*,#4391,.T.);
#3403=ORIENTED_EDGE('',*,*,#4440,.F.);
#3404=ORIENTED_EDGE('',*,*,#4373,.F.);
#3405=ORIENTED_EDGE('',*,*,#4441,.T.);
#3406=CARTESIAN_POINT('',(-1.09286659133581,-0.499091790499777,0.172251715251872));
#3407=DIRECTION('',(-4.29E-13,-1.0,-3.26943875618433E-15));
#3408=DIRECTION('',(-0.830899922755727,3.58275254150323E-13,-0.556421888825851));
#3409=ORIENTED_EDGE('',*,*,#4392,.T.);
#3410=ORIENTED_EDGE('',*,*,#4441,.F.);
#3411=ORIENTED_EDGE('',*,*,#4372,.F.);
#3412=ORIENTED_EDGE('',*,*,#4442,.T.);
#3413=CARTESIAN_POINT('',(-1.0333286861625,-0.499091790499803,0.280288705721696));
#3414=DIRECTION('',(0.73213866808932,-3.12147639769487E-13,-0.681155614150245));
#3415=DIRECTION('',(0.681155614150245,-2.94541788183347E-13,0.73213866808932));
#3416=ORIENTED_EDGE('',*,*,#4393,.T.);
#3417=ORIENTED_EDGE('',*,*,#4442,.F.);
#3418=ORIENTED_EDGE('',*,*,#4371,.F.);
#3419=ORIENTED_EDGE('',*,*,#4443,.T.);
#3420=CARTESIAN_POINT('',(-1.01136452611981,-0.499091790499812,0.259854037297189));
#3421=DIRECTION('',(-4.29E-13,-1.0,-3.26943875618437E-15));
#3422=DIRECTION('',(-0.830899922755727,3.58275254150323E-13,-0.556421888825851));
#3423=ORIENTED_EDGE('',*,*,#4394,.T.);
#3424=ORIENTED_EDGE('',*,*,#4443,.F.);
#3425=ORIENTED_EDGE('',*,*,#4370,.F.);
#3426=ORIENTED_EDGE('',*,*,#4444,.T.);
#3427=CARTESIAN_POINT('',(-1.002126882139,-0.499091790499816,0.288396390628402));
#3428=DIRECTION('',(-0.307921466027035,1.35026223312423E-13,-0.951411777707088));
#3429=DIRECTION('',(0.951411777707088,-4.07380575160241E-13,-0.307921466027035));
#3430=ORIENTED_EDGE('',*,*,#3751,.T.);
#3431=ORIENTED_EDGE('',*,*,#4395,.T.);
#3432=ORIENTED_EDGE('',*,*,#4444,.F.);
#3433=ORIENTED_EDGE('',*,*,#4369,.F.);
#3434=CARTESIAN_POINT('',(-0.984636882414526,-0.499091790499824,0.240693022413481));
#3435=DIRECTION('',(-4.29E-13,-1.0,-3.26943875618434E-15));
#3436=DIRECTION('',(-0.830899922755727,3.58275254150323E-13,-0.556421888825851));
#3437=ORIENTED_EDGE('',*,*,#4396,.T.);
#3438=ORIENTED_EDGE('',*,*,#3753,.F.);
#3439=ORIENTED_EDGE('',*,*,#4368,.F.);
#3440=ORIENTED_EDGE('',*,*,#4445,.T.);
#3441=CARTESIAN_POINT('',(-0.929493742208523,-0.499091790499847,0.228015671194701));
#3442=DIRECTION('',(-0.847437230386941,3.65295274183769E-13,-0.530895602311896));
#3443=DIRECTION('',(0.530895602311896,-2.25278442508177E-13,-0.847437230386941));
#3444=ORIENTED_EDGE('',*,*,#3747,.T.);
#3445=ORIENTED_EDGE('',*,*,#4397,.T.);
#3446=ORIENTED_EDGE('',*,*,#4445,.F.);
#3447=ORIENTED_EDGE('',*,*,#4367,.F.);
#3448=CARTESIAN_POINT('',(-0.874410322233373,-0.499091790499871,0.262523885344963));
#3449=DIRECTION('',(-4.29E-13,-1.0,-3.26943875618432E-15));
#3450=DIRECTION('',(-0.830899922755727,3.58275254150323E-13,-0.556421888825851));
#3451=ORIENTED_EDGE('',*,*,#4398,.T.);
#3452=ORIENTED_EDGE('',*,*,#3749,.F.);
#3453=ORIENTED_EDGE('',*,*,#4366,.F.);
#3454=ORIENTED_EDGE('',*,*,#4446,.T.);
#3455=CARTESIAN_POINT('',(-0.0650519323719419,-0.499091790500218,0.251590698131831));
#3456=DIRECTION('',(-4.29E-13,-1.0,-3.26943875618437E-15));
#3457=DIRECTION('',(-0.830899922755727,3.58275254150323E-13,-0.556421888825851));
#3458=ORIENTED_EDGE('',*,*,#3743,.T.);
#3459=ORIENTED_EDGE('',*,*,#4399,.T.);
#3460=ORIENTED_EDGE('',*,*,#4446,.F.);
#3461=ORIENTED_EDGE('',*,*,#4365,.F.);
#3462=CARTESIAN_POINT('',(-0.185751782647472,-0.499091790500168,0.787652022640542));
#3463=DIRECTION('',(-4.29E-13,-1.0,-3.26943875618434E-15));
#3464=DIRECTION('',(-0.830899922755727,3.58275254150323E-13,-0.556421888825851));
#3465=ORIENTED_EDGE('',*,*,#4400,.T.);
#3466=ORIENTED_EDGE('',*,*,#3745,.F.);
#3467=ORIENTED_EDGE('',*,*,#4364,.F.);
#3468=ORIENTED_EDGE('',*,*,#4419,.T.);
#3469=CARTESIAN_POINT('',(-0.161580247601121,-0.499091790500178,0.76996677346123));
#3470=DIRECTION('',(-4.29E-13,-1.0,-3.26943875618433E-15));
#3471=DIRECTION('',(-0.830899922755727,3.58275254150323E-13,-0.556421888825851));
#3472=ORIENTED_EDGE('',*,*,#4320,.F.);
#3473=ORIENTED_EDGE('',*,*,#4350,.F.);
#3474=ORIENTED_EDGE('',*,*,#4447,.T.);
#3475=ORIENTED_EDGE('',*,*,#4292,.F.);
#3476=CARTESIAN_POINT('',(0.200012043150737,-0.519091790500335,1.39310796791716));
#3477=DIRECTION('',(0.664259337591056,-2.8733697616832E-13,0.747502195597506));
#3478=DIRECTION('',(0.747502195597506,-3.18792214657684E-13,-0.664259337591056));
#3479=ORIENTED_EDGE('',*,*,#4448,.T.);
#3480=ORIENTED_EDGE('',*,*,#4293,.F.);
#3481=ORIENTED_EDGE('',*,*,#4447,.F.);
#3482=ORIENTED_EDGE('',*,*,#4347,.F.);
#3483=CARTESIAN_POINT('',(-0.957190186127487,-0.519091790499835,0.12350959745804));
#3484=DIRECTION('',(-4.29E-13,-1.0,-3.26943875618432E-15));
#3485=DIRECTION('',(0.830899922755727,-3.58275254150323E-13,0.556421888825851));
#3486=ORIENTED_EDGE('',*,*,#4449,.T.);
#3487=ORIENTED_EDGE('',*,*,#4294,.F.);
#3488=ORIENTED_EDGE('',*,*,#4448,.F.);
#3489=ORIENTED_EDGE('',*,*,#4344,.F.);
#3490=CARTESIAN_POINT('',(-0.213695641388417,-0.519091790500158,1.49954414522436));
#3491=DIRECTION('',(0.463130302290195,-2.01439343405415E-13,0.886290202529957));
#3492=DIRECTION('',(0.886290202529957,-3.78963329265907E-13,-0.463130302290195));
#3493=ORIENTED_EDGE('',*,*,#3739,.T.);
#3494=ORIENTED_EDGE('',*,*,#4295,.F.);
#3495=ORIENTED_EDGE('',*,*,#4449,.F.);
#3496=ORIENTED_EDGE('',*,*,#3768,.F.);
#3497=CARTESIAN_POINT('',(-0.947165653478834,-0.519091790499839,0.142693496735432));
#3498=DIRECTION('',(-4.29E-13,-1.0,-3.2694387561843E-15));
#3499=DIRECTION('',(0.830899922755727,-3.58275254150323E-13,0.556421888825851));
#3500=ORIENTED_EDGE('',*,*,#4450,.T.);
#3501=ORIENTED_EDGE('',*,*,#4296,.F.);
#3502=ORIENTED_EDGE('',*,*,#3741,.F.);
#3503=ORIENTED_EDGE('',*,*,#4340,.F.);
#3504=CARTESIAN_POINT('',(-0.612869977113569,-0.519091790499982,-0.125386505108342));
#3505=DIRECTION('',(-0.747502195597506,3.18792214657684E-13,0.664259337591056));
#3506=DIRECTION('',(0.664259337591056,-2.87336976168321E-13,0.747502195597506));
#3507=ORIENTED_EDGE('',*,*,#4451,.T.);
#3508=ORIENTED_EDGE('',*,*,#4297,.F.);
#3509=ORIENTED_EDGE('',*,*,#4450,.F.);
#3510=ORIENTED_EDGE('',*,*,#4337,.F.);
#3511=CARTESIAN_POINT('',(-1.01688341257949,-0.51909179049981,0.204647391655456));
#3512=DIRECTION('',(-4.29E-13,-1.0,-3.26943875618435E-15));
#3513=DIRECTION('',(0.830899922755727,-3.58275254150323E-13,0.556421888825851));
#3514=ORIENTED_EDGE('',*,*,#4452,.T.);
#3515=ORIENTED_EDGE('',*,*,#4298,.F.);
#3516=ORIENTED_EDGE('',*,*,#4451,.F.);
#3517=ORIENTED_EDGE('',*,*,#4334,.F.);
#3518=CARTESIAN_POINT('',(0.434459950362337,-0.519091790500436,1.22234832973702));
#3519=DIRECTION('',(-0.825722126740751,3.56076281482857E-13,-0.564077095272207));
#3520=DIRECTION('',(-0.564077095272207,2.39584423043833E-13,0.825722126740751));
#3521=ORIENTED_EDGE('',*,*,#4453,.T.);
#3522=ORIENTED_EDGE('',*,*,#4299,.F.);
#3523=ORIENTED_EDGE('',*,*,#4452,.F.);
#3524=ORIENTED_EDGE('',*,*,#4331,.F.);
#3525=CARTESIAN_POINT('',(-1.03475630575296,-0.519091790499802,0.192437848833594));
#3526=DIRECTION('',(-4.29E-13,-1.0,-3.26943875618433E-15));
#3527=DIRECTION('',(0.830899922755727,-3.58275254150323E-13,0.556421888825851));
#3528=ORIENTED_EDGE('',*,*,#4321,.F.);
#3529=ORIENTED_EDGE('',*,*,#4300,.F.);
#3530=ORIENTED_EDGE('',*,*,#4453,.F.);
#3531=ORIENTED_EDGE('',*,*,#4328,.F.);
#3532=ORIENTED_EDGE('',*,*,#4325,.F.);
#3533=CARTESIAN_POINT('',(0.0900512196950291,-0.519091790500289,1.49082340498191));
#3534=DIRECTION('',(-0.664259337591071,2.87336976168327E-13,-0.747502195597492));
#3535=DIRECTION('',(-0.747502195597492,3.18792214657679E-13,0.664259337591071));
#3536=ORIENTED_EDGE('',*,*,#4028,.T.);
#3537=ORIENTED_EDGE('',*,*,#3944,.T.);
#3538=ORIENTED_EDGE('',*,*,#4027,.F.);
#3539=ORIENTED_EDGE('',*,*,#4034,.T.);
#3540=CARTESIAN_POINT('',(1.19144827493596,-0.0665917905007523,-1.50081119884175));
#3541=DIRECTION('',(-4.29E-13,-1.0,-3.26943875618437E-15));
#3542=DIRECTION('',(-0.830899922755727,3.58275254150323E-13,-0.556421888825851));
#3543=ORIENTED_EDGE('',*,*,#4022,.F.);
#3544=ORIENTED_EDGE('',*,*,#3942,.F.);
#3545=ORIENTED_EDGE('',*,*,#4041,.T.);
#3546=ORIENTED_EDGE('',*,*,#3937,.T.);
#3547=CARTESIAN_POINT('',(0.745813435469715,-0.701591790500563,-0.751185083707144));
#3548=DIRECTION('',(-0.958696380733365,4.12298327566255E-13,-0.284431449682955));
#3549=DIRECTION('',(0.284431449682955,-1.19168381234177E-13,-0.958696380733365));
#3550=ORIENTED_EDGE('',*,*,#4352,.F.);
#3551=ORIENTED_EDGE('',*,*,#4280,.F.);
#3552=ORIENTED_EDGE('',*,*,#4083,.F.);
#3553=ORIENTED_EDGE('',*,*,#4099,.T.);
#3554=CARTESIAN_POINT('',(-0.263411334574574,-0.701591790500134,0.441504883303522));
#3555=DIRECTION('',(0.556421888825851,-2.36283423590032E-13,-0.830899922755726));
#3556=DIRECTION('',(0.830899922755727,-3.58275254150323E-13,0.556421888825851));
#3557=ORIENTED_EDGE('',*,*,#4429,.T.);
#3558=ORIENTED_EDGE('',*,*,#3992,.T.);
#3559=ORIENTED_EDGE('',*,*,#4454,.T.);
#3560=ORIENTED_EDGE('',*,*,#4433,.T.);
#3561=CARTESIAN_POINT('',(-0.161580247601121,-0.499091790500178,0.76996677346123));
#3562=DIRECTION('',(-4.29E-13,-1.0,-3.26943875618435E-15));
#3563=DIRECTION('',(0.830899922755727,-3.58275254150323E-13,0.556421888825851));
#3564=ORIENTED_EDGE('',*,*,#3990,.F.);
#3565=ORIENTED_EDGE('',*,*,#4431,.F.);
#3566=ORIENTED_EDGE('',*,*,#4432,.F.);
#3567=ORIENTED_EDGE('',*,*,#4455,.F.);
#3568=CARTESIAN_POINT('',(-0.161580247601091,-0.429091790500178,0.769966773461231));
#3569=DIRECTION('',(-4.29E-13,-1.0,-3.26943875618435E-15));
#3570=DIRECTION('',(0.830899922755727,-3.58275254150323E-13,0.556421888825851));
#3571=ORIENTED_EDGE('',*,*,#3991,.F.);
#3572=ORIENTED_EDGE('',*,*,#4455,.T.);
#3573=ORIENTED_EDGE('',*,*,#4434,.F.);
#3574=ORIENTED_EDGE('',*,*,#4454,.F.);
#3575=CARTESIAN_POINT('',(-1.03155604627231,-0.499091790499803,0.0044836174943183));
#3576=DIRECTION('',(0.847437230387004,-3.65295274183796E-13,0.530895602311796));
#3577=DIRECTION('',(-0.530895602311796,2.25278442508134E-13,0.847437230387004));
#3578=ORIENTED_EDGE('',*,*,#3987,.F.);
#3579=ORIENTED_EDGE('',*,*,#4254,.F.);
#3580=ORIENTED_EDGE('',*,*,#4259,.F.);
#3581=ORIENTED_EDGE('',*,*,#4456,.F.);
#3582=CARTESIAN_POINT('',(-0.161580247600694,0.495908209499822,0.769966773461234));
#3583=DIRECTION('',(-4.29E-13,-1.0,-3.26943875618435E-15));
#3584=DIRECTION('',(0.830899922755727,-3.58275254150323E-13,0.556421888825851));
#3585=ORIENTED_EDGE('',*,*,#4255,.T.);
#3586=ORIENTED_EDGE('',*,*,#3989,.T.);
#3587=ORIENTED_EDGE('',*,*,#4457,.T.);
#3588=ORIENTED_EDGE('',*,*,#4257,.T.);
#3589=CARTESIAN_POINT('',(-0.161580247600725,0.425908209499821,0.769966773461233));
#3590=DIRECTION('',(-4.29E-13,-1.0,-3.26943875618435E-15));
#3591=DIRECTION('',(0.830899922755727,-3.58275254150323E-13,0.556421888825851));
#3592=ORIENTED_EDGE('',*,*,#4457,.F.);
#3593=ORIENTED_EDGE('',*,*,#3988,.T.);
#3594=ORIENTED_EDGE('',*,*,#4456,.T.);
#3595=ORIENTED_EDGE('',*,*,#4258,.T.);
#3596=CARTESIAN_POINT('',(-1.03155604627188,0.495908209500197,0.00448361749432163));
#3597=DIRECTION('',(-0.847437230387004,3.65295274183796E-13,-0.530895602311796));
#3598=DIRECTION('',(0.530895602311796,-2.25278442508134E-13,-0.847437230387004));
#3599=ORIENTED_EDGE('',*,*,#4458,.F.);
#3600=ORIENTED_EDGE('',*,*,#4413,.T.);
#3601=ORIENTED_EDGE('',*,*,#4459,.T.);
#3602=ORIENTED_EDGE('',*,*,#4213,.F.);
#3603=CARTESIAN_POINT('',(-0.263411334574574,-0.701591790500134,0.441504883303522));
#3604=DIRECTION('',(0.556421888825851,-2.36283423590032E-13,-0.830899922755726));
#3605=DIRECTION('',(0.830899922755727,-3.58275254150323E-13,0.556421888825851));
#3606=ORIENTED_EDGE('',*,*,#3980,.F.);
#3607=ORIENTED_EDGE('',*,*,#4382,.T.);
#3608=ORIENTED_EDGE('',*,*,#4460,.T.);
#3609=ORIENTED_EDGE('',*,*,#4207,.F.);
#3610=CARTESIAN_POINT('',(-0.263411334574574,-0.701591790500134,0.441504883303522));
#3611=DIRECTION('',(0.556421888825851,-2.36283423590032E-13,-0.830899922755726));
#3612=DIRECTION('',(0.830899922755727,-3.58275254150323E-13,0.556421888825851));
#3613=ORIENTED_EDGE('',*,*,#4459,.F.);
#3614=ORIENTED_EDGE('',*,*,#4412,.T.);
#3615=ORIENTED_EDGE('',*,*,#3972,.T.);
#3616=ORIENTED_EDGE('',*,*,#4214,.F.);
#3617=CARTESIAN_POINT('',(-0.263411334574574,-0.701591790500134,0.441504883303522));
#3618=DIRECTION('',(-0.830899922755727,3.58275254150323E-13,-0.556421888825851));
#3619=DIRECTION('',(-4.29E-13,-1.0,-3.26943875618433E-15));
#3620=ORIENTED_EDGE('',*,*,#4458,.T.);
#3621=ORIENTED_EDGE('',*,*,#4212,.T.);
#3622=ORIENTED_EDGE('',*,*,#3737,.F.);
#3623=ORIENTED_EDGE('',*,*,#4414,.T.);
#3624=CARTESIAN_POINT('',(-0.275943485851867,-0.701591790500128,0.43311258106135));
#3625=DIRECTION('',(-0.884510091007831,3.81010927984616E-13,-0.466521059444607));
#3626=DIRECTION('',(0.466521059444607,-1.975390765297E-13,-0.884510091007831));
#3627=ORIENTED_EDGE('',*,*,#4461,.T.);
#3628=ORIENTED_EDGE('',*,*,#4208,.T.);
#3629=ORIENTED_EDGE('',*,*,#4460,.F.);
#3630=ORIENTED_EDGE('',*,*,#4418,.T.);
#3631=CARTESIAN_POINT('',(-0.603579470423183,-0.701591790499988,0.527629867496339));
#3632=DIRECTION('',(0.973613592750179,-4.17149892255316E-13,-0.228202918500374));
#3633=DIRECTION('',(0.228202918500374,-1.00881025923033E-13,0.973613592750179));
#3634=ORIENTED_EDGE('',*,*,#3735,.T.);
#3635=ORIENTED_EDGE('',*,*,#4211,.T.);
#3636=ORIENTED_EDGE('',*,*,#4462,.F.);
#3637=ORIENTED_EDGE('',*,*,#4415,.T.);
#3638=CARTESIAN_POINT('',(-0.393648337585844,-0.701591790500078,0.506230671721379));
#3639=DIRECTION('',(-4.29E-13,-1.0,-3.26943875618435E-15));
#3640=DIRECTION('',(-0.830899922755727,3.58275254150323E-13,-0.556421888825851));
#3641=ORIENTED_EDGE('',*,*,#4462,.T.);
#3642=ORIENTED_EDGE('',*,*,#4210,.T.);
#3643=ORIENTED_EDGE('',*,*,#4463,.F.);
#3644=ORIENTED_EDGE('',*,*,#4416,.T.);
#3645=CARTESIAN_POINT('',(-0.390971820622134,-0.70159179050008,0.576179483412093));
#3646=DIRECTION('',(-0.038235956624452,1.94316054774684E-14,-0.999268738438771));
#3647=DIRECTION('',(0.999268738438771,-4.28734681019011E-13,-0.038235956624452));
#3648=ORIENTED_EDGE('',*,*,#4463,.T.);
#3649=ORIENTED_EDGE('',*,*,#4209,.T.);
#3650=ORIENTED_EDGE('',*,*,#4461,.F.);
#3651=ORIENTED_EDGE('',*,*,#4417,.T.);
#3652=CARTESIAN_POINT('',(-0.53542651893067,-0.701591790500017,0.511655663201313));
#3653=DIRECTION('',(-4.29E-13,-1.0,-3.26943875618439E-15));
#3654=DIRECTION('',(-0.830899922755727,3.58275254150323E-13,-0.556421888825851));
#3655=FILL_AREA_STYLE_COLOUR('',#4464);
#3656=ORIENTED_EDGE('',*,*,#4465,.F.);
#3657=ORIENTED_EDGE('',*,*,#4466,.T.);
#3658=ORIENTED_EDGE('',*,*,#4467,.T.);
#3659=ORIENTED_EDGE('',*,*,#4468,.F.);
#3660=CARTESIAN_POINT('',(1.6606182434428,0.358408209499043,-0.442935883941206));
#3661=DIRECTION('',(0.338880896367456,-1.42590167468769E-13,-0.940829282110835));
#3662=DIRECTION('',(-0.940829282110835,4.04795081666185E-13,-0.338880896367456));
#3663=ORIENTED_EDGE('',*,*,#4469,.F.);
#3664=ORIENTED_EDGE('',*,*,#4470,.T.);
#3665=ORIENTED_EDGE('',*,*,#4471,.T.);
#3666=ORIENTED_EDGE('',*,*,#4472,.F.);
#3667=CARTESIAN_POINT('',(1.66061824344249,-0.361591790500957,-0.442935883941208));
#3668=DIRECTION('',(0.338880896367456,-1.42590167468769E-13,-0.940829282110835));
#3669=DIRECTION('',(-0.940829282110835,4.04795081666185E-13,-0.338880896367456));
#3670=ORIENTED_EDGE('',*,*,#4473,.F.);
#3671=ORIENTED_EDGE('',*,*,#4471,.F.);
#3672=ORIENTED_EDGE('',*,*,#4474,.T.);
#3673=ORIENTED_EDGE('',*,*,#4475,.T.);
#3674=CARTESIAN_POINT('',(0.865382292738493,0.0634082094993852,-0.729374961595799));
#3675=DIRECTION('',(0.940829282110835,-4.04795081666185E-13,0.338880896367456));
#3676=DIRECTION('',(-0.338880896367456,1.42590167468769E-13,0.940829282110835));
#3677=ORIENTED_EDGE('',*,*,#4469,.T.);
#3678=ORIENTED_EDGE('',*,*,#4476,.F.);
#3679=ORIENTED_EDGE('',*,*,#4477,.F.);
#3680=ORIENTED_EDGE('',*,*,#4478,.T.);
#3681=CARTESIAN_POINT('',(1.66061824344249,-0.361591790500957,-0.442935883941208));
#3682=DIRECTION('',(0.338880896367456,-1.42590167468769E-13,-0.940829282110835));
#3683=DIRECTION('',(-0.940829282110835,4.04795081666185E-13,-0.338880896367456));
#3684=ORIENTED_EDGE('',*,*,#4465,.T.);
#3685=ORIENTED_EDGE('',*,*,#4479,.F.);
#3686=ORIENTED_EDGE('',*,*,#4475,.F.);
#3687=ORIENTED_EDGE('',*,*,#4480,.T.);
#3688=CARTESIAN_POINT('',(1.6606182434428,0.358408209499043,-0.442935883941206));
#3689=DIRECTION('',(0.338880896367456,-1.42590167468769E-13,-0.940829282110835));
#3690=DIRECTION('',(-0.940829282110835,4.04795081666185E-13,-0.338880896367456));
#3691=ORIENTED_EDGE('',*,*,#4481,.F.);
#3692=ORIENTED_EDGE('',*,*,#4482,.F.);
#3693=ORIENTED_EDGE('',*,*,#4483,.T.);
#3694=ORIENTED_EDGE('',*,*,#4477,.T.);
#3695=CARTESIAN_POINT('',(0.752591053397084,-0.656591790500566,-0.770001669349361));
#3696=DIRECTION('',(-4.29E-13,-1.0,-3.26943875618435E-15));
#3697=DIRECTION('',(0.830899922755727,-3.58275254150323E-13,0.556421888825851));
#3698=ORIENTED_EDGE('',*,*,#4484,.F.);
#3699=ORIENTED_EDGE('',*,*,#4485,.F.);
#3700=ORIENTED_EDGE('',*,*,#4486,.T.);
#3701=ORIENTED_EDGE('',*,*,#4482,.T.);
#3702=CARTESIAN_POINT('',(0.752591053397646,0.653408209499434,-0.770001669349357));
#3703=DIRECTION('',(-0.940829282110835,4.0483619787443E-13,-0.338880896367456));
#3704=DIRECTION('',(0.338880896367456,-1.42590167468769E-13,-0.940829282110835));
#3705=ORIENTED_EDGE('',*,*,#4487,.F.);
#3706=ORIENTED_EDGE('',*,*,#4467,.F.);
#3707=ORIENTED_EDGE('',*,*,#4488,.T.);
#3708=ORIENTED_EDGE('',*,*,#4485,.T.);
#3709=CARTESIAN_POINT('',(0.752591053397646,0.653408209499434,-0.770001669349357));
#3710=DIRECTION('',(4.29E-13,1.0,3.26943875618435E-15));
#3711=DIRECTION('',(-0.830899922755727,3.58275254150323E-13,-0.556421888825851));
#3712=ORIENTED_EDGE('',*,*,#4480,.F.);
#3713=ORIENTED_EDGE('',*,*,#4474,.F.);
#3714=ORIENTED_EDGE('',*,*,#4470,.F.);
#3715=ORIENTED_EDGE('',*,*,#4478,.F.);
#3716=ORIENTED_EDGE('',*,*,#4483,.F.);
#3717=ORIENTED_EDGE('',*,*,#4486,.F.);
#3718=ORIENTED_EDGE('',*,*,#4488,.F.);
#3719=ORIENTED_EDGE('',*,*,#4466,.F.);
#3720=CARTESIAN_POINT('',(1.6606182434428,0.358408209499043,-0.442935883941206));
#3721=DIRECTION('',(-0.338880896367456,1.42590167468769E-13,0.940829282110835));
#3722=DIRECTION('',(-0.940829282110835,4.04795081666185E-13,-0.338880896367456));
#3723=ORIENTED_EDGE('',*,*,#4479,.T.);
#3724=ORIENTED_EDGE('',*,*,#4468,.T.);
#3725=ORIENTED_EDGE('',*,*,#4487,.T.);
#3726=ORIENTED_EDGE('',*,*,#4484,.T.);
#3727=ORIENTED_EDGE('',*,*,#4481,.T.);
#3728=ORIENTED_EDGE('',*,*,#4476,.T.);
#3729=ORIENTED_EDGE('',*,*,#4472,.T.);
#3730=ORIENTED_EDGE('',*,*,#4473,.T.);
#3731=CARTESIAN_POINT('',(1.65384062551545,0.358408209499046,-0.424119298298989));
#3732=DIRECTION('',(-0.338880896367456,1.42590167468769E-13,0.940829282110835));
#3733=DIRECTION('',(-0.940829282110835,4.04795081666185E-13,-0.338880896367456));
#3734=COLOUR_RGB('',0.87058824300766,0.729411780834198,0.34901961684227);
#3735=EDGE_CURVE('',#4489,#4490,#4491,.T.);
#3736=EDGE_CURVE('0:2471',#4489,#4492,#4493,.F.);
#3737=EDGE_CURVE('0:2630',#4492,#4494,#4495,.T.);
#3738=EDGE_CURVE('0:1829',#4494,#4490,#4496,.T.);
#3739=EDGE_CURVE('',#4497,#4498,#4499,.T.);
#3740=EDGE_CURVE('0:2249',#4500,#4497,#4501,.F.);
#3741=EDGE_CURVE('0:2594',#4500,#4502,#4503,.T.);
#3742=EDGE_CURVE('0:2102',#4498,#4502,#4504,.T.);
#3743=EDGE_CURVE('',#4505,#4506,#4507,.T.);
#3744=EDGE_CURVE('0:2321',#4508,#4505,#4509,.T.);
#3745=EDGE_CURVE('0:2582',#4508,#4510,#4511,.T.);
#3746=EDGE_CURVE('0:2423',#4510,#4506,#4512,.T.);
#3747=EDGE_CURVE('',#4513,#4514,#4515,.T.);
#3748=EDGE_CURVE('0:2327',#4516,#4513,#4517,.T.);
#3749=EDGE_CURVE('0:2576',#4516,#4518,#4519,.T.);
#3750=EDGE_CURVE('0:2417',#4518,#4514,#4520,.T.);
#3751=EDGE_CURVE('',#4521,#4522,#4523,.T.);
#3752=EDGE_CURVE('0:2333',#4524,#4521,#4525,.T.);
#3753=EDGE_CURVE('0:2570',#4524,#4526,#4527,.T.);
#3754=EDGE_CURVE('0:2411',#4526,#4522,#4528,.T.);
#3755=EDGE_CURVE('',#4529,#4530,#4531,.T.);
#3756=EDGE_CURVE('0:2393',#4529,#4532,#4533,.T.);
#3757=EDGE_CURVE('0:2549',#4534,#4532,#4535,.T.);
#3758=EDGE_CURVE('0:2351',#4530,#4534,#4536,.T.);
#3759=EDGE_CURVE('',#4537,#4538,#4539,.T.);
#3760=EDGE_CURVE('0:2381',#4537,#4540,#4541,.T.);
#3761=EDGE_CURVE('0:2537',#4542,#4540,#4543,.T.);
#3762=EDGE_CURVE('0:2363',#4538,#4542,#4544,.T.);
#3763=EDGE_CURVE('',#4545,#4546,#4547,.T.);
#3764=EDGE_CURVE('0:2438',#4545,#4548,#4549,.T.);
#3765=EDGE_CURVE('0:2492',#4550,#4548,#4551,.T.);
#3766=EDGE_CURVE('0:2306',#4546,#4550,#4552,.T.);
#3767=EDGE_CURVE('',#4497,#4553,#4554,.T.);
#3768=EDGE_CURVE('0:2249',#4497,#4555,#4556,.F.);
#3769=EDGE_CURVE('0:2252',#4555,#4557,#4558,.T.);
#3770=EDGE_CURVE('0:2255',#4557,#4553,#4559,.T.);
#3771=EDGE_CURVE('',#4560,#4561,#4562,.T.);
#3772=EDGE_CURVE('0:2144',#4563,#4560,#4564,.T.);
#3773=EDGE_CURVE('0:2135',#4565,#4563,#4566,.T.);
#3774=EDGE_CURVE('0:2072',#4561,#4565,#4567,.T.);
#3775=EDGE_CURVE('',#4568,#4569,#4570,.T.);
#3776=EDGE_CURVE('0:1430',#4571,#4568,#4572,.T.);
#3777=EDGE_CURVE('0:2051',#4571,#4573,#4574,.T.);
#3778=EDGE_CURVE('0:2048',#4569,#4573,#4575,.F.);
#3779=EDGE_CURVE('',#4576,#4577,#4578,.T.);
#3780=EDGE_CURVE('0:1877',#4579,#4576,#4580,.T.);
#3781=EDGE_CURVE('0:2027',#4581,#4579,#4582,.T.);
#3782=EDGE_CURVE('0:1778',#4581,#4577,#4583,.T.);
#3783=EDGE_CURVE('',#4584,#4585,#4586,.T.);
#3784=EDGE_CURVE('0:1883',#4587,#4584,#4588,.T.);
#3785=EDGE_CURVE('0:2021',#4589,#4587,#4590,.T.);
#3786=EDGE_CURVE('0:1772',#4589,#4585,#4591,.T.);
#3787=EDGE_CURVE('',#4592,#4593,#4594,.T.);
#3788=EDGE_CURVE('0:1889',#4595,#4592,#4596,.T.);
#3789=EDGE_CURVE('0:2015',#4597,#4595,#4598,.T.);
#3790=EDGE_CURVE('0:1766',#4597,#4593,#4599,.T.);
#3791=EDGE_CURVE('',#4600,#4601,#4602,.T.);
#3792=EDGE_CURVE('0:1748',#4600,#4603,#4604,.T.);
#3793=EDGE_CURVE('0:1994',#4603,#4605,#4606,.T.);
#3794=EDGE_CURVE('0:1907',#4601,#4605,#4607,.T.);
#3795=EDGE_CURVE('',#4608,#4609,#4610,.T.);
#3796=EDGE_CURVE('0:1736',#4608,#4611,#4612,.T.);
#3797=EDGE_CURVE('0:1982',#4611,#4613,#4614,.T.);
#3798=EDGE_CURVE('0:1919',#4609,#4613,#4615,.T.);
#3799=EDGE_CURVE('',#4616,#4617,#4618,.T.);
#3800=EDGE_CURVE('0:1793',#4616,#4619,#4620,.T.);
#3801=EDGE_CURVE('0:1937',#4619,#4621,#4622,.T.);
#3802=EDGE_CURVE('0:1862',#4617,#4621,#4623,.T.);
#3803=EDGE_CURVE('',#4624,#4625,#4626,.T.);
#3804=EDGE_CURVE('0:1697',#4624,#4627,#4628,.T.);
#3805=EDGE_CURVE('0:1700',#4629,#4627,#4630,.T.);
#3806=EDGE_CURVE('0:1502',#4629,#4625,#4631,.T.);
#3807=EDGE_CURVE('',#4632,#4633,#4634,.T.);
#3808=EDGE_CURVE('0:1589',#4635,#4632,#4636,.F.);
#3809=EDGE_CURVE('0:1655',#4635,#4637,#4638,.T.);
#3810=EDGE_CURVE('0:1658',#4633,#4637,#4639,.T.);
#3811=EDGE_CURVE('',#4632,#4640,#4641,.T.);
#3812=EDGE_CURVE('0:1589',#4632,#4642,#4643,.F.);
#3813=EDGE_CURVE('0:1580',#4642,#4644,#4645,.T.);
#3814=EDGE_CURVE('0:1556',#4644,#4640,#4646,.T.);
#3815=EDGE_CURVE('',#4647,#4648,#4649,.T.);
#3816=EDGE_CURVE('0:1394',#4647,#4650,#4651,.T.);
#3817=EDGE_CURVE('0:1469',#4652,#4650,#4653,.T.);
#3818=EDGE_CURVE('0:1385',#4648,#4652,#4654,.T.);
#3819=EDGE_CURVE('',#4655,#4656,#4657,.T.);
#3820=EDGE_CURVE('0:1349',#4658,#4655,#4659,.T.);
#3821=EDGE_CURVE('0:1466',#4658,#4660,#4661,.T.);
#3822=EDGE_CURVE('0:1415',#4660,#4656,#4662,.F.);
#3823=EDGE_CURVE('',#4663,#4664,#4665,.T.);
#3824=EDGE_CURVE('0:1355',#4666,#4663,#4667,.T.);
#3825=EDGE_CURVE('0:1460',#4666,#4668,#4669,.T.);
#3826=EDGE_CURVE('0:1409',#4668,#4664,#4670,.T.);
#3827=EDGE_CURVE('',#4671,#4672,#4673,.T.);
#3828=EDGE_CURVE('0:773',#4671,#4674,#4675,.T.);
#3829=EDGE_CURVE('0:905',#4674,#4676,#4677,.T.);
#3830=EDGE_CURVE('0:902',#4672,#4676,#4678,.T.);
#3831=EDGE_CURVE('',#4679,#4680,#4681,.T.);
#3832=EDGE_CURVE('0:1130',#4682,#4679,#4683,.T.);
#3833=EDGE_CURVE('0:1016',#4682,#4684,#4685,.T.);
#3834=EDGE_CURVE('0:881',#4684,#4680,#4686,.T.);
#3835=EDGE_CURVE('',#4687,#4688,#4689,.T.);
#3836=EDGE_CURVE('0:851',#4687,#4690,#4691,.T.);
#3837=EDGE_CURVE('0:1013',#4692,#4690,#4693,.T.);
#3838=EDGE_CURVE('0:1124',#4688,#4692,#4694,.T.);
#3839=EDGE_CURVE('',#4695,#4696,#4697,.T.);
#3840=EDGE_CURVE('0:1037',#4698,#4695,#4699,.T.);
#3841=EDGE_CURVE('0:1034',#4698,#4700,#4701,.T.);
#3842=EDGE_CURVE('0:866',#4700,#4696,#4702,.T.);
#3843=EDGE_CURVE('',#4703,#4704,#4705,.T.);
#3844=EDGE_CURVE('0:890',#4706,#4703,#4707,.F.);
#3845=EDGE_CURVE('0:908',#4708,#4706,#4709,.T.);
#3846=EDGE_CURVE('0:833',#4708,#4704,#4710,.T.);
#3847=EDGE_CURVE('',#4711,#4712,#4713,.T.);
#3848=EDGE_CURVE('0:722',#4714,#4711,#4715,.T.);
#3849=EDGE_CURVE('0:725',#4716,#4714,#4717,.T.);
#3850=EDGE_CURVE('0:728',#4716,#4712,#4718,.T.);
#3851=EDGE_CURVE('0:710',#4719,#4720,#4721,.T.);
#3852=EDGE_CURVE('0:713',#4722,#4720,#4723,.T.);
#3853=EDGE_CURVE('0:716',#4722,#4724,#4725,.T.);
#3854=EDGE_CURVE('0:719',#4724,#4719,#4726,.T.);
#3855=EDGE_CURVE('0:728',#4712,#4722,#4727,.T.);
#3856=EDGE_CURVE('0:722',#4711,#4720,#4728,.T.);
#3857=EDGE_CURVE('0:731',#4719,#4729,#4730,.T.);
#3858=EDGE_CURVE('0:734',#4724,#4731,#4732,.T.);
#3859=EDGE_CURVE('0:737',#4731,#4729,#4733,.T.);
#3860=EDGE_CURVE('0:740',#4734,#4735,#4736,.T.);
#3861=EDGE_CURVE('0:743',#4737,#4734,#4738,.T.);
#3862=EDGE_CURVE('0:746',#4737,#4739,#4740,.T.);
#3863=EDGE_CURVE('0:749',#4739,#4735,#4741,.T.);
#3864=EDGE_CURVE('0:752',#4742,#4743,#4744,.T.);
#3865=EDGE_CURVE('0:755',#4742,#4745,#4746,.T.);
#3866=EDGE_CURVE('0:758',#4745,#4747,#4748,.T.);
#3867=EDGE_CURVE('0:761',#4743,#4747,#4749,.T.);
#3868=EDGE_CURVE('0:764',#4750,#4751,#4752,.T.);
#3869=EDGE_CURVE('0:767',#4751,#4753,#4754,.T.);
#3870=EDGE_CURVE('0:770',#4674,#4753,#4755,.T.);
#3871=EDGE_CURVE('0:773',#4756,#4671,#4757,.T.);
#3872=EDGE_CURVE('0:776',#4750,#4756,#4758,.F.);
#3873=EDGE_CURVE('0:779',#4759,#4760,#4761,.F.);
#3874=EDGE_CURVE('0:782',#4735,#4759,#4762,.T.);
#3875=EDGE_CURVE('0:785',#4739,#4763,#4764,.T.);
#3876=EDGE_CURVE('0:788',#4763,#4765,#4766,.T.);
#3877=EDGE_CURVE('0:791',#4765,#4767,#4768,.T.);
#3878=EDGE_CURVE('0:794',#4769,#4767,#4770,.F.);
#3879=EDGE_CURVE('0:797',#4760,#4769,#4771,.T.);
#3880=EDGE_CURVE('0:800',#4772,#4773,#4774,.F.);
#3881=EDGE_CURVE('0:803',#4775,#4772,#4776,.T.);
#3882=EDGE_CURVE('0:806',#4775,#4777,#4778,.F.);
#3883=EDGE_CURVE('0:809',#4777,#4765,#4779,.T.);
#3884=EDGE_CURVE('0:812',#4763,#4780,#4781,.T.);
#3885=EDGE_CURVE('0:815',#4780,#4782,#4783,.T.);
#3886=EDGE_CURVE('0:818',#4773,#4782,#4784,.T.);
#3887=EDGE_CURVE('0:821',#4785,#4777,#4786,.T.);
#3888=EDGE_CURVE('0:824',#4787,#4785,#4788,.T.);
#3889=EDGE_CURVE('0:827',#4731,#4787,#4789,.T.);
#3890=EDGE_CURVE('0:830',#4790,#4716,#4791,.T.);
#3891=EDGE_CURVE('0:833',#4704,#4790,#4792,.T.);
#3892=EDGE_CURVE('0:836',#4767,#4708,#4793,.T.);
#3893=EDGE_CURVE('0:839',#4787,#4751,#4794,.T.);
#3894=EDGE_CURVE('0:842',#4785,#4753,#4795,.T.);
#3895=EDGE_CURVE('0:845',#4676,#4775,#4796,.T.);
#3896=EDGE_CURVE('0:848',#4690,#4772,#4797,.T.);
#3897=EDGE_CURVE('0:851',#4798,#4687,#4799,.T.);
#3898=EDGE_CURVE('0:854',#4800,#4798,#4801,.T.);
#3899=EDGE_CURVE('0:857',#4802,#4800,#4803,.T.);
#3900=EDGE_CURVE('0:860',#4804,#4802,#4805,.T.);
#3901=EDGE_CURVE('0:863',#4806,#4804,#4807,.T.);
#3902=EDGE_CURVE('0:866',#4696,#4806,#4808,.T.);
#3903=EDGE_CURVE('0:869',#4809,#4700,#4810,.T.);
#3904=EDGE_CURVE('0:872',#4811,#4809,#4812,.T.);
#3905=EDGE_CURVE('0:875',#4813,#4811,#4814,.T.);
#3906=EDGE_CURVE('0:878',#4815,#4813,#4816,.T.);
#3907=EDGE_CURVE('0:881',#4680,#4815,#4817,.T.);
#3908=EDGE_CURVE('0:884',#4760,#4684,#4818,.T.);
#3909=EDGE_CURVE('0:887',#4706,#4769,#4819,.T.);
#3910=EDGE_CURVE('0:890',#4703,#4820,#4821,.F.);
#3911=EDGE_CURVE('0:893',#4714,#4820,#4822,.T.);
#3912=EDGE_CURVE('0:896',#4823,#4729,#4824,.T.);
#3913=EDGE_CURVE('0:899',#4823,#4825,#4826,.F.);
#3914=EDGE_CURVE('0:902',#4825,#4672,#4827,.T.);
#3915=EDGE_CURVE('0:911',#4790,#4820,#4828,.T.);
#3916=EDGE_CURVE('0:914',#4773,#4829,#4830,.T.);
#3917=EDGE_CURVE('0:917',#4782,#4734,#4831,.T.);
#3918=EDGE_CURVE('0:920',#4832,#4759,#4833,.F.);
#3919=EDGE_CURVE('0:923',#4834,#4832,#4835,.T.);
#3920=EDGE_CURVE('0:926',#4836,#4834,#4837,.T.);
#3921=EDGE_CURVE('0:929',#4829,#4836,#4838,.T.);
#3922=EDGE_CURVE('0:932',#4780,#4737,#4839,.T.);
#3923=EDGE_CURVE('0:935',#4840,#4743,#4841,.T.);
#3924=EDGE_CURVE('0:938',#4842,#4840,#4843,.T.);
#3925=EDGE_CURVE('0:941',#4842,#4742,#4844,.T.);
#3926=EDGE_CURVE('0:944',#4845,#4840,#4846,.T.);
#3927=EDGE_CURVE('0:947',#4847,#4845,#4848,.T.);
#3928=EDGE_CURVE('0:950',#4847,#4842,#4849,.T.);
#3929=EDGE_CURVE('0:953',#4747,#4845,#4850,.T.);
#3930=EDGE_CURVE('0:956',#4745,#4847,#4851,.T.);
#3931=EDGE_CURVE('0:959',#4750,#4823,#4852,.T.);
#3932=EDGE_CURVE('0:962',#4853,#4829,#4854,.T.);
#3933=EDGE_CURVE('0:965',#4855,#4836,#4856,.T.);
#3934=EDGE_CURVE('0:968',#4855,#4857,#4858,.T.);
#3935=EDGE_CURVE('0:971',#4859,#4857,#4860,.T.);
#3936=EDGE_CURVE('0:974',#4861,#4859,#4862,.T.);
#3937=EDGE_CURVE('0:977',#4863,#4861,#4864,.T.);
#3938=EDGE_CURVE('0:980',#4863,#4853,#4865,.T.);
#3939=EDGE_CURVE('0:983',#4866,#4834,#4867,.T.);
#3940=EDGE_CURVE('0:986',#4868,#4832,#4869,.T.);
#3941=EDGE_CURVE('0:989',#4868,#4870,#4871,.T.);
#3942=EDGE_CURVE('0:992',#4870,#4872,#4873,.T.);
#3943=EDGE_CURVE('0:995',#4874,#4872,#4875,.T.);
#3944=EDGE_CURVE('0:998',#4876,#4874,#4877,.F.);
#3945=EDGE_CURVE('0:1001',#4876,#4866,#4878,.T.);
#3946=EDGE_CURVE('0:1004',#4853,#4879,#4880,.T.);
#3947=EDGE_CURVE('0:1007',#4881,#4879,#4882,.T.);
#3948=EDGE_CURVE('0:1010',#4692,#4881,#4883,.T.);
#3949=EDGE_CURVE('0:1019',#4884,#4682,#4885,.T.);
#3950=EDGE_CURVE('0:1022',#4886,#4884,#4887,.F.);
#3951=EDGE_CURVE('0:1025',#4886,#4868,#4888,.F.);
#3952=EDGE_CURVE('0:1028',#4889,#4698,#4890,.T.);
#3953=EDGE_CURVE('0:1031',#4889,#4809,#4891,.T.);
#3954=EDGE_CURVE('0:1040',#4892,#4806,#4893,.T.);
#3955=EDGE_CURVE('0:1037',#4695,#4892,#4894,.T.);
#3956=EDGE_CURVE('0:1043',#4892,#4895,#4896,.T.);
#3957=EDGE_CURVE('0:1046',#4895,#4804,#4897,.T.);
#3958=EDGE_CURVE('0:1049',#4895,#4898,#4899,.T.);
#3959=EDGE_CURVE('0:1052',#4898,#4802,#4900,.T.);
#3960=EDGE_CURVE('0:1055',#4898,#4901,#4902,.T.);
#3961=EDGE_CURVE('0:1058',#4901,#4800,#4903,.T.);
#3962=EDGE_CURVE('0:1061',#4904,#4811,#4905,.T.);
#3963=EDGE_CURVE('0:1064',#4904,#4906,#4907,.T.);
#3964=EDGE_CURVE('0:1067',#4906,#4813,#4908,.T.);
#3965=EDGE_CURVE('0:1070',#4909,#4910,#4911,.T.);
#3966=EDGE_CURVE('0:1073',#4912,#4909,#4913,.T.);
#3967=EDGE_CURVE('0:1076',#4914,#4912,#4915,.T.);
#3968=EDGE_CURVE('0:1079',#4914,#4815,#4916,.T.);
#3969=EDGE_CURVE('0:1082',#4906,#4917,#4918,.T.);
#3970=EDGE_CURVE('0:1085',#4919,#4917,#4920,.T.);
#3971=EDGE_CURVE('0:1088',#4921,#4919,#4922,.T.);
#3972=EDGE_CURVE('0:1091',#4923,#4921,#4924,.T.);
#3973=EDGE_CURVE('0:1094',#4923,#4925,#4926,.T.);
#3974=EDGE_CURVE('0:1097',#4925,#4910,#4927,.T.);
#3975=EDGE_CURVE('0:1124',#4928,#4688,#4929,.T.);
#3976=EDGE_CURVE('0:1127',#4928,#4930,#4931,.T.);
#3977=EDGE_CURVE('0:1100',#4932,#4930,#4933,.F.);
#3978=EDGE_CURVE('0:1103',#4932,#4934,#4935,.T.);
#3979=EDGE_CURVE('0:1106',#4934,#4936,#4937,.F.);
#3980=EDGE_CURVE('0:1109',#4936,#4938,#4939,.T.);
#3981=EDGE_CURVE('0:1112',#4940,#4938,#4941,.F.);
#3982=EDGE_CURVE('0:1115',#4942,#4940,#4943,.F.);
#3983=EDGE_CURVE('0:1118',#4942,#4944,#4945,.F.);
#3984=EDGE_CURVE('0:1121',#4944,#4798,#4946,.T.);
#3985=EDGE_CURVE('0:1130',#4679,#4914,#4947,.T.);
#3986=EDGE_CURVE('0:1133',#4948,#4949,#4950,.F.);
#3987=EDGE_CURVE('0:1136',#4948,#4951,#4952,.T.);
#3988=EDGE_CURVE('0:1139',#4953,#4951,#4954,.T.);
#3989=EDGE_CURVE('0:1142',#4949,#4953,#4955,.T.);
#3990=EDGE_CURVE('0:1145',#4956,#4957,#4958,.T.);
#3991=EDGE_CURVE('0:1148',#4957,#4959,#4960,.F.);
#3992=EDGE_CURVE('0:1151',#4961,#4959,#4962,.T.);
#3993=EDGE_CURVE('0:1154',#4961,#4956,#4963,.T.);
#3994=EDGE_CURVE('0:1157',#4944,#4901,#4964,.T.);
#3995=EDGE_CURVE('0:1160',#4889,#4904,#4965,.T.);
#3996=EDGE_CURVE('0:1163',#4866,#4855,#4966,.T.);
#3997=EDGE_CURVE('0:1166',#4756,#4825,#4967,.T.);
#3998=EDGE_CURVE('0:1169',#4968,#4969,#4970,.T.);
#3999=EDGE_CURVE('0:1172',#4969,#4971,#4972,.T.);
#4000=EDGE_CURVE('0:1175',#4971,#4973,#4974,.T.);
#4001=EDGE_CURVE('0:1178',#4973,#4968,#4975,.T.);
#4002=EDGE_CURVE('0:1181',#4976,#4977,#4978,.T.);
#4003=EDGE_CURVE('0:1184',#4979,#4976,#4980,.T.);
#4004=EDGE_CURVE('0:1187',#4981,#4979,#4982,.T.);
#4005=EDGE_CURVE('0:1190',#4977,#4981,#4983,.T.);
#4006=EDGE_CURVE('0:1193',#4968,#4976,#4984,.T.);
#4007=EDGE_CURVE('0:1196',#4973,#4979,#4985,.T.);
#4008=EDGE_CURVE('0:1199',#4971,#4981,#4986,.T.);
#4009=EDGE_CURVE('0:1202',#4969,#4977,#4987,.T.);
#4010=EDGE_CURVE('0:1205',#4988,#4989,#4990,.T.);
#4011=EDGE_CURVE('0:1208',#4989,#4991,#4992,.T.);
#4012=EDGE_CURVE('0:1211',#4991,#4993,#4994,.T.);
#4013=EDGE_CURVE('0:1214',#4993,#4988,#4995,.T.);
#4014=EDGE_CURVE('0:1217',#4996,#4997,#4998,.T.);
#4015=EDGE_CURVE('0:1220',#4999,#4996,#5000,.T.);
#4016=EDGE_CURVE('0:1223',#5001,#4999,#5002,.T.);
#4017=EDGE_CURVE('0:1226',#4997,#5001,#5003,.T.);
#4018=EDGE_CURVE('0:1229',#4993,#4999,#5004,.T.);
#4019=EDGE_CURVE('0:1232',#4991,#5001,#5005,.T.);
#4020=EDGE_CURVE('0:1235',#4989,#4997,#5006,.T.);
#4021=EDGE_CURVE('0:1238',#4988,#4996,#5007,.T.);
#4022=EDGE_CURVE('0:1241',#4872,#4861,#5008,.T.);
#4023=EDGE_CURVE('0:1244',#4859,#5009,#5010,.T.);
#4024=EDGE_CURVE('0:1247',#5009,#5011,#5012,.T.);
#4025=EDGE_CURVE('0:1250',#5011,#5013,#5014,.T.);
#4026=EDGE_CURVE('0:1253',#5013,#5015,#5016,.T.);
#4027=EDGE_CURVE('0:1256',#5015,#4874,#5017,.T.);
#4028=EDGE_CURVE('0:1259',#5018,#4876,#5019,.T.);
#4029=EDGE_CURVE('0:1262',#5020,#5018,#5021,.T.);
#4030=EDGE_CURVE('0:1265',#5022,#5020,#5023,.T.);
#4031=EDGE_CURVE('0:1268',#5024,#5022,#5025,.T.);
#4032=EDGE_CURVE('0:1271',#4857,#5024,#5026,.T.);
#4033=EDGE_CURVE('0:1274',#5009,#5024,#5027,.T.);
#4034=EDGE_CURVE('0:1277',#5015,#5018,#5028,.T.);
#4035=EDGE_CURVE('0:1280',#5013,#5020,#5029,.T.);
#4036=EDGE_CURVE('0:1283',#5011,#5022,#5030,.T.);
#4037=EDGE_CURVE('0:1286',#5031,#5032,#5033,.T.);
#4038=EDGE_CURVE('0:1289',#5032,#5034,#5035,.T.);
#4039=EDGE_CURVE('0:1292',#5034,#5036,#5037,.T.);
#4040=EDGE_CURVE('0:1295',#5036,#5031,#5038,.T.);
#4041=EDGE_CURVE('0:1298',#4870,#4863,#5039,.T.);
#4042=EDGE_CURVE('0:1301',#5040,#4886,#5041,.T.);
#4043=EDGE_CURVE('0:1304',#5042,#5040,#5043,.T.);
#4044=EDGE_CURVE('0:1307',#5044,#5042,#5045,.T.);
#4045=EDGE_CURVE('0:1310',#4879,#5044,#5046,.T.);
#4046=EDGE_CURVE('0:1313',#4884,#5047,#5048,.F.);
#4047=EDGE_CURVE('0:1316',#5049,#5047,#5050,.T.);
#4048=EDGE_CURVE('0:1319',#5051,#5049,#5052,.F.);
#4049=EDGE_CURVE('0:1322',#5031,#5051,#5053,.T.);
#4050=EDGE_CURVE('0:1325',#5036,#5040,#5054,.T.);
#4051=EDGE_CURVE('0:1328',#5034,#5042,#5055,.T.);
#4052=EDGE_CURVE('0:1331',#5032,#5044,#5056,.T.);
#4053=EDGE_CURVE('0:1334',#5057,#4881,#5058,.T.);
#4054=EDGE_CURVE('0:1337',#5059,#5051,#5060,.T.);
#4055=EDGE_CURVE('0:1340',#5059,#5057,#5061,.T.);
#4056=EDGE_CURVE('0:1343',#5062,#5059,#5063,.T.);
#4057=EDGE_CURVE('0:1346',#5049,#4658,#5064,.T.);
#4058=EDGE_CURVE('0:1349',#4655,#5065,#5066,.T.);
#4059=EDGE_CURVE('0:1352',#5065,#4666,#5067,.T.);
#4060=EDGE_CURVE('0:1355',#4663,#5068,#5069,.T.);
#4061=EDGE_CURVE('0:1358',#5068,#5070,#5071,.T.);
#4062=EDGE_CURVE('0:1361',#5070,#5072,#5073,.T.);
#4063=EDGE_CURVE('0:1364',#5072,#5074,#5075,.T.);
#4064=EDGE_CURVE('0:1367',#5074,#5062,#5076,.T.);
#4065=EDGE_CURVE('0:1370',#5077,#5078,#5079,.T.);
#4066=EDGE_CURVE('0:1373',#5062,#5078,#5080,.T.);
#4067=EDGE_CURVE('0:1376',#5074,#5077,#5081,.T.);
#4068=EDGE_CURVE('0:1379',#5082,#5077,#5083,.T.);
#4069=EDGE_CURVE('0:1382',#5082,#5084,#5085,.F.);
#4070=EDGE_CURVE('0:1385',#5084,#4648,#5086,.T.);
#4071=EDGE_CURVE('0:1388',#4652,#5078,#5087,.T.);
#4072=EDGE_CURVE('0:1391',#4650,#5057,#5088,.T.);
#4073=EDGE_CURVE('0:1394',#5089,#4647,#5090,.T.);
#4074=EDGE_CURVE('0:1397',#5091,#5089,#5092,.F.);
#4075=EDGE_CURVE('0:1400',#5091,#5093,#5094,.T.);
#4076=EDGE_CURVE('0:1403',#5095,#5093,#5096,.T.);
#4077=EDGE_CURVE('0:1406',#5095,#5097,#5098,.T.);
#4078=EDGE_CURVE('0:1409',#4664,#5097,#5099,.T.);
#4079=EDGE_CURVE('0:1412',#4668,#5100,#5101,.T.);
#4080=EDGE_CURVE('0:1415',#4656,#5100,#5102,.F.);
#4081=EDGE_CURVE('0:1418',#4660,#5047,#5103,.T.);
#4082=EDGE_CURVE('0:1421',#4912,#5104,#5105,.T.);
#4083=EDGE_CURVE('0:1424',#5104,#5106,#5107,.T.);
#4084=EDGE_CURVE('0:1427',#5106,#4571,#5108,.T.);
#4085=EDGE_CURVE('0:1430',#4568,#5109,#5110,.T.);
#4086=EDGE_CURVE('0:1433',#5109,#5111,#5112,.T.);
#4087=EDGE_CURVE('0:1436',#5111,#5113,#5114,.T.);
#4088=EDGE_CURVE('0:1439',#5113,#5115,#5116,.T.);
#4089=EDGE_CURVE('0:1442',#5115,#4928,#5117,.T.);
#4090=EDGE_CURVE('0:1445',#5084,#5089,#5118,.T.);
#4091=EDGE_CURVE('0:1448',#5082,#5091,#5119,.T.);
#4092=EDGE_CURVE('0:1451',#5072,#5093,#5120,.T.);
#4093=EDGE_CURVE('0:1454',#5070,#5095,#5121,.T.);
#4094=EDGE_CURVE('0:1457',#5068,#5097,#5122,.T.);
#4095=EDGE_CURVE('0:1463',#5065,#5100,#5123,.T.);
#4096=EDGE_CURVE('0:1472',#4930,#5124,#5125,.T.);
#4097=EDGE_CURVE('0:1475',#5115,#5124,#5126,.T.);
#4098=EDGE_CURVE('0:1478',#5127,#4909,#5128,.T.);
#4099=EDGE_CURVE('0:1481',#5104,#5127,#5129,.T.);
#4100=EDGE_CURVE('0:1484',#5130,#5131,#5132,.F.);
#4101=EDGE_CURVE('0:1487',#5131,#5133,#5134,.T.);
#4102=EDGE_CURVE('0:1490',#5133,#5135,#5136,.T.);
#4103=EDGE_CURVE('0:1493',#5135,#5137,#5138,.T.);
#4104=EDGE_CURVE('0:1496',#5139,#5137,#5140,.T.);
#4105=EDGE_CURVE('0:1499',#5141,#5139,#5142,.T.);
#4106=EDGE_CURVE('0:1502',#4625,#5141,#5143,.T.);
#4107=EDGE_CURVE('0:1505',#4629,#5144,#5145,.T.);
#4108=EDGE_CURVE('0:1508',#5146,#5144,#5147,.T.);
#4109=EDGE_CURVE('0:1511',#5146,#5130,#5148,.T.);
#4110=EDGE_CURVE('0:1514',#5149,#5150,#5151,.T.);
#4111=EDGE_CURVE('0:1517',#5152,#5150,#5153,.T.);
#4112=EDGE_CURVE('0:1520',#5135,#5152,#5154,.T.);
#4113=EDGE_CURVE('0:1523',#5133,#5155,#5156,.T.);
#4114=EDGE_CURVE('0:1526',#5157,#5155,#5158,.T.);
#4115=EDGE_CURVE('0:1529',#5159,#5157,#5160,.T.);
#4116=EDGE_CURVE('0:1532',#5161,#5159,#5162,.F.);
#4117=EDGE_CURVE('0:1535',#5161,#5163,#5164,.T.);
#4118=EDGE_CURVE('0:1538',#5149,#5163,#5165,.F.);
#4119=EDGE_CURVE('0:1541',#5166,#5161,#5167,.F.);
#4120=EDGE_CURVE('0:1544',#5168,#5166,#5169,.T.);
#4121=EDGE_CURVE('0:1547',#5170,#5168,#5171,.F.);
#4122=EDGE_CURVE('0:1550',#5172,#5170,#5173,.T.);
#4123=EDGE_CURVE('0:1553',#5174,#5172,#5175,.F.);
#4124=EDGE_CURVE('0:1556',#4640,#5174,#5176,.T.);
#4125=EDGE_CURVE('0:1559',#5177,#4644,#5178,.T.);
#4126=EDGE_CURVE('0:1562',#5179,#5177,#5180,.T.);
#4127=EDGE_CURVE('0:1565',#5163,#5179,#5181,.T.);
#4128=EDGE_CURVE('0:1568',#5182,#5179,#5183,.T.);
#4129=EDGE_CURVE('0:1571',#5182,#5149,#5184,.F.);
#4130=EDGE_CURVE('0:1574',#5185,#5177,#5186,.T.);
#4131=EDGE_CURVE('0:1577',#5185,#5182,#5187,.F.);
#4132=EDGE_CURVE('0:1583',#4642,#5185,#5188,.F.);
#4133=EDGE_CURVE('0:1586',#4635,#5174,#5189,.T.);
#4134=EDGE_CURVE('0:1592',#5190,#5172,#5191,.T.);
#4135=EDGE_CURVE('0:1595',#5190,#4635,#5192,.T.);
#4136=EDGE_CURVE('0:1598',#5193,#5170,#5194,.T.);
#4137=EDGE_CURVE('0:1601',#5193,#5190,#5195,.F.);
#4138=EDGE_CURVE('0:1604',#5196,#5168,#5197,.T.);
#4139=EDGE_CURVE('0:1607',#5196,#5193,#5198,.T.);
#4140=EDGE_CURVE('0:1610',#5199,#5166,#5200,.T.);
#4141=EDGE_CURVE('0:1613',#5199,#5196,#5201,.F.);
#4142=EDGE_CURVE('0:1616',#5159,#5202,#5203,.F.);
#4143=EDGE_CURVE('0:1619',#5202,#5199,#5204,.T.);
#4144=EDGE_CURVE('0:1622',#5205,#5157,#5206,.T.);
#4145=EDGE_CURVE('0:1625',#5202,#5205,#5207,.T.);
#4146=EDGE_CURVE('0:1628',#5205,#5208,#5209,.T.);
#4147=EDGE_CURVE('0:1631',#5199,#5208,#5210,.T.);
#4148=EDGE_CURVE('0:1634',#5208,#5211,#5212,.F.);
#4149=EDGE_CURVE('0:1637',#5196,#5211,#5213,.T.);
#4150=EDGE_CURVE('0:1640',#5211,#5214,#5215,.T.);
#4151=EDGE_CURVE('0:1643',#5193,#5214,#5216,.T.);
#4152=EDGE_CURVE('0:1646',#5217,#5214,#5218,.T.);
#4153=EDGE_CURVE('0:1649',#5190,#5217,#5219,.T.);
#4154=EDGE_CURVE('0:1652',#5217,#4637,#5220,.T.);
#4155=EDGE_CURVE('0:1658',#5221,#4633,#5222,.T.);
#4156=EDGE_CURVE('0:1661',#4642,#5221,#5223,.T.);
#4157=EDGE_CURVE('0:1664',#5224,#5221,#5225,.T.);
#4158=EDGE_CURVE('0:1667',#5185,#5224,#5226,.T.);
#4159=EDGE_CURVE('0:1670',#5227,#5224,#5228,.T.);
#4160=EDGE_CURVE('0:1673',#5182,#5227,#5229,.T.);
#4161=EDGE_CURVE('0:1676',#5150,#5227,#5230,.T.);
#4162=EDGE_CURVE('0:1679',#5152,#5231,#5232,.T.);
#4163=EDGE_CURVE('0:1682',#5137,#5231,#5233,.T.);
#4164=EDGE_CURVE('0:1685',#5231,#5234,#5235,.T.);
#4165=EDGE_CURVE('0:1688',#5139,#5234,#5236,.T.);
#4166=EDGE_CURVE('0:1691',#5234,#5237,#5238,.T.);
#4167=EDGE_CURVE('0:1694',#5141,#5237,#5239,.T.);
#4168=EDGE_CURVE('0:1697',#5237,#4624,#5240,.T.);
#4169=EDGE_CURVE('0:1703',#5241,#4627,#5242,.T.);
#4170=EDGE_CURVE('0:1706',#5144,#5241,#5243,.T.);
#4171=EDGE_CURVE('0:1709',#5241,#5244,#5245,.T.);
#4172=EDGE_CURVE('0:1712',#5146,#5244,#5246,.T.);
#4173=EDGE_CURVE('0:1715',#5247,#5244,#5248,.T.);
#4174=EDGE_CURVE('0:1718',#5130,#5247,#5249,.T.);
#4175=EDGE_CURVE('0:1721',#5250,#5247,#5251,.F.);
#4176=EDGE_CURVE('0:1724',#5131,#5250,#5252,.T.);
#4177=EDGE_CURVE('0:1727',#5155,#5250,#5253,.T.);
#4178=EDGE_CURVE('0:1730',#5254,#4942,#5255,.T.);
#4179=EDGE_CURVE('0:1733',#4611,#5254,#5256,.T.);
#4180=EDGE_CURVE('0:1736',#5257,#4608,#5258,.T.);
#4181=EDGE_CURVE('0:1739',#5259,#5257,#5260,.T.);
#4182=EDGE_CURVE('0:1742',#5261,#5259,#5262,.T.);
#4183=EDGE_CURVE('0:1745',#4603,#5261,#5263,.T.);
#4184=EDGE_CURVE('0:1748',#5264,#4600,#5265,.T.);
#4185=EDGE_CURVE('0:1751',#5266,#5264,#5267,.T.);
#4186=EDGE_CURVE('0:1754',#5268,#5266,#5269,.T.);
#4187=EDGE_CURVE('0:1757',#5270,#5268,#5271,.T.);
#4188=EDGE_CURVE('0:1760',#5272,#5270,#5273,.T.);
#4189=EDGE_CURVE('0:1763',#5274,#5272,#5275,.T.);
#4190=EDGE_CURVE('0:1766',#4593,#5274,#5276,.T.);
#4191=EDGE_CURVE('0:1769',#5277,#4597,#5278,.T.);
#4192=EDGE_CURVE('0:1772',#4585,#5277,#5279,.T.);
#4193=EDGE_CURVE('0:1775',#5280,#4589,#5281,.T.);
#4194=EDGE_CURVE('0:1778',#4577,#5280,#5282,.T.);
#4195=EDGE_CURVE('0:1781',#5283,#4581,#5284,.T.);
#4196=EDGE_CURVE('0:1784',#5285,#5283,#5286,.T.);
#4197=EDGE_CURVE('0:1787',#5287,#5285,#5288,.T.);
#4198=EDGE_CURVE('0:1790',#4619,#5287,#5289,.T.);
#4199=EDGE_CURVE('0:1793',#5290,#4616,#5291,.T.);
#4200=EDGE_CURVE('0:1796',#5292,#5290,#5293,.T.);
#4201=EDGE_CURVE('0:1799',#5294,#5292,#5295,.T.);
#4202=EDGE_CURVE('0:1802',#5296,#5294,#5297,.T.);
#4203=EDGE_CURVE('0:1805',#5298,#5296,#5299,.T.);
#4204=EDGE_CURVE('0:1808',#5300,#5298,#5301,.T.);
#4205=EDGE_CURVE('0:1811',#5302,#5300,#5303,.T.);
#4206=EDGE_CURVE('0:1814',#4917,#5302,#5304,.T.);
#4207=EDGE_CURVE('0:1817',#4938,#5305,#5306,.T.);
#4208=EDGE_CURVE('0:1820',#5307,#5305,#5308,.T.);
#4209=EDGE_CURVE('0:1823',#5309,#5307,#5310,.T.);
#4210=EDGE_CURVE('0:1826',#5311,#5309,#5312,.T.);
#4211=EDGE_CURVE('0:1829',#4490,#5311,#5313,.T.);
#4212=EDGE_CURVE('0:1832',#5314,#4494,#5315,.T.);
#4213=EDGE_CURVE('0:1835',#5314,#5316,#5317,.T.);
#4214=EDGE_CURVE('0:1838',#5316,#4921,#5318,.T.);
#4215=EDGE_CURVE('0:1841',#4919,#5319,#5320,.T.);
#4216=EDGE_CURVE('0:1844',#5319,#5321,#5322,.T.);
#4217=EDGE_CURVE('0:1847',#5321,#5323,#5324,.T.);
#4218=EDGE_CURVE('0:1850',#5323,#5325,#5326,.T.);
#4219=EDGE_CURVE('0:1853',#5325,#5327,#5328,.T.);
#4220=EDGE_CURVE('0:1856',#5327,#5329,#5330,.T.);
#4221=EDGE_CURVE('0:1859',#5329,#5331,#5332,.T.);
#4222=EDGE_CURVE('0:1862',#5331,#4617,#5333,.T.);
#4223=EDGE_CURVE('0:1865',#4621,#5334,#5335,.T.);
#4224=EDGE_CURVE('0:1868',#5334,#5336,#5337,.T.);
#4225=EDGE_CURVE('0:1871',#5336,#5338,#5339,.T.);
#4226=EDGE_CURVE('0:1874',#5338,#4579,#5340,.T.);
#4227=EDGE_CURVE('0:1877',#4576,#5341,#5342,.T.);
#4228=EDGE_CURVE('0:1880',#5341,#4587,#5343,.T.);
#4229=EDGE_CURVE('0:1883',#4584,#5344,#5345,.T.);
#4230=EDGE_CURVE('0:1886',#5344,#4595,#5346,.T.);
#4231=EDGE_CURVE('0:1889',#4592,#5347,#5348,.T.);
#4232=EDGE_CURVE('0:1892',#5347,#5349,#5350,.T.);
#4233=EDGE_CURVE('0:1895',#5349,#5351,#5352,.T.);
#4234=EDGE_CURVE('0:1898',#5351,#5353,#5354,.T.);
#4235=EDGE_CURVE('0:1901',#5353,#5355,#5356,.T.);
#4236=EDGE_CURVE('0:1904',#5355,#5357,#5358,.T.);
#4237=EDGE_CURVE('0:1907',#5357,#4601,#5359,.T.);
#4238=EDGE_CURVE('0:1910',#4605,#5360,#5361,.T.);
#4239=EDGE_CURVE('0:1913',#5360,#5362,#5363,.T.);
#4240=EDGE_CURVE('0:1916',#5362,#5364,#5365,.T.);
#4241=EDGE_CURVE('0:1919',#5364,#4609,#5366,.T.);
#4242=EDGE_CURVE('0:1922',#4613,#5367,#5368,.T.);
#4243=EDGE_CURVE('0:1925',#5367,#4940,#5369,.T.);
#4244=EDGE_CURVE('0:1928',#5285,#5336,#5370,.T.);
#4245=EDGE_CURVE('0:1931',#5283,#5338,#5371,.T.);
#4246=EDGE_CURVE('0:1934',#5287,#5334,#5372,.T.);
#4247=EDGE_CURVE('0:1940',#5290,#5331,#5373,.T.);
#4248=EDGE_CURVE('0:1943',#5292,#5329,#5374,.T.);
#4249=EDGE_CURVE('0:1946',#5294,#5327,#5375,.T.);
#4250=EDGE_CURVE('0:1949',#5296,#5325,#5376,.T.);
#4251=EDGE_CURVE('0:1952',#5298,#5323,#5377,.T.);
#4252=EDGE_CURVE('0:1955',#5300,#5321,#5378,.T.);
#4253=EDGE_CURVE('0:1958',#5302,#5319,#5379,.T.);
#4254=EDGE_CURVE('0:1961',#5380,#4948,#5381,.T.);
#4255=EDGE_CURVE('0:1964',#5382,#4949,#5383,.T.);
#4256=EDGE_CURVE('0:1967',#5380,#5382,#5384,.T.);
#4257=EDGE_CURVE('0:1970',#5385,#5382,#5386,.T.);
#4258=EDGE_CURVE('0:1973',#5387,#5385,#5388,.T.);
#4259=EDGE_CURVE('0:1976',#5387,#5380,#5389,.T.);
#4260=EDGE_CURVE('0:1979',#5254,#5367,#5390,.T.);
#4261=EDGE_CURVE('0:1985',#5257,#5364,#5391,.T.);
#4262=EDGE_CURVE('0:1988',#5259,#5362,#5392,.T.);
#4263=EDGE_CURVE('0:1991',#5261,#5360,#5393,.T.);
#4264=EDGE_CURVE('0:1997',#5264,#5357,#5394,.T.);
#4265=EDGE_CURVE('0:2000',#5266,#5355,#5395,.T.);
#4266=EDGE_CURVE('0:2003',#5268,#5353,#5396,.T.);
#4267=EDGE_CURVE('0:2006',#5270,#5351,#5397,.T.);
#4268=EDGE_CURVE('0:2009',#5272,#5349,#5398,.T.);
#4269=EDGE_CURVE('0:2012',#5274,#5347,#5399,.T.);
#4270=EDGE_CURVE('0:2018',#5277,#5344,#5400,.T.);
#4271=EDGE_CURVE('0:2024',#5280,#5341,#5401,.T.);
#4272=EDGE_CURVE('0:2030',#5124,#5402,#5403,.T.);
#4273=EDGE_CURVE('0:2033',#5113,#5402,#5404,.T.);
#4274=EDGE_CURVE('0:2036',#5402,#5405,#5406,.F.);
#4275=EDGE_CURVE('0:2039',#5111,#5405,#5407,.T.);
#4276=EDGE_CURVE('0:2042',#5405,#5408,#5409,.T.);
#4277=EDGE_CURVE('0:2045',#5109,#5408,#5410,.T.);
#4278=EDGE_CURVE('0:2048',#5408,#4569,#5411,.F.);
#4279=EDGE_CURVE('0:2054',#4573,#5412,#5413,.T.);
#4280=EDGE_CURVE('0:2057',#5106,#5412,#5414,.T.);
#4281=EDGE_CURVE('0:2060',#5415,#5416,#5417,.F.);
#4282=EDGE_CURVE('0:2063',#5418,#5415,#5419,.T.);
#4283=EDGE_CURVE('0:2066',#5418,#5420,#5421,.T.);
#4284=EDGE_CURVE('0:2069',#5422,#5420,#5423,.T.);
#4285=EDGE_CURVE('0:2072',#5422,#4561,#5424,.T.);
#4286=EDGE_CURVE('0:2075',#4565,#5425,#5426,.T.);
#4287=EDGE_CURVE('0:2078',#5425,#5427,#5428,.T.);
#4288=EDGE_CURVE('0:2081',#5429,#5427,#5430,.T.);
#4289=EDGE_CURVE('0:2084',#5431,#5429,#5432,.T.);
#4290=EDGE_CURVE('0:2087',#5416,#5431,#5433,.T.);
#4291=EDGE_CURVE('0:2090',#5434,#5435,#5436,.T.);
#4292=EDGE_CURVE('0:2093',#5435,#5437,#5438,.T.);
#4293=EDGE_CURVE('0:2096',#5437,#5439,#5440,.T.);
#4294=EDGE_CURVE('0:2099',#5439,#5441,#5442,.T.);
#4295=EDGE_CURVE('0:2102',#5441,#4498,#5443,.T.);
#4296=EDGE_CURVE('0:2105',#4502,#5444,#5445,.F.);
#4297=EDGE_CURVE('0:2108',#5444,#5446,#5447,.T.);
#4298=EDGE_CURVE('0:2111',#5446,#5448,#5449,.F.);
#4299=EDGE_CURVE('0:2114',#5448,#5450,#5451,.T.);
#4300=EDGE_CURVE('0:2117',#5450,#5434,#5452,.F.);
#4301=EDGE_CURVE('0:2120',#5427,#5453,#5454,.T.);
#4302=EDGE_CURVE('0:2123',#5455,#5453,#5456,.T.);
#4303=EDGE_CURVE('0:2126',#5429,#5455,#5457,.T.);
#4304=EDGE_CURVE('0:2129',#5425,#5458,#5459,.T.);
#4305=EDGE_CURVE('0:2132',#5453,#5458,#5460,.T.);
#4306=EDGE_CURVE('0:2138',#5458,#4563,#5461,.T.);
#4307=EDGE_CURVE('0:2141',#5422,#5462,#5463,.T.);
#4308=EDGE_CURVE('0:2144',#4560,#5462,#5464,.T.);
#4309=EDGE_CURVE('0:2147',#5420,#5465,#5466,.T.);
#4310=EDGE_CURVE('0:2150',#5465,#5462,#5467,.T.);
#4311=EDGE_CURVE('0:2153',#5418,#5468,#5469,.T.);
#4312=EDGE_CURVE('0:2156',#5465,#5468,#5470,.T.);
#4313=EDGE_CURVE('0:2159',#5415,#5471,#5472,.T.);
#4314=EDGE_CURVE('0:2162',#5471,#5468,#5473,.T.);
#4315=EDGE_CURVE('0:2165',#5416,#5474,#5475,.T.);
#4316=EDGE_CURVE('0:2168',#5474,#5471,#5476,.F.);
#4317=EDGE_CURVE('0:2171',#5431,#5477,#5478,.T.);
#4318=EDGE_CURVE('0:2174',#5477,#5474,#5479,.T.);
#4319=EDGE_CURVE('0:2177',#5480,#5481,#5482,.T.);
#4320=EDGE_CURVE('0:2180',#5480,#5435,#5483,.F.);
#4321=EDGE_CURVE('0:2183',#5434,#5484,#5485,.F.);
#4322=EDGE_CURVE('0:2186',#5484,#5486,#5487,.T.);
#4323=EDGE_CURVE('0:2189',#5486,#5477,#5488,.T.);
#4324=EDGE_CURVE('0:2192',#5455,#5481,#5489,.T.);
#4325=EDGE_CURVE('0:2195',#5484,#5490,#5491,.F.);
#4326=EDGE_CURVE('0:2198',#5490,#5492,#5493,.T.);
#4327=EDGE_CURVE('0:2201',#5492,#5486,#5494,.T.);
#4328=EDGE_CURVE('0:2204',#5490,#5495,#5496,.T.);
#4329=EDGE_CURVE('0:2207',#5495,#5497,#5498,.T.);
#4330=EDGE_CURVE('0:2210',#5492,#5497,#5499,.T.);
#4331=EDGE_CURVE('0:2213',#5495,#5500,#5501,.F.);
#4332=EDGE_CURVE('0:2216',#5500,#5502,#5503,.T.);
#4333=EDGE_CURVE('0:2219',#5497,#5502,#5504,.F.);
#4334=EDGE_CURVE('0:2222',#5500,#5505,#5506,.T.);
#4335=EDGE_CURVE('0:2225',#5505,#5507,#5508,.T.);
#4336=EDGE_CURVE('0:2228',#5502,#5507,#5509,.T.);
#4337=EDGE_CURVE('0:2231',#5505,#5510,#5511,.F.);
#4338=EDGE_CURVE('0:2234',#5510,#5512,#5513,.T.);
#4339=EDGE_CURVE('0:2237',#5512,#5507,#5514,.T.);
#4340=EDGE_CURVE('0:2240',#5510,#4500,#5515,.T.);
#4341=EDGE_CURVE('0:2243',#4500,#5516,#5517,.T.);
#4342=EDGE_CURVE('0:2246',#5512,#5516,#5518,.T.);
#4343=EDGE_CURVE('0:2255',#4553,#5516,#5519,.T.);
#4344=EDGE_CURVE('0:2258',#4555,#5520,#5521,.F.);
#4345=EDGE_CURVE('0:2261',#5520,#5522,#5523,.T.);
#4346=EDGE_CURVE('0:2264',#5522,#4557,#5524,.T.);
#4347=EDGE_CURVE('0:2267',#5520,#5525,#5526,.F.);
#4348=EDGE_CURVE('0:2270',#5525,#5527,#5528,.T.);
#4349=EDGE_CURVE('0:2273',#5527,#5522,#5529,.T.);
#4350=EDGE_CURVE('0:2276',#5525,#5480,#5530,.F.);
#4351=EDGE_CURVE('0:2279',#5481,#5527,#5531,.T.);
#4352=EDGE_CURVE('0:2282',#5412,#5127,#5532,.T.);
#4353=EDGE_CURVE('0:2285',#4910,#5533,#5534,.T.);
#4354=EDGE_CURVE('0:2288',#5533,#5535,#5536,.T.);
#4355=EDGE_CURVE('0:2291',#5535,#5537,#5538,.T.);
#4356=EDGE_CURVE('0:2294',#5537,#5539,#5540,.T.);
#4357=EDGE_CURVE('0:2297',#5539,#5541,#5542,.T.);
#4358=EDGE_CURVE('0:2300',#5541,#5543,#5544,.T.);
#4359=EDGE_CURVE('0:2303',#5543,#5545,#5546,.T.);
#4360=EDGE_CURVE('0:2306',#5545,#4546,#5547,.T.);
#4361=EDGE_CURVE('0:2309',#4550,#5548,#5549,.T.);
#4362=EDGE_CURVE('0:2312',#5548,#5550,#5551,.T.);
#4363=EDGE_CURVE('0:2315',#5550,#5552,#5553,.T.);
#4364=EDGE_CURVE('0:2318',#5552,#4508,#5554,.T.);
#4365=EDGE_CURVE('0:2321',#4505,#5555,#5556,.T.);
#4366=EDGE_CURVE('0:2324',#5555,#4516,#5557,.T.);
#4367=EDGE_CURVE('0:2327',#4513,#5558,#5559,.T.);
#4368=EDGE_CURVE('0:2330',#5558,#4524,#5560,.T.);
#4369=EDGE_CURVE('0:2333',#4521,#5561,#5562,.T.);
#4370=EDGE_CURVE('0:2336',#5561,#5563,#5564,.T.);
#4371=EDGE_CURVE('0:2339',#5563,#5565,#5566,.T.);
#4372=EDGE_CURVE('0:2342',#5565,#5567,#5568,.T.);
#4373=EDGE_CURVE('0:2345',#5567,#5569,#5570,.T.);
#4374=EDGE_CURVE('0:2348',#5569,#5571,#5572,.T.);
#4375=EDGE_CURVE('0:2351',#5571,#4530,#5573,.T.);
#4376=EDGE_CURVE('0:2354',#4534,#5574,#5575,.T.);
#4377=EDGE_CURVE('0:2357',#5574,#5576,#5577,.T.);
#4378=EDGE_CURVE('0:2360',#5576,#5578,#5579,.T.);
#4379=EDGE_CURVE('0:2363',#5578,#4538,#5580,.T.);
#4380=EDGE_CURVE('0:2366',#4542,#5581,#5582,.T.);
#4381=EDGE_CURVE('0:2369',#5581,#4932,#5583,.T.);
#4382=EDGE_CURVE('0:2372',#4936,#5584,#5585,.T.);
#4383=EDGE_CURVE('0:2375',#5586,#4934,#5587,.T.);
#4384=EDGE_CURVE('0:2378',#4540,#5586,#5588,.T.);
#4385=EDGE_CURVE('0:2381',#5589,#4537,#5590,.T.);
#4386=EDGE_CURVE('0:2384',#5591,#5589,#5592,.T.);
#4387=EDGE_CURVE('0:2387',#5593,#5591,#5594,.T.);
#4388=EDGE_CURVE('0:2390',#4532,#5593,#5595,.T.);
#4389=EDGE_CURVE('0:2393',#5596,#4529,#5597,.T.);
#4390=EDGE_CURVE('0:2396',#5598,#5596,#5599,.T.);
#4391=EDGE_CURVE('0:2399',#5600,#5598,#5601,.T.);
#4392=EDGE_CURVE('0:2402',#5602,#5600,#5603,.T.);
#4393=EDGE_CURVE('0:2405',#5604,#5602,#5605,.T.);
#4394=EDGE_CURVE('0:2408',#5606,#5604,#5607,.T.);
#4395=EDGE_CURVE('0:2411',#4522,#5606,#5608,.T.);
#4396=EDGE_CURVE('0:2414',#5609,#4526,#5610,.T.);
#4397=EDGE_CURVE('0:2417',#4514,#5609,#5611,.T.);
#4398=EDGE_CURVE('0:2420',#5612,#4518,#5613,.T.);
#4399=EDGE_CURVE('0:2423',#4506,#5612,#5614,.T.);
#4400=EDGE_CURVE('0:2426',#5615,#4510,#5616,.T.);
#4401=EDGE_CURVE('0:2429',#5617,#5615,#5618,.T.);
#4402=EDGE_CURVE('0:2432',#5619,#5617,#5620,.T.);
#4403=EDGE_CURVE('0:2435',#4548,#5619,#5621,.T.);
#4404=EDGE_CURVE('0:2438',#5622,#4545,#5623,.T.);
#4405=EDGE_CURVE('0:2441',#5624,#5622,#5625,.T.);
#4406=EDGE_CURVE('0:2444',#5626,#5624,#5627,.T.);
#4407=EDGE_CURVE('0:2447',#5628,#5626,#5629,.T.);
#4408=EDGE_CURVE('0:2450',#5630,#5628,#5631,.T.);
#4409=EDGE_CURVE('0:2453',#5632,#5630,#5633,.T.);
#4410=EDGE_CURVE('0:2456',#5634,#5632,#5635,.T.);
#4411=EDGE_CURVE('0:2459',#4925,#5634,#5636,.T.);
#4412=EDGE_CURVE('0:2462',#5637,#4923,#5638,.T.);
#4413=EDGE_CURVE('0:2465',#5639,#5637,#5640,.T.);
#4414=EDGE_CURVE('0:2468',#4492,#5639,#5641,.T.);
#4415=EDGE_CURVE('0:2471',#5642,#4489,#5643,.F.);
#4416=EDGE_CURVE('0:2474',#5644,#5642,#5645,.T.);
#4417=EDGE_CURVE('0:2477',#5646,#5644,#5647,.F.);
#4418=EDGE_CURVE('0:2480',#5584,#5646,#5648,.T.);
#4419=EDGE_CURVE('0:2483',#5552,#5615,#5649,.T.);
#4420=EDGE_CURVE('0:2486',#5550,#5617,#5650,.T.);
#4421=EDGE_CURVE('0:2489',#5548,#5619,#5651,.T.);
#4422=EDGE_CURVE('0:2495',#5545,#5622,#5652,.T.);
#4423=EDGE_CURVE('0:2498',#5543,#5624,#5653,.T.);
#4424=EDGE_CURVE('0:2501',#5541,#5626,#5654,.T.);
#4425=EDGE_CURVE('0:2504',#5539,#5628,#5655,.T.);
#4426=EDGE_CURVE('0:2507',#5537,#5630,#5656,.T.);
#4427=EDGE_CURVE('0:2510',#5535,#5632,#5657,.T.);
#4428=EDGE_CURVE('0:2513',#5533,#5634,#5658,.T.);
#4429=EDGE_CURVE('0:2516',#5659,#4961,#5660,.T.);
#4430=EDGE_CURVE('0:2519',#5659,#5661,#5662,.T.);
#4431=EDGE_CURVE('0:2522',#5661,#4956,#5663,.T.);
#4432=EDGE_CURVE('0:2525',#5664,#5661,#5665,.T.);
#4433=EDGE_CURVE('0:2528',#5666,#5659,#5667,.T.);
#4434=EDGE_CURVE('0:2531',#5666,#5664,#5668,.T.);
#4435=EDGE_CURVE('0:2534',#5581,#5586,#5669,.T.);
#4436=EDGE_CURVE('0:2540',#5578,#5589,#5670,.T.);
#4437=EDGE_CURVE('0:2543',#5576,#5591,#5671,.T.);
#4438=EDGE_CURVE('0:2546',#5574,#5593,#5672,.T.);
#4439=EDGE_CURVE('0:2552',#5571,#5596,#5673,.T.);
#4440=EDGE_CURVE('0:2555',#5569,#5598,#5674,.T.);
#4441=EDGE_CURVE('0:2558',#5567,#5600,#5675,.T.);
#4442=EDGE_CURVE('0:2561',#5565,#5602,#5676,.T.);
#4443=EDGE_CURVE('0:2564',#5563,#5604,#5677,.T.);
#4444=EDGE_CURVE('0:2567',#5561,#5606,#5678,.T.);
#4445=EDGE_CURVE('0:2573',#5558,#5609,#5679,.T.);
#4446=EDGE_CURVE('0:2579',#5555,#5612,#5680,.T.);
#4447=EDGE_CURVE('0:2585',#5525,#5437,#5681,.T.);
#4448=EDGE_CURVE('0:2588',#5520,#5439,#5682,.T.);
#4449=EDGE_CURVE('0:2591',#4555,#5441,#5683,.T.);
#4450=EDGE_CURVE('0:2597',#5510,#5444,#5684,.T.);
#4451=EDGE_CURVE('0:2600',#5505,#5446,#5685,.T.);
#4452=EDGE_CURVE('0:2603',#5500,#5448,#5686,.T.);
#4453=EDGE_CURVE('0:2606',#5495,#5450,#5687,.T.);
#4454=EDGE_CURVE('0:2609',#4959,#5666,#5688,.T.);
#4455=EDGE_CURVE('0:2612',#4957,#5664,#5689,.T.);
#4456=EDGE_CURVE('0:2615',#4951,#5387,#5690,.T.);
#4457=EDGE_CURVE('0:2618',#4953,#5385,#5691,.T.);
#4458=EDGE_CURVE('0:2621',#5639,#5314,#5692,.T.);
#4459=EDGE_CURVE('0:2624',#5637,#5316,#5693,.T.);
#4460=EDGE_CURVE('0:2627',#5584,#5305,#5694,.T.);
#4461=EDGE_CURVE('0:2633',#5646,#5307,#5695,.T.);
#4462=EDGE_CURVE('0:2636',#5642,#5311,#5696,.T.);
#4463=EDGE_CURVE('0:2639',#5644,#5309,#5697,.T.);
#4464=COLOUR_RGB('',0.87058824300766,0.729411780834198,0.34901961684227);
#4465=EDGE_CURVE('',#5698,#5699,#5700,.T.);
#4466=EDGE_CURVE('0:2701',#5698,#5701,#5702,.T.);
#4467=EDGE_CURVE('0:2704',#5701,#5703,#5704,.T.);
#4468=EDGE_CURVE('0:2698',#5699,#5703,#5705,.T.);
#4469=EDGE_CURVE('',#5706,#5707,#5708,.T.);
#4470=EDGE_CURVE('0:2695',#5706,#5709,#5710,.T.);
#4471=EDGE_CURVE('0:2680',#5709,#5711,#5712,.T.);
#4472=EDGE_CURVE('0:2689',#5707,#5711,#5713,.T.);
#4473=EDGE_CURVE('0:2677',#5711,#5714,#5715,.T.);
#4474=EDGE_CURVE('0:2683',#5709,#5716,#5717,.T.);
#4475=EDGE_CURVE('0:2686',#5716,#5714,#5718,.T.);
#4476=EDGE_CURVE('0:2689',#5719,#5707,#5720,.T.);
#4477=EDGE_CURVE('0:2692',#5721,#5719,#5722,.T.);
#4478=EDGE_CURVE('0:2695',#5721,#5706,#5723,.T.);
#4479=EDGE_CURVE('0:2698',#5714,#5699,#5724,.T.);
#4480=EDGE_CURVE('0:2701',#5716,#5698,#5725,.T.);
#4481=EDGE_CURVE('0:2707',#5726,#5719,#5727,.T.);
#4482=EDGE_CURVE('0:2710',#5728,#5726,#5729,.T.);
#4483=EDGE_CURVE('0:2713',#5728,#5721,#5730,.T.);
#4484=EDGE_CURVE('0:2716',#5731,#5726,#5732,.T.);
#4485=EDGE_CURVE('0:2719',#5733,#5731,#5734,.T.);
#4486=EDGE_CURVE('0:2722',#5733,#5728,#5735,.T.);
#4487=EDGE_CURVE('0:2725',#5703,#5731,#5736,.T.);
#4488=EDGE_CURVE('0:2728',#5701,#5733,#5737,.T.);
#4489=VERTEX_POINT('',#5738);
#4490=VERTEX_POINT('',#5739);
#4491=LINE('',#5740,#5741);
#4492=VERTEX_POINT('',#5742);
#4493=CIRCLE('',#5743,0.07);
#4494=VERTEX_POINT('',#5744);
#4495=LINE('',#5745,#5746);
#4496=CIRCLE('',#5747,0.07);
#4497=VERTEX_POINT('',#5748);
#4498=VERTEX_POINT('',#5749);
#4499=CIRCLE('',#5750,0.03);
#4500=VERTEX_POINT('',#5751);
#4501=CIRCLE('',#5752,0.05166863456794);
#4502=VERTEX_POINT('',#5753);
#4503=CIRCLE('',#5754,0.03);
#4504=CIRCLE('',#5755,0.02166863456794);
#4505=VERTEX_POINT('',#5756);
#4506=VERTEX_POINT('',#5757);
#4507=LINE('',#5758,#5759);
#4508=VERTEX_POINT('',#5760);
#4509=CIRCLE('',#5761,0.194950478210394);
#4510=VERTEX_POINT('',#5762);
#4511=LINE('',#5763,#5764);
#4512=CIRCLE('',#5765,0.194950478210394);
#4513=VERTEX_POINT('',#5766);
#4514=VERTEX_POINT('',#5767);
#4515=LINE('',#5768,#5769);
#4516=VERTEX_POINT('',#5770);
#4517=CIRCLE('',#5771,0.0649999999999967);
#4518=VERTEX_POINT('',#5772);
#4519=LINE('',#5773,#5774);
#4520=CIRCLE('',#5775,0.0649999999999967);
#4521=VERTEX_POINT('',#5776);
#4522=VERTEX_POINT('',#5777);
#4523=LINE('',#5778,#5779);
#4524=VERTEX_POINT('',#5780);
#4525=CIRCLE('',#5781,0.04);
#4526=VERTEX_POINT('',#5782);
#4527=LINE('',#5783,#5784);
#4528=CIRCLE('',#5785,0.04);
#4529=VERTEX_POINT('',#5786);
#4530=VERTEX_POINT('',#5787);
#4531=LINE('',#5788,#5789);
#4532=VERTEX_POINT('',#5790);
#4533=CIRCLE('',#5791,0.00999999999999399);
#4534=VERTEX_POINT('',#5792);
#4535=LINE('',#5793,#5794);
#4536=CIRCLE('',#5795,0.00999999999999399);
#4537=VERTEX_POINT('',#5796);
#4538=VERTEX_POINT('',#5797);
#4539=LINE('',#5798,#5799);
#4540=VERTEX_POINT('',#5800);
#4541=CIRCLE('',#5801,0.00999999999999415);
#4542=VERTEX_POINT('',#5802);
#4543=LINE('',#5803,#5804);
#4544=CIRCLE('',#5805,0.00999999999999415);
#4545=VERTEX_POINT('',#5806);
#4546=VERTEX_POINT('',#5807);
#4547=LINE('',#5808,#5809);
#4548=VERTEX_POINT('',#5810);
#4549=CIRCLE('',#5811,0.065);
#4550=VERTEX_POINT('',#5812);
#4551=LINE('',#5813,#5814);
#4552=CIRCLE('',#5815,0.065);
#4553=VERTEX_POINT('',#5816);
#4554=LINE('',#5817,#5818);
#4555=VERTEX_POINT('',#5819);
#4556=CIRCLE('',#5820,0.05166863456794);
#4557=VERTEX_POINT('',#5821);
#4558=LINE('',#5822,#5823);
#4559=CIRCLE('',#5824,0.05166863456794);
#4560=VERTEX_POINT('',#5825);
#4561=VERTEX_POINT('',#5826);
#4562=LINE('',#5827,#5828);
#4563=VERTEX_POINT('',#5829);
#4564=CIRCLE('',#5830,0.0216686345679414);
#4565=VERTEX_POINT('',#5831);
#4566=LINE('',#5832,#5833);
#4567=CIRCLE('',#5834,0.0216686345679414);
#4568=VERTEX_POINT('',#5835);
#4569=VERTEX_POINT('',#5836);
#4570=LINE('',#5837,#5838);
#4571=VERTEX_POINT('',#5839);
#4572=CIRCLE('',#5840,0.07);
#4573=VERTEX_POINT('',#5841);
#4574=LINE('',#5842,#5843);
#4575=CIRCLE('',#5844,0.07);
#4576=VERTEX_POINT('',#5845);
#4577=VERTEX_POINT('',#5846);
#4578=LINE('',#5847,#5848);
#4579=VERTEX_POINT('',#5849);
#4580=CIRCLE('',#5850,0.194950478210394);
#4581=VERTEX_POINT('',#5851);
#4582=LINE('',#5852,#5853);
#4583=CIRCLE('',#5854,0.194950478210394);
#4584=VERTEX_POINT('',#5855);
#4585=VERTEX_POINT('',#5856);
#4586=LINE('',#5857,#5858);
#4587=VERTEX_POINT('',#5859);
#4588=CIRCLE('',#5860,0.0649999999999967);
#4589=VERTEX_POINT('',#5861);
#4590=LINE('',#5862,#5863);
#4591=CIRCLE('',#5864,0.0649999999999967);
#4592=VERTEX_POINT('',#5865);
#4593=VERTEX_POINT('',#5866);
#4594=LINE('',#5867,#5868);
#4595=VERTEX_POINT('',#5869);
#4596=CIRCLE('',#5870,0.04);
#4597=VERTEX_POINT('',#5871);
#4598=LINE('',#5872,#5873);
#4599=CIRCLE('',#5874,0.04);
#4600=VERTEX_POINT('',#5875);
#4601=VERTEX_POINT('',#5876);
#4602=LINE('',#5877,#5878);
#4603=VERTEX_POINT('',#5879);
#4604=CIRCLE('',#5880,0.00999999999999399);
#4605=VERTEX_POINT('',#5881);
#4606=LINE('',#5882,#5883);
#4607=CIRCLE('',#5884,0.00999999999999399);
#4608=VERTEX_POINT('',#5885);
#4609=VERTEX_POINT('',#5886);
#4610=LINE('',#5887,#5888);
#4611=VERTEX_POINT('',#5889);
#4612=CIRCLE('',#5890,0.00999999999999415);
#4613=VERTEX_POINT('',#5891);
#4614=LINE('',#5892,#5893);
#4615=CIRCLE('',#5894,0.00999999999999415);
#4616=VERTEX_POINT('',#5895);
#4617=VERTEX_POINT('',#5896);
#4618=LINE('',#5897,#5898);
#4619=VERTEX_POINT('',#5899);
#4620=CIRCLE('',#5900,0.065);
#4621=VERTEX_POINT('',#5901);
#4622=LINE('',#5902,#5903);
#4623=CIRCLE('',#5904,0.065);
#4624=VERTEX_POINT('',#5905);
#4625=VERTEX_POINT('',#5906);
#4626=LINE('',#5907,#5908);
#4627=VERTEX_POINT('',#5909);
#4628=CIRCLE('',#5910,0.0216686345679414);
#4629=VERTEX_POINT('',#5911);
#4630=LINE('',#5912,#5913);
#4631=CIRCLE('',#5914,0.0216686345679414);
#4632=VERTEX_POINT('',#5915);
#4633=VERTEX_POINT('',#5916);
#4634=LINE('',#5917,#5918);
#4635=VERTEX_POINT('',#5919);
#4636=CIRCLE('',#5920,0.05166863456794);
#4637=VERTEX_POINT('',#5921);
#4638=LINE('',#5922,#5923);
#4639=CIRCLE('',#5924,0.05166863456794);
#4640=VERTEX_POINT('',#5925);
#4641=CIRCLE('',#5926,0.03);
#4642=VERTEX_POINT('',#5927);
#4643=CIRCLE('',#5928,0.05166863456794);
#4644=VERTEX_POINT('',#5929);
#4645=CIRCLE('',#5930,0.03);
#4646=CIRCLE('',#5931,0.02166863456794);
#4647=VERTEX_POINT('',#5932);
#4648=VERTEX_POINT('',#5933);
#4649=LINE('',#5934,#5935);
#4650=VERTEX_POINT('',#5936);
#4651=CIRCLE('',#5937,0.53);
#4652=VERTEX_POINT('',#5938);
#4653=LINE('',#5939,#5940);
#4654=CIRCLE('',#5941,0.53);
#4655=VERTEX_POINT('',#5942);
#4656=VERTEX_POINT('',#5943);
#4657=LINE('',#5944,#5945);
#4658=VERTEX_POINT('',#5946);
#4659=CIRCLE('',#5947,0.68);
#4660=VERTEX_POINT('',#5948);
#4661=LINE('',#5949,#5950);
#4662=CIRCLE('',#5951,0.68);
#4663=VERTEX_POINT('',#5952);
#4664=VERTEX_POINT('',#5953);
#4665=LINE('',#5954,#5955);
#4666=VERTEX_POINT('',#5956);
#4667=CIRCLE('',#5957,0.0799999999999998);
#4668=VERTEX_POINT('',#5958);
#4669=LINE('',#5959,#5960);
#4670=CIRCLE('',#5961,0.08);
#4671=VERTEX_POINT('',#5962);
#4672=VERTEX_POINT('',#5963);
#4673=LINE('',#5964,#5965);
#4674=VERTEX_POINT('',#5966);
#4675=CIRCLE('',#5967,0.53);
#4676=VERTEX_POINT('',#5968);
#4677=LINE('',#5969,#5970);
#4678=CIRCLE('',#5971,0.53);
#4679=VERTEX_POINT('',#5972);
#4680=VERTEX_POINT('',#5973);
#4681=LINE('',#5974,#5975);
#4682=VERTEX_POINT('',#5976);
#4683=CIRCLE('',#5977,0.48);
#4684=VERTEX_POINT('',#5978);
#4685=LINE('',#5979,#5980);
#4686=CIRCLE('',#5981,0.48);
#4687=VERTEX_POINT('',#5982);
#4688=VERTEX_POINT('',#5983);
#4689=LINE('',#5984,#5985);
#4690=VERTEX_POINT('',#5986);
#4691=CIRCLE('',#5987,0.5);
#4692=VERTEX_POINT('',#5988);
#4693=LINE('',#5989,#5990);
#4694=CIRCLE('',#5991,0.5);
#4695=VERTEX_POINT('',#5992);
#4696=VERTEX_POINT('',#5993);
#4697=LINE('',#5994,#5995);
#4698=VERTEX_POINT('',#5996);
#4699=CIRCLE('',#5997,0.07);
#4700=VERTEX_POINT('',#5998);
#4701=LINE('',#5999,#6000);
#4702=CIRCLE('',#6001,0.07);
#4703=VERTEX_POINT('',#6002);
#4704=VERTEX_POINT('',#6003);
#4705=LINE('',#6004,#6005);
#4706=VERTEX_POINT('',#6006);
#4707=CIRCLE('',#6007,0.68);
#4708=VERTEX_POINT('',#6008);
#4709=LINE('',#6009,#6010);
#4710=CIRCLE('',#6011,0.68);
#4711=VERTEX_POINT('',#6012);
#4712=VERTEX_POINT('',#6013);
#4713=LINE('',#6014,#6015);
#4714=VERTEX_POINT('',#6016);
#4715=CIRCLE('',#6017,0.08);
#4716=VERTEX_POINT('',#6018);
#4717=LINE('',#6019,#6020);
#4718=CIRCLE('',#6021,0.0799999999999998);
#4719=VERTEX_POINT('',#6022);
#4720=VERTEX_POINT('',#6023);
#4721=LINE('',#6024,#6025);
#4722=VERTEX_POINT('',#6026);
#4723=LINE('',#6027,#6028);
#4724=VERTEX_POINT('',#6029);
#4725=LINE('',#6030,#6031);
#4726=LINE('',#6032,#6033);
#4727=CIRCLE('',#6034,0.0799999999999998);
#4728=CIRCLE('',#6035,0.08);
#4729=VERTEX_POINT('',#6036);
#4730=CIRCLE('',#6037,0.08);
#4731=VERTEX_POINT('',#6038);
#4732=CIRCLE('',#6039,0.08);
#4733=LINE('',#6040,#6041);
#4734=VERTEX_POINT('',#6042);
#4735=VERTEX_POINT('',#6043);
#4736=LINE('',#6044,#6045);
#4737=VERTEX_POINT('',#6046);
#4738=LINE('',#6047,#6048);
#4739=VERTEX_POINT('',#6049);
#4740=LINE('',#6050,#6051);
#4741=LINE('',#6052,#6053);
#4742=VERTEX_POINT('',#6054);
#4743=VERTEX_POINT('',#6055);
#4744=LINE('',#6056,#6057);
#4745=VERTEX_POINT('',#6058);
#4746=LINE('',#6059,#6060);
#4747=VERTEX_POINT('',#6061);
#4748=LINE('',#6062,#6063);
#4749=LINE('',#6064,#6065);
#4750=VERTEX_POINT('',#6066);
#4751=VERTEX_POINT('',#6067);
#4752=LINE('',#6068,#6069);
#4753=VERTEX_POINT('',#6070);
#4754=LINE('',#6071,#6072);
#4755=CIRCLE('',#6073,1.64916460715889);
#4756=VERTEX_POINT('',#6074);
#4757=CIRCLE('',#6075,0.53);
#4758=CIRCLE('',#6076,0.6);
#4759=VERTEX_POINT('',#6077);
#4760=VERTEX_POINT('',#6078);
#4761=LINE('',#6079,#6080);
#4762=CIRCLE('',#6081,1.19441971386778);
#4763=VERTEX_POINT('',#6082);
#4764=CIRCLE('',#6083,1.19441971386778);
#4765=VERTEX_POINT('',#6084);
#4766=LINE('',#6085,#6086);
#4767=VERTEX_POINT('',#6087);
#4768=CIRCLE('',#6088,1.19441971386778);
#4769=VERTEX_POINT('',#6089);
#4770=LINE('',#6090,#6091);
#4771=CIRCLE('',#6092,1.19441971386778);
#4772=VERTEX_POINT('',#6093);
#4773=VERTEX_POINT('',#6094);
#4774=LINE('',#6095,#6096);
#4775=VERTEX_POINT('',#6097);
#4776=LINE('',#6098,#6099);
#4777=VERTEX_POINT('',#6100);
#4778=LINE('',#6101,#6102);
#4779=LINE('',#6103,#6104);
#4780=VERTEX_POINT('',#6105);
#4781=LINE('',#6106,#6107);
#4782=VERTEX_POINT('',#6108);
#4783=LINE('',#6109,#6110);
#4784=LINE('',#6111,#6112);
#4785=VERTEX_POINT('',#6113);
#4786=CIRCLE('',#6114,1.64916460715889);
#4787=VERTEX_POINT('',#6115);
#4788=LINE('',#6116,#6117);
#4789=LINE('',#6118,#6119);
#4790=VERTEX_POINT('',#6120);
#4791=LINE('',#6121,#6122);
#4792=CIRCLE('',#6123,0.68);
#4793=LINE('',#6124,#6125);
#4794=LINE('',#6126,#6127);
#4795=LINE('',#6128,#6129);
#4796=CIRCLE('',#6130,1.64916460715889);
#4797=CIRCLE('',#6131,1.61916460715889);
#4798=VERTEX_POINT('',#6132);
#4799=CIRCLE('',#6133,0.5);
#4800=VERTEX_POINT('',#6134);
#4801=LINE('',#6135,#6136);
#4802=VERTEX_POINT('',#6137);
#4803=LINE('',#6138,#6139);
#4804=VERTEX_POINT('',#6140);
#4805=CIRCLE('',#6141,0.0700000000000001);
#4806=VERTEX_POINT('',#6142);
#4807=LINE('',#6143,#6144);
#4808=CIRCLE('',#6145,0.07);
#4809=VERTEX_POINT('',#6146);
#4810=LINE('',#6147,#6148);
#4811=VERTEX_POINT('',#6149);
#4812=LINE('',#6150,#6151);
#4813=VERTEX_POINT('',#6152);
#4814=LINE('',#6153,#6154);
#4815=VERTEX_POINT('',#6155);
#4816=LINE('',#6156,#6157);
#4817=CIRCLE('',#6158,0.48);
#4818=CIRCLE('',#6159,1.59916460715889);
#4819=LINE('',#6160,#6161);
#4820=VERTEX_POINT('',#6162);
#4821=CIRCLE('',#6163,0.68);
#4822=LINE('',#6164,#6165);
#4823=VERTEX_POINT('',#6166);
#4824=LINE('',#6167,#6168);
#4825=VERTEX_POINT('',#6169);
#4826=CIRCLE('',#6170,0.6);
#4827=CIRCLE('',#6171,0.53);
#4828=LINE('',#6172,#6173);
#4829=VERTEX_POINT('',#6174);
#4830=CIRCLE('',#6175,1.61916460715889);
#4831=LINE('',#6176,#6177);
#4832=VERTEX_POINT('',#6178);
#4833=CIRCLE('',#6179,1.59916460715889);
#4834=VERTEX_POINT('',#6180);
#4835=LINE('',#6181,#6182);
#4836=VERTEX_POINT('',#6183);
#4837=LINE('',#6184,#6185);
#4838=LINE('',#6186,#6187);
#4839=LINE('',#6188,#6189);
#4840=VERTEX_POINT('',#6190);
#4841=LINE('',#6191,#6192);
#4842=VERTEX_POINT('',#6193);
#4843=LINE('',#6194,#6195);
#4844=LINE('',#6196,#6197);
#4845=VERTEX_POINT('',#6198);
#4846=LINE('',#6199,#6200);
#4847=VERTEX_POINT('',#6201);
#4848=LINE('',#6202,#6203);
#4849=LINE('',#6204,#6205);
#4850=LINE('',#6206,#6207);
#4851=LINE('',#6208,#6209);
#4852=LINE('',#6210,#6211);
#4853=VERTEX_POINT('',#6212);
#4854=LINE('',#6213,#6214);
#4855=VERTEX_POINT('',#6215);
#4856=LINE('',#6216,#6217);
#4857=VERTEX_POINT('',#6218);
#4858=LINE('',#6219,#6220);
#4859=VERTEX_POINT('',#6221);
#4860=LINE('',#6222,#6223);
#4861=VERTEX_POINT('',#6224);
#4862=LINE('',#6225,#6226);
#4863=VERTEX_POINT('',#6227);
#4864=LINE('',#6228,#6229);
#4865=LINE('',#6230,#6231);
#4866=VERTEX_POINT('',#6232);
#4867=LINE('',#6233,#6234);
#4868=VERTEX_POINT('',#6235);
#4869=LINE('',#6236,#6237);
#4870=VERTEX_POINT('',#6238);
#4871=LINE('',#6239,#6240);
#4872=VERTEX_POINT('',#6241);
#4873=LINE('',#6242,#6243);
#4874=VERTEX_POINT('',#6244);
#4875=LINE('',#6245,#6246);
#4876=VERTEX_POINT('',#6247);
#4877=LINE('',#6248,#6249);
#4878=LINE('',#6250,#6251);
#4879=VERTEX_POINT('',#6252);
#4880=CIRCLE('',#6253,1.61916460715889);
#4881=VERTEX_POINT('',#6254);
#4882=LINE('',#6255,#6256);
#4883=CIRCLE('',#6257,1.61916460715889);
#4884=VERTEX_POINT('',#6258);
#4885=CIRCLE('',#6259,1.59916460715889);
#4886=VERTEX_POINT('',#6260);
#4887=LINE('',#6261,#6262);
#4888=CIRCLE('',#6263,1.59916460715889);
#4889=VERTEX_POINT('',#6264);
#4890=LINE('',#6265,#6266);
#4891=LINE('',#6267,#6268);
#4892=VERTEX_POINT('',#6269);
#4893=LINE('',#6270,#6271);
#4894=CIRCLE('',#6272,0.07);
#4895=VERTEX_POINT('',#6273);
#4896=LINE('',#6274,#6275);
#4897=LINE('',#6276,#6277);
#4898=VERTEX_POINT('',#6278);
#4899=CIRCLE('',#6279,0.0700000000000001);
#4900=LINE('',#6280,#6281);
#4901=VERTEX_POINT('',#6282);
#4902=LINE('',#6283,#6284);
#4903=LINE('',#6285,#6286);
#4904=VERTEX_POINT('',#6287);
#4905=LINE('',#6288,#6289);
#4906=VERTEX_POINT('',#6290);
#4907=LINE('',#6291,#6292);
#4908=LINE('',#6293,#6294);
#4909=VERTEX_POINT('',#6295);
#4910=VERTEX_POINT('',#6296);
#4911=LINE('',#6297,#6298);
#4912=VERTEX_POINT('',#6299);
#4913=LINE('',#6300,#6301);
#4914=VERTEX_POINT('',#6302);
#4915=LINE('',#6303,#6304);
#4916=LINE('',#6305,#6306);
#4917=VERTEX_POINT('',#6307);
#4918=LINE('',#6308,#6309);
#4919=VERTEX_POINT('',#6310);
#4920=LINE('',#6311,#6312);
#4921=VERTEX_POINT('',#6313);
#4922=LINE('',#6314,#6315);
#4923=VERTEX_POINT('',#6316);
#4924=LINE('',#6317,#6318);
#4925=VERTEX_POINT('',#6319);
#4926=LINE('',#6320,#6321);
#4927=LINE('',#6322,#6323);
#4928=VERTEX_POINT('',#6324);
#4929=CIRCLE('',#6325,0.5);
#4930=VERTEX_POINT('',#6326);
#4931=LINE('',#6327,#6328);
#4932=VERTEX_POINT('',#6329);
#4933=CIRCLE('',#6330,0.5);
#4934=VERTEX_POINT('',#6331);
#4935=LINE('',#6332,#6333);
#4936=VERTEX_POINT('',#6334);
#4937=CIRCLE('',#6335,0.5);
#4938=VERTEX_POINT('',#6336);
#4939=LINE('',#6337,#6338);
#4940=VERTEX_POINT('',#6339);
#4941=CIRCLE('',#6340,0.5);
#4942=VERTEX_POINT('',#6341);
#4943=LINE('',#6342,#6343);
#4944=VERTEX_POINT('',#6344);
#4945=CIRCLE('',#6345,0.5);
#4946=LINE('',#6346,#6347);
#4947=CIRCLE('',#6348,0.48);
#4948=VERTEX_POINT('',#6349);
#4949=VERTEX_POINT('',#6350);
#4950=LINE('',#6351,#6352);
#4951=VERTEX_POINT('',#6353);
#4952=CIRCLE('',#6354,0.48);
#4953=VERTEX_POINT('',#6355);
#4954=LINE('',#6356,#6357);
#4955=CIRCLE('',#6358,0.48);
#4956=VERTEX_POINT('',#6359);
#4957=VERTEX_POINT('',#6360);
#4958=CIRCLE('',#6361,0.48);
#4959=VERTEX_POINT('',#6362);
#4960=LINE('',#6363,#6364);
#4961=VERTEX_POINT('',#6365);
#4962=CIRCLE('',#6366,0.48);
#4963=LINE('',#6367,#6368);
#4964=LINE('',#6369,#6370);
#4965=LINE('',#6371,#6372);
#4966=LINE('',#6373,#6374);
#4967=LINE('',#6375,#6376);
#4968=VERTEX_POINT('',#6377);
#4969=VERTEX_POINT('',#6378);
#4970=LINE('',#6379,#6380);
#4971=VERTEX_POINT('',#6381);
#4972=LINE('',#6382,#6383);
#4973=VERTEX_POINT('',#6384);
#4974=LINE('',#6385,#6386);
#4975=LINE('',#6387,#6388);
#4976=VERTEX_POINT('',#6389);
#4977=VERTEX_POINT('',#6390);
#4978=LINE('',#6391,#6392);
#4979=VERTEX_POINT('',#6393);
#4980=LINE('',#6394,#6395);
#4981=VERTEX_POINT('',#6396);
#4982=LINE('',#6397,#6398);
#4983=LINE('',#6399,#6400);
#4984=LINE('',#6401,#6402);
#4985=LINE('',#6403,#6404);
#4986=LINE('',#6405,#6406);
#4987=LINE('',#6407,#6408);
#4988=VERTEX_POINT('',#6409);
#4989=VERTEX_POINT('',#6410);
#4990=LINE('',#6411,#6412);
#4991=VERTEX_POINT('',#6413);
#4992=LINE('',#6414,#6415);
#4993=VERTEX_POINT('',#6416);
#4994=LINE('',#6417,#6418);
#4995=LINE('',#6419,#6420);
#4996=VERTEX_POINT('',#6421);
#4997=VERTEX_POINT('',#6422);
#4998=LINE('',#6423,#6424);
#4999=VERTEX_POINT('',#6425);
#5000=LINE('',#6426,#6427);
#5001=VERTEX_POINT('',#6428);
#5002=LINE('',#6429,#6430);
#5003=LINE('',#6431,#6432);
#5004=LINE('',#6433,#6434);
#5005=LINE('',#6435,#6436);
#5006=LINE('',#6437,#6438);
#5007=LINE('',#6439,#6440);
#5008=LINE('',#6441,#6442);
#5009=VERTEX_POINT('',#6443);
#5010=CIRCLE('',#6444,0.881336230902134);
#5011=VERTEX_POINT('',#6445);
#5012=LINE('',#6446,#6447);
#5013=VERTEX_POINT('',#6448);
#5014=LINE('',#6449,#6450);
#5015=VERTEX_POINT('',#6451);
#5016=LINE('',#6452,#6453);
#5017=CIRCLE('',#6454,0.881336230902134);
#5018=VERTEX_POINT('',#6455);
#5019=CIRCLE('',#6456,0.881336230902134);
#5020=VERTEX_POINT('',#6457);
#5021=LINE('',#6458,#6459);
#5022=VERTEX_POINT('',#6460);
#5023=LINE('',#6461,#6462);
#5024=VERTEX_POINT('',#6463);
#5025=LINE('',#6464,#6465);
#5026=CIRCLE('',#6466,0.881336230902134);
#5027=LINE('',#6467,#6468);
#5028=LINE('',#6469,#6470);
#5029=LINE('',#6471,#6472);
#5030=LINE('',#6473,#6474);
#5031=VERTEX_POINT('',#6475);
#5032=VERTEX_POINT('',#6476);
#5033=LINE('',#6477,#6478);
#5034=VERTEX_POINT('',#6479);
#5035=LINE('',#6480,#6481);
#5036=VERTEX_POINT('',#6482);
#5037=LINE('',#6483,#6484);
#5038=CIRCLE('',#6485,1.19441971386778);
#5039=LINE('',#6486,#6487);
#5040=VERTEX_POINT('',#6488);
#5041=CIRCLE('',#6489,1.19441971386778);
#5042=VERTEX_POINT('',#6490);
#5043=LINE('',#6491,#6492);
#5044=VERTEX_POINT('',#6493);
#5045=LINE('',#6494,#6495);
#5046=LINE('',#6496,#6497);
#5047=VERTEX_POINT('',#6498);
#5048=CIRCLE('',#6499,1.19441971386778);
#5049=VERTEX_POINT('',#6500);
#5050=LINE('',#6501,#6502);
#5051=VERTEX_POINT('',#6503);
#5052=CIRCLE('',#6504,1.19441971386778);
#5053=LINE('',#6505,#6506);
#5054=LINE('',#6507,#6508);
#5055=LINE('',#6509,#6510);
#5056=LINE('',#6511,#6512);
#5057=VERTEX_POINT('',#6513);
#5058=LINE('',#6514,#6515);
#5059=VERTEX_POINT('',#6516);
#5060=LINE('',#6517,#6518);
#5061=LINE('',#6519,#6520);
#5062=VERTEX_POINT('',#6521);
#5063=CIRCLE('',#6522,1.64916460715889);
#5064=LINE('',#6523,#6524);
#5065=VERTEX_POINT('',#6525);
#5066=CIRCLE('',#6526,0.68);
#5067=LINE('',#6527,#6528);
#5068=VERTEX_POINT('',#6529);
#5069=CIRCLE('',#6530,0.0799999999999998);
#5070=VERTEX_POINT('',#6531);
#5071=LINE('',#6532,#6533);
#5072=VERTEX_POINT('',#6534);
#5073=CIRCLE('',#6535,0.08);
#5074=VERTEX_POINT('',#6536);
#5075=LINE('',#6537,#6538);
#5076=LINE('',#6539,#6540);
#5077=VERTEX_POINT('',#6541);
#5078=VERTEX_POINT('',#6542);
#5079=LINE('',#6543,#6544);
#5080=LINE('',#6545,#6546);
#5081=LINE('',#6547,#6548);
#5082=VERTEX_POINT('',#6549);
#5083=LINE('',#6550,#6551);
#5084=VERTEX_POINT('',#6552);
#5085=CIRCLE('',#6553,0.6);
#5086=CIRCLE('',#6554,0.53);
#5087=CIRCLE('',#6555,1.64916460715889);
#5088=CIRCLE('',#6556,1.64916460715889);
#5089=VERTEX_POINT('',#6557);
#5090=CIRCLE('',#6558,0.53);
#5091=VERTEX_POINT('',#6559);
#5092=CIRCLE('',#6560,0.6);
#5093=VERTEX_POINT('',#6561);
#5094=LINE('',#6562,#6563);
#5095=VERTEX_POINT('',#6564);
#5096=CIRCLE('',#6565,0.08);
#5097=VERTEX_POINT('',#6566);
#5098=LINE('',#6567,#6568);
#5099=CIRCLE('',#6569,0.08);
#5100=VERTEX_POINT('',#6570);
#5101=LINE('',#6571,#6572);
#5102=CIRCLE('',#6573,0.68);
#5103=LINE('',#6574,#6575);
#5104=VERTEX_POINT('',#6576);
#5105=LINE('',#6577,#6578);
#5106=VERTEX_POINT('',#6579);
#5107=LINE('',#6580,#6581);
#5108=LINE('',#6582,#6583);
#5109=VERTEX_POINT('',#6584);
#5110=CIRCLE('',#6585,0.07);
#5111=VERTEX_POINT('',#6586);
#5112=LINE('',#6587,#6588);
#5113=VERTEX_POINT('',#6589);
#5114=CIRCLE('',#6590,0.0700000000000001);
#5115=VERTEX_POINT('',#6591);
#5116=LINE('',#6592,#6593);
#5117=LINE('',#6594,#6595);
#5118=LINE('',#6596,#6597);
#5119=LINE('',#6598,#6599);
#5120=LINE('',#6600,#6601);
#5121=LINE('',#6602,#6603);
#5122=LINE('',#6604,#6605);
#5123=LINE('',#6606,#6607);
#5124=VERTEX_POINT('',#6608);
#5125=LINE('',#6609,#6610);
#5126=LINE('',#6611,#6612);
#5127=VERTEX_POINT('',#6613);
#5128=LINE('',#6614,#6615);
#5129=LINE('',#6616,#6617);
#5130=VERTEX_POINT('',#6618);
#5131=VERTEX_POINT('',#6619);
#5132=CIRCLE('',#6620,0.0216686345679399);
#5133=VERTEX_POINT('',#6621);
#5134=LINE('',#6622,#6623);
#5135=VERTEX_POINT('',#6624);
#5136=LINE('',#6625,#6626);
#5137=VERTEX_POINT('',#6627);
#5138=LINE('',#6628,#6629);
#5139=VERTEX_POINT('',#6630);
#5140=CIRCLE('',#6631,0.0216686345679411);
#5141=VERTEX_POINT('',#6632);
#5142=LINE('',#6633,#6634);
#5143=CIRCLE('',#6635,0.0216686345679414);
#5144=VERTEX_POINT('',#6636);
#5145=LINE('',#6637,#6638);
#5146=VERTEX_POINT('',#6639);
#5147=CIRCLE('',#6640,0.0216686345679402);
#5148=LINE('',#6641,#6642);
#5149=VERTEX_POINT('',#6643);
#5150=VERTEX_POINT('',#6644);
#5151=LINE('',#6645,#6646);
#5152=VERTEX_POINT('',#6647);
#5153=LINE('',#6648,#6649);
#5154=LINE('',#6650,#6651);
#5155=VERTEX_POINT('',#6652);
#5156=LINE('',#6653,#6654);
#5157=VERTEX_POINT('',#6655);
#5158=LINE('',#6656,#6657);
#5159=VERTEX_POINT('',#6658);
#5160=LINE('',#6659,#6660);
#5161=VERTEX_POINT('',#6661);
#5162=CIRCLE('',#6662,0.03);
#5163=VERTEX_POINT('',#6663);
#5164=LINE('',#6664,#6665);
#5165=CIRCLE('',#6666,0.03);
#5166=VERTEX_POINT('',#6667);
#5167=LINE('',#6668,#6669);
#5168=VERTEX_POINT('',#6670);
#5169=CIRCLE('',#6671,0.0216686345679399);
#5170=VERTEX_POINT('',#6672);
#5171=LINE('',#6673,#6674);
#5172=VERTEX_POINT('',#6675);
#5173=CIRCLE('',#6676,0.0216686345679399);
#5174=VERTEX_POINT('',#6677);
#5175=LINE('',#6678,#6679);
#5176=CIRCLE('',#6680,0.02166863456794);
#5177=VERTEX_POINT('',#6681);
#5178=LINE('',#6682,#6683);
#5179=VERTEX_POINT('',#6684);
#5180=CIRCLE('',#6685,0.02166863456794);
#5181=LINE('',#6686,#6687);
#5182=VERTEX_POINT('',#6688);
#5183=CIRCLE('',#6689,0.03);
#5184=LINE('',#6690,#6691);
#5185=VERTEX_POINT('',#6692);
#5186=CIRCLE('',#6693,0.03);
#5187=CIRCLE('',#6694,0.05166863456794);
#5188=LINE('',#6695,#6696);
#5189=CIRCLE('',#6697,0.03);
#5190=VERTEX_POINT('',#6698);
#5191=CIRCLE('',#6699,0.03);
#5192=LINE('',#6700,#6701);
#5193=VERTEX_POINT('',#6702);
#5194=CIRCLE('',#6703,0.03);
#5195=CIRCLE('',#6704,0.0516686345679399);
#5196=VERTEX_POINT('',#6705);
#5197=CIRCLE('',#6706,0.03);
#5198=LINE('',#6707,#6708);
#5199=VERTEX_POINT('',#6709);
#5200=CIRCLE('',#6710,0.03);
#5201=CIRCLE('',#6711,0.0516686345679399);
#5202=VERTEX_POINT('',#6712);
#5203=ELLIPSE('',#6713,0.0424264068711931,0.03);
#5204=LINE('',#6714,#6715);
#5205=VERTEX_POINT('',#6716);
#5206=LINE('',#6717,#6718);
#5207=LINE('',#6719,#6720);
#5208=VERTEX_POINT('',#6721);
#5209=LINE('',#6722,#6723);
#5210=LINE('',#6724,#6725);
#5211=VERTEX_POINT('',#6726);
#5212=CIRCLE('',#6727,0.0516686345679399);
#5213=LINE('',#6728,#6729);
#5214=VERTEX_POINT('',#6730);
#5215=LINE('',#6731,#6732);
#5216=LINE('',#6733,#6734);
#5217=VERTEX_POINT('',#6735);
#5218=CIRCLE('',#6736,0.0516686345679399);
#5219=LINE('',#6737,#6738);
#5220=LINE('',#6739,#6740);
#5221=VERTEX_POINT('',#6741);
#5222=CIRCLE('',#6742,0.05166863456794);
#5223=LINE('',#6743,#6744);
#5224=VERTEX_POINT('',#6745);
#5225=LINE('',#6746,#6747);
#5226=LINE('',#6748,#6749);
#5227=VERTEX_POINT('',#6750);
#5228=CIRCLE('',#6751,0.05166863456794);
#5229=LINE('',#6752,#6753);
#5230=LINE('',#6754,#6755);
#5231=VERTEX_POINT('',#6756);
#5232=LINE('',#6757,#6758);
#5233=LINE('',#6759,#6760);
#5234=VERTEX_POINT('',#6761);
#5235=CIRCLE('',#6762,0.0216686345679411);
#5236=LINE('',#6763,#6764);
#5237=VERTEX_POINT('',#6765);
#5238=LINE('',#6766,#6767);
#5239=LINE('',#6768,#6769);
#5240=CIRCLE('',#6770,0.0216686345679414);
#5241=VERTEX_POINT('',#6771);
#5242=LINE('',#6772,#6773);
#5243=LINE('',#6774,#6775);
#5244=VERTEX_POINT('',#6776);
#5245=CIRCLE('',#6777,0.0216686345679402);
#5246=LINE('',#6778,#6779);
#5247=VERTEX_POINT('',#6780);
#5248=LINE('',#6781,#6782);
#5249=LINE('',#6783,#6784);
#5250=VERTEX_POINT('',#6785);
#5251=CIRCLE('',#6786,0.0216686345679399);
#5252=LINE('',#6787,#6788);
#5253=LINE('',#6789,#6790);
#5254=VERTEX_POINT('',#6791);
#5255=LINE('',#6792,#6793);
#5256=LINE('',#6794,#6795);
#5257=VERTEX_POINT('',#6796);
#5258=CIRCLE('',#6797,0.00999999999999415);
#5259=VERTEX_POINT('',#6798);
#5260=LINE('',#6799,#6800);
#5261=VERTEX_POINT('',#6801);
#5262=CIRCLE('',#6802,0.00999999999999407);
#5263=LINE('',#6803,#6804);
#5264=VERTEX_POINT('',#6805);
#5265=CIRCLE('',#6806,0.00999999999999399);
#5266=VERTEX_POINT('',#6807);
#5267=LINE('',#6808,#6809);
#5268=VERTEX_POINT('',#6810);
#5269=CIRCLE('',#6811,0.0300000000000002);
#5270=VERTEX_POINT('',#6812);
#5271=LINE('',#6813,#6814);
#5272=VERTEX_POINT('',#6815);
#5273=CIRCLE('',#6816,0.03);
#5274=VERTEX_POINT('',#6817);
#5275=LINE('',#6818,#6819);
#5276=CIRCLE('',#6820,0.04);
#5277=VERTEX_POINT('',#6821);
#5278=LINE('',#6822,#6823);
#5279=CIRCLE('',#6824,0.0649999999999967);
#5280=VERTEX_POINT('',#6825);
#5281=CIRCLE('',#6826,0.744432231766023);
#5282=CIRCLE('',#6827,0.194950478210394);
#5283=VERTEX_POINT('',#6828);
#5284=CIRCLE('',#6829,0.165);
#5285=VERTEX_POINT('',#6830);
#5286=CIRCLE('',#6831,0.025);
#5287=VERTEX_POINT('',#6832);
#5288=LINE('',#6833,#6834);
#5289=CIRCLE('',#6835,0.01);
#5290=VERTEX_POINT('',#6836);
#5291=CIRCLE('',#6837,0.065);
#5292=VERTEX_POINT('',#6838);
#5293=CIRCLE('',#6839,0.151257913405326);
#5294=VERTEX_POINT('',#6840);
#5295=LINE('',#6841,#6842);
#5296=VERTEX_POINT('',#6843);
#5297=CIRCLE('',#6844,0.0549999999999994);
#5298=VERTEX_POINT('',#6845);
#5299=LINE('',#6846,#6847);
#5300=VERTEX_POINT('',#6848);
#5301=CIRCLE('',#6849,0.0549999999999996);
#5302=VERTEX_POINT('',#6850);
#5303=LINE('',#6851,#6852);
#5304=LINE('',#6853,#6854);
#5305=VERTEX_POINT('',#6855);
#5306=LINE('',#6856,#6857);
#5307=VERTEX_POINT('',#6858);
#5308=LINE('',#6859,#6860);
#5309=VERTEX_POINT('',#6861);
#5310=CIRCLE('',#6862,0.0700000000000001);
#5311=VERTEX_POINT('',#6863);
#5312=LINE('',#6864,#6865);
#5313=CIRCLE('',#6866,0.07);
#5314=VERTEX_POINT('',#6867);
#5315=LINE('',#6868,#6869);
#5316=VERTEX_POINT('',#6870);
#5317=LINE('',#6871,#6872);
#5318=LINE('',#6873,#6874);
#5319=VERTEX_POINT('',#6875);
#5320=LINE('',#6876,#6877);
#5321=VERTEX_POINT('',#6878);
#5322=LINE('',#6879,#6880);
#5323=VERTEX_POINT('',#6881);
#5324=CIRCLE('',#6882,0.0549999999999996);
#5325=VERTEX_POINT('',#6883);
#5326=LINE('',#6884,#6885);
#5327=VERTEX_POINT('',#6886);
#5328=CIRCLE('',#6887,0.0549999999999994);
#5329=VERTEX_POINT('',#6888);
#5330=LINE('',#6889,#6890);
#5331=VERTEX_POINT('',#6891);
#5332=CIRCLE('',#6892,0.151257913405326);
#5333=CIRCLE('',#6893,0.065);
#5334=VERTEX_POINT('',#6894);
#5335=CIRCLE('',#6895,0.01);
#5336=VERTEX_POINT('',#6896);
#5337=LINE('',#6897,#6898);
#5338=VERTEX_POINT('',#6899);
#5339=CIRCLE('',#6900,0.025);
#5340=CIRCLE('',#6901,0.165);
#5341=VERTEX_POINT('',#6902);
#5342=CIRCLE('',#6903,0.194950478210394);
#5343=CIRCLE('',#6904,0.744432231766023);
#5344=VERTEX_POINT('',#6905);
#5345=CIRCLE('',#6906,0.0649999999999967);
#5346=LINE('',#6907,#6908);
#5347=VERTEX_POINT('',#6909);
#5348=CIRCLE('',#6910,0.04);
#5349=VERTEX_POINT('',#6911);
#5350=LINE('',#6912,#6913);
#5351=VERTEX_POINT('',#6914);
#5352=CIRCLE('',#6915,0.03);
#5353=VERTEX_POINT('',#6916);
#5354=LINE('',#6917,#6918);
#5355=VERTEX_POINT('',#6919);
#5356=CIRCLE('',#6920,0.0300000000000002);
#5357=VERTEX_POINT('',#6921);
#5358=LINE('',#6922,#6923);
#5359=CIRCLE('',#6924,0.00999999999999399);
#5360=VERTEX_POINT('',#6925);
#5361=LINE('',#6926,#6927);
#5362=VERTEX_POINT('',#6928);
#5363=CIRCLE('',#6929,0.00999999999999407);
#5364=VERTEX_POINT('',#6930);
#5365=LINE('',#6931,#6932);
#5366=CIRCLE('',#6933,0.00999999999999415);
#5367=VERTEX_POINT('',#6934);
#5368=LINE('',#6935,#6936);
#5369=LINE('',#6937,#6938);
#5370=LINE('',#6939,#6940);
#5371=LINE('',#6941,#6942);
#5372=LINE('',#6943,#6944);
#5373=LINE('',#6945,#6946);
#5374=LINE('',#6947,#6948);
#5375=LINE('',#6949,#6950);
#5376=LINE('',#6951,#6952);
#5377=LINE('',#6953,#6954);
#5378=LINE('',#6955,#6956);
#5379=LINE('',#6957,#6958);
#5380=VERTEX_POINT('',#6959);
#5381=LINE('',#6960,#6961);
#5382=VERTEX_POINT('',#6962);
#5383=LINE('',#6963,#6964);
#5384=LINE('',#6965,#6966);
#5385=VERTEX_POINT('',#6967);
#5386=LINE('',#6968,#6969);
#5387=VERTEX_POINT('',#6970);
#5388=LINE('',#6971,#6972);
#5389=LINE('',#6973,#6974);
#5390=LINE('',#6975,#6976);
#5391=LINE('',#6977,#6978);
#5392=LINE('',#6979,#6980);
#5393=LINE('',#6981,#6982);
#5394=LINE('',#6983,#6984);
#5395=LINE('',#6985,#6986);
#5396=LINE('',#6987,#6988);
#5397=LINE('',#6989,#6990);
#5398=LINE('',#6991,#6992);
#5399=LINE('',#6993,#6994);
#5400=LINE('',#6995,#6996);
#5401=LINE('',#6997,#6998);
#5402=VERTEX_POINT('',#6999);
#5403=LINE('',#7000,#7001);
#5404=LINE('',#7002,#7003);
#5405=VERTEX_POINT('',#7004);
#5406=CIRCLE('',#7005,0.0700000000000001);
#5407=LINE('',#7006,#7007);
#5408=VERTEX_POINT('',#7008);
#5409=LINE('',#7009,#7010);
#5410=LINE('',#7011,#7012);
#5411=CIRCLE('',#7013,0.07);
#5412=VERTEX_POINT('',#7014);
#5413=LINE('',#7015,#7016);
#5414=LINE('',#7017,#7018);
#5415=VERTEX_POINT('',#7019);
#5416=VERTEX_POINT('',#7020);
#5417=CIRCLE('',#7021,0.0216686345679399);
#5418=VERTEX_POINT('',#7022);
#5419=LINE('',#7023,#7024);
#5420=VERTEX_POINT('',#7025);
#5421=CIRCLE('',#7026,0.0216686345679402);
#5422=VERTEX_POINT('',#7027);
#5423=LINE('',#7028,#7029);
#5424=CIRCLE('',#7030,0.0216686345679414);
#5425=VERTEX_POINT('',#7031);
#5426=LINE('',#7032,#7033);
#5427=VERTEX_POINT('',#7034);
#5428=CIRCLE('',#7035,0.0216686345679411);
#5429=VERTEX_POINT('',#7036);
#5430=LINE('',#7037,#7038);
#5431=VERTEX_POINT('',#7039);
#5432=LINE('',#7040,#7041);
#5433=LINE('',#7042,#7043);
#5434=VERTEX_POINT('',#7044);
#5435=VERTEX_POINT('',#7045);
#5436=LINE('',#7046,#7047);
#5437=VERTEX_POINT('',#7048);
#5438=LINE('',#7049,#7050);
#5439=VERTEX_POINT('',#7051);
#5440=CIRCLE('',#7052,0.02166863456794);
#5441=VERTEX_POINT('',#7053);
#5442=LINE('',#7054,#7055);
#5443=CIRCLE('',#7056,0.02166863456794);
#5444=VERTEX_POINT('',#7057);
#5445=LINE('',#7058,#7059);
#5446=VERTEX_POINT('',#7060);
#5447=CIRCLE('',#7061,0.0216686345679399);
#5448=VERTEX_POINT('',#7062);
#5449=LINE('',#7063,#7064);
#5450=VERTEX_POINT('',#7065);
#5451=CIRCLE('',#7066,0.0216686345679399);
#5452=LINE('',#7067,#7068);
#5453=VERTEX_POINT('',#7069);
#5454=LINE('',#7070,#7071);
#5455=VERTEX_POINT('',#7072);
#5456=LINE('',#7073,#7074);
#5457=LINE('',#7075,#7076);
#5458=VERTEX_POINT('',#7077);
#5459=LINE('',#7078,#7079);
#5460=CIRCLE('',#7080,0.0216686345679411);
#5461=LINE('',#7081,#7082);
#5462=VERTEX_POINT('',#7083);
#5463=LINE('',#7084,#7085);
#5464=CIRCLE('',#7086,0.0216686345679414);
#5465=VERTEX_POINT('',#7087);
#5466=LINE('',#7088,#7089);
#5467=LINE('',#7090,#7091);
#5468=VERTEX_POINT('',#7092);
#5469=LINE('',#7093,#7094);
#5470=CIRCLE('',#7095,0.0216686345679402);
#5471=VERTEX_POINT('',#7096);
#5472=LINE('',#7097,#7098);
#5473=LINE('',#7099,#7100);
#5474=VERTEX_POINT('',#7101);
#5475=LINE('',#7102,#7103);
#5476=CIRCLE('',#7104,0.0216686345679399);
#5477=VERTEX_POINT('',#7105);
#5478=LINE('',#7106,#7107);
#5479=LINE('',#7108,#7109);
#5480=VERTEX_POINT('',#7110);
#5481=VERTEX_POINT('',#7111);
#5482=LINE('',#7112,#7113);
#5483=CIRCLE('',#7114,0.03);
#5484=VERTEX_POINT('',#7115);
#5485=CIRCLE('',#7116,0.03);
#5486=VERTEX_POINT('',#7117);
#5487=LINE('',#7118,#7119);
#5488=LINE('',#7120,#7121);
#5489=LINE('',#7122,#7123);
#5490=VERTEX_POINT('',#7124);
#5491=ELLIPSE('',#7125,0.0424264068711931,0.03);
#5492=VERTEX_POINT('',#7126);
#5493=LINE('',#7127,#7128);
#5494=LINE('',#7129,#7130);
#5495=VERTEX_POINT('',#7131);
#5496=LINE('',#7132,#7133);
#5497=VERTEX_POINT('',#7134);
#5498=LINE('',#7135,#7136);
#5499=LINE('',#7137,#7138);
#5500=VERTEX_POINT('',#7139);
#5501=CIRCLE('',#7140,0.0516686345679399);
#5502=VERTEX_POINT('',#7141);
#5503=LINE('',#7142,#7143);
#5504=CIRCLE('',#7144,0.0516686345679399);
#5505=VERTEX_POINT('',#7145);
#5506=LINE('',#7146,#7147);
#5507=VERTEX_POINT('',#7148);
#5508=LINE('',#7149,#7150);
#5509=LINE('',#7151,#7152);
#5510=VERTEX_POINT('',#7153);
#5511=CIRCLE('',#7154,0.0516686345679399);
#5512=VERTEX_POINT('',#7155);
#5513=LINE('',#7156,#7157);
#5514=CIRCLE('',#7158,0.0516686345679399);
#5515=LINE('',#7159,#7160);
#5516=VERTEX_POINT('',#7161);
#5517=LINE('',#7162,#7163);
#5518=LINE('',#7164,#7165);
#5519=CIRCLE('',#7166,0.05166863456794);
#5520=VERTEX_POINT('',#7167);
#5521=LINE('',#7168,#7169);
#5522=VERTEX_POINT('',#7170);
#5523=LINE('',#7171,#7172);
#5524=LINE('',#7173,#7174);
#5525=VERTEX_POINT('',#7175);
#5526=CIRCLE('',#7176,0.05166863456794);
#5527=VERTEX_POINT('',#7177);
#5528=LINE('',#7178,#7179);
#5529=CIRCLE('',#7180,0.05166863456794);
#5530=LINE('',#7181,#7182);
#5531=LINE('',#7183,#7184);
#5532=LINE('',#7185,#7186);
#5533=VERTEX_POINT('',#7187);
#5534=LINE('',#7188,#7189);
#5535=VERTEX_POINT('',#7190);
#5536=LINE('',#7191,#7192);
#5537=VERTEX_POINT('',#7193);
#5538=CIRCLE('',#7194,0.0549999999999996);
#5539=VERTEX_POINT('',#7195);
#5540=LINE('',#7196,#7197);
#5541=VERTEX_POINT('',#7198);
#5542=CIRCLE('',#7199,0.0549999999999994);
#5543=VERTEX_POINT('',#7200);
#5544=LINE('',#7201,#7202);
#5545=VERTEX_POINT('',#7203);
#5546=CIRCLE('',#7204,0.151257913405326);
#5547=CIRCLE('',#7205,0.065);
#5548=VERTEX_POINT('',#7206);
#5549=CIRCLE('',#7207,0.01);
#5550=VERTEX_POINT('',#7208);
#5551=LINE('',#7209,#7210);
#5552=VERTEX_POINT('',#7211);
#5553=CIRCLE('',#7212,0.025);
#5554=CIRCLE('',#7213,0.165);
#5555=VERTEX_POINT('',#7214);
#5556=CIRCLE('',#7215,0.194950478210394);
#5557=CIRCLE('',#7216,0.744432231766023);
#5558=VERTEX_POINT('',#7217);
#5559=CIRCLE('',#7218,0.0649999999999967);
#5560=LINE('',#7219,#7220);
#5561=VERTEX_POINT('',#7221);
#5562=CIRCLE('',#7222,0.04);
#5563=VERTEX_POINT('',#7223);
#5564=LINE('',#7224,#7225);
#5565=VERTEX_POINT('',#7226);
#5566=CIRCLE('',#7227,0.03);
#5567=VERTEX_POINT('',#7228);
#5568=LINE('',#7229,#7230);
#5569=VERTEX_POINT('',#7231);
#5570=CIRCLE('',#7232,0.0300000000000002);
#5571=VERTEX_POINT('',#7233);
#5572=LINE('',#7234,#7235);
#5573=CIRCLE('',#7236,0.00999999999999399);
#5574=VERTEX_POINT('',#7237);
#5575=LINE('',#7238,#7239);
#5576=VERTEX_POINT('',#7240);
#5577=CIRCLE('',#7241,0.00999999999999407);
#5578=VERTEX_POINT('',#7242);
#5579=LINE('',#7243,#7244);
#5580=CIRCLE('',#7245,0.00999999999999415);
#5581=VERTEX_POINT('',#7246);
#5582=LINE('',#7247,#7248);
#5583=LINE('',#7249,#7250);
#5584=VERTEX_POINT('',#7251);
#5585=LINE('',#7252,#7253);
#5586=VERTEX_POINT('',#7254);
#5587=LINE('',#7255,#7256);
#5588=LINE('',#7257,#7258);
#5589=VERTEX_POINT('',#7259);
#5590=CIRCLE('',#7260,0.00999999999999415);
#5591=VERTEX_POINT('',#7261);
#5592=LINE('',#7262,#7263);
#5593=VERTEX_POINT('',#7264);
#5594=CIRCLE('',#7265,0.00999999999999407);
#5595=LINE('',#7266,#7267);
#5596=VERTEX_POINT('',#7268);
#5597=CIRCLE('',#7269,0.00999999999999399);
#5598=VERTEX_POINT('',#7270);
#5599=LINE('',#7271,#7272);
#5600=VERTEX_POINT('',#7273);
#5601=CIRCLE('',#7274,0.0300000000000002);
#5602=VERTEX_POINT('',#7275);
#5603=LINE('',#7276,#7277);
#5604=VERTEX_POINT('',#7278);
#5605=CIRCLE('',#7279,0.03);
#5606=VERTEX_POINT('',#7280);
#5607=LINE('',#7281,#7282);
#5608=CIRCLE('',#7283,0.04);
#5609=VERTEX_POINT('',#7284);
#5610=LINE('',#7285,#7286);
#5611=CIRCLE('',#7287,0.0649999999999967);
#5612=VERTEX_POINT('',#7288);
#5613=CIRCLE('',#7289,0.744432231766023);
#5614=CIRCLE('',#7290,0.194950478210394);
#5615=VERTEX_POINT('',#7291);
#5616=CIRCLE('',#7292,0.165);
#5617=VERTEX_POINT('',#7293);
#5618=CIRCLE('',#7294,0.025);
#5619=VERTEX_POINT('',#7295);
#5620=LINE('',#7296,#7297);
#5621=CIRCLE('',#7298,0.01);
#5622=VERTEX_POINT('',#7299);
#5623=CIRCLE('',#7300,0.065);
#5624=VERTEX_POINT('',#7301);
#5625=CIRCLE('',#7302,0.151257913405326);
#5626=VERTEX_POINT('',#7303);
#5627=LINE('',#7304,#7305);
#5628=VERTEX_POINT('',#7306);
#5629=CIRCLE('',#7307,0.0549999999999994);
#5630=VERTEX_POINT('',#7308);
#5631=LINE('',#7309,#7310);
#5632=VERTEX_POINT('',#7311);
#5633=CIRCLE('',#7312,0.0549999999999996);
#5634=VERTEX_POINT('',#7313);
#5635=LINE('',#7314,#7315);
#5636=LINE('',#7316,#7317);
#5637=VERTEX_POINT('',#7318);
#5638=LINE('',#7319,#7320);
#5639=VERTEX_POINT('',#7321);
#5640=LINE('',#7322,#7323);
#5641=LINE('',#7324,#7325);
#5642=VERTEX_POINT('',#7326);
#5643=CIRCLE('',#7327,0.07);
#5644=VERTEX_POINT('',#7328);
#5645=LINE('',#7329,#7330);
#5646=VERTEX_POINT('',#7331);
#5647=CIRCLE('',#7332,0.0700000000000001);
#5648=LINE('',#7333,#7334);
#5649=LINE('',#7335,#7336);
#5650=LINE('',#7337,#7338);
#5651=LINE('',#7339,#7340);
#5652=LINE('',#7341,#7342);
#5653=LINE('',#7343,#7344);
#5654=LINE('',#7345,#7346);
#5655=LINE('',#7347,#7348);
#5656=LINE('',#7349,#7350);
#5657=LINE('',#7351,#7352);
#5658=LINE('',#7353,#7354);
#5659=VERTEX_POINT('',#7355);
#5660=LINE('',#7356,#7357);
#5661=VERTEX_POINT('',#7358);
#5662=LINE('',#7359,#7360);
#5663=LINE('',#7361,#7362);
#5664=VERTEX_POINT('',#7363);
#5665=LINE('',#7364,#7365);
#5666=VERTEX_POINT('',#7366);
#5667=LINE('',#7367,#7368);
#5668=LINE('',#7369,#7370);
#5669=LINE('',#7371,#7372);
#5670=LINE('',#7373,#7374);
#5671=LINE('',#7375,#7376);
#5672=LINE('',#7377,#7378);
#5673=LINE('',#7379,#7380);
#5674=LINE('',#7381,#7382);
#5675=LINE('',#7383,#7384);
#5676=LINE('',#7385,#7386);
#5677=LINE('',#7387,#7388);
#5678=LINE('',#7389,#7390);
#5679=LINE('',#7391,#7392);
#5680=LINE('',#7393,#7394);
#5681=CIRCLE('',#7395,0.03);
#5682=CIRCLE('',#7396,0.03);
#5683=CIRCLE('',#7397,0.03);
#5684=CIRCLE('',#7398,0.03);
#5685=CIRCLE('',#7399,0.03);
#5686=CIRCLE('',#7400,0.03);
#5687=CIRCLE('',#7401,0.03);
#5688=LINE('',#7402,#7403);
#5689=LINE('',#7404,#7405);
#5690=LINE('',#7406,#7407);
#5691=LINE('',#7408,#7409);
#5692=LINE('',#7410,#7411);
#5693=LINE('',#7412,#7413);
#5694=LINE('',#7414,#7415);
#5695=LINE('',#7416,#7417);
#5696=LINE('',#7418,#7419);
#5697=LINE('',#7420,#7421);
#5698=VERTEX_POINT('',#7422);
#5699=VERTEX_POINT('',#7423);
#5700=LINE('',#7424,#7425);
#5701=VERTEX_POINT('',#7426);
#5702=CIRCLE('',#7427,0.89525);
#5703=VERTEX_POINT('',#7428);
#5704=LINE('',#7429,#7430);
#5705=CIRCLE('',#7431,0.89525);
#5706=VERTEX_POINT('',#7432);
#5707=VERTEX_POINT('',#7433);
#5708=LINE('',#7434,#7435);
#5709=VERTEX_POINT('',#7436);
#5710=CIRCLE('',#7437,0.895250000000001);
#5711=VERTEX_POINT('',#7438);
#5712=LINE('',#7439,#7440);
#5713=CIRCLE('',#7441,0.895250000000001);
#5714=VERTEX_POINT('',#7442);
#5715=LINE('',#7443,#7444);
#5716=VERTEX_POINT('',#7445);
#5717=LINE('',#7446,#7447);
#5718=LINE('',#7448,#7449);
#5719=VERTEX_POINT('',#7450);
#5720=CIRCLE('',#7451,0.895250000000001);
#5721=VERTEX_POINT('',#7452);
#5722=LINE('',#7453,#7454);
#5723=CIRCLE('',#7455,0.895250000000001);
#5724=CIRCLE('',#7456,0.89525);
#5725=CIRCLE('',#7457,0.89525);
#5726=VERTEX_POINT('',#7458);
#5727=LINE('',#7459,#7460);
#5728=VERTEX_POINT('',#7461);
#5729=LINE('',#7462,#7463);
#5730=LINE('',#7464,#7465);
#5731=VERTEX_POINT('',#7466);
#5732=LINE('',#7467,#7468);
#5733=VERTEX_POINT('',#7469);
#5734=LINE('',#7470,#7471);
#5735=LINE('',#7472,#7473);
#5736=LINE('',#7474,#7475);
#5737=LINE('',#7476,#7477);
#5738=CARTESIAN_POINT('',(-0.335485342992826,-0.429091790500103,0.545180203939189));
#5739=CARTESIAN_POINT('',(-0.33548534299246,0.425908209499897,0.545180203939192));
#5740=CARTESIAN_POINT('',(-0.335485342992643,-0.00159179050010315,0.545180203939191));
#5741=VECTOR('',#7478,1.0);
#5742=CARTESIAN_POINT('',(-0.33173263121518,-0.429091790500105,0.538887145882502));
#5743=AXIS2_PLACEMENT_3D('',#7479,#7480,#7481);
#5744=CARTESIAN_POINT('',(-0.331732631214813,0.425908209499895,0.538887145882505));
#5745=CARTESIAN_POINT('',(-0.331732631215298,-0.701591790500105,0.538887145882501));
#5746=VECTOR('',#7482,1.0);
#5747=AXIS2_PLACEMENT_3D('',#7483,#7484,#7485);
#5748=CARTESIAN_POINT('',(-0.904234189007438,-0.519091790499858,0.171443055974778));
#5749=CARTESIAN_POINT('',(-0.929161186690123,-0.549091790499847,0.154750399310003));
#5750=AXIS2_PLACEMENT_3D('',#7486,#7487,#7488);
#5751=CARTESIAN_POINT('',(-0.9128442805065,-0.519091790499854,0.181315914518493));
#5752=AXIS2_PLACEMENT_3D('',#7489,#7490,#7491);
#5753=CARTESIAN_POINT('',(-0.932772060634244,-0.549091790499846,0.158890848650568));
#5754=AXIS2_PLACEMENT_3D('',#7492,#7493,#7494);
#5755=AXIS2_PLACEMENT_3D('',#7495,#7496,#7497);
#5756=CARTESIAN_POINT('',(-0.0237674453612635,-0.499091790500238,0.896126735953872));
#5757=CARTESIAN_POINT('',(-0.0237674453612335,-0.429091790500238,0.896126735953873));
#5758=CARTESIAN_POINT('',(-0.0237674453612635,-0.499091790500238,0.896126735953872));
#5759=VECTOR('',#7498,1.0);
#5760=CARTESIAN_POINT('',(-0.0284169887499246,-0.499091790500235,0.672537073204433));
#5761=AXIS2_PLACEMENT_3D('',#7499,#7500,#7501);
#5762=CARTESIAN_POINT('',(-0.0284169887498962,-0.429091790500235,0.672537073204433));
#5763=CARTESIAN_POINT('',(-0.0284169887499246,-0.499091790500235,0.672537073204433));
#5764=VECTOR('',#7502,1.0);
#5765=AXIS2_PLACEMENT_3D('',#7503,#7504,#7505);
#5766=CARTESIAN_POINT('',(-0.928418817212493,-0.499091790499848,0.226356462571284));
#5767=CARTESIAN_POINT('',(-0.928418817212463,-0.429091790499848,0.226356462571285));
#5768=CARTESIAN_POINT('',(-0.928418817212478,-0.464091790499848,0.226356462571284));
#5769=VECTOR('',#7506,1.0);
#5770=CARTESIAN_POINT('',(-0.809416251974753,-0.499091790499899,0.261645915403856));
#5771=AXIS2_PLACEMENT_3D('',#7507,#7508,#7509);
#5772=CARTESIAN_POINT('',(-0.809416251974723,-0.429091790499899,0.261645915403856));
#5773=CARTESIAN_POINT('',(-0.809416251974753,-0.499091790499899,0.261645915403856));
#5774=VECTOR('',#7510,1.0);
#5775=AXIS2_PLACEMENT_3D('',#7511,#7512,#7513);
#5776=CARTESIAN_POINT('',(-0.951400885504296,-0.499091790499838,0.262949897966515));
#5777=CARTESIAN_POINT('',(-0.951400885504267,-0.429091790499838,0.262949897966515));
#5778=CARTESIAN_POINT('',(-0.951400885504281,-0.464091790499838,0.262949897966515));
#5779=VECTOR('',#7514,1.0);
#5780=CARTESIAN_POINT('',(-0.950739393199045,-0.499091790499838,0.261928846505952));
#5781=AXIS2_PLACEMENT_3D('',#7515,#7516,#7517);
#5782=CARTESIAN_POINT('',(-0.950739393199015,-0.429091790499838,0.261928846505952));
#5783=CARTESIAN_POINT('',(-0.950739393199045,-0.499091790499838,0.261928846505952));
#5784=VECTOR('',#7518,1.0);
#5785=AXIS2_PLACEMENT_3D('',#7519,#7520,#7521);
#5786=CARTESIAN_POINT('',(-1.10283392269822,-0.429091790499773,0.123025664655387));
#5787=CARTESIAN_POINT('',(-1.10283392269825,-0.499091790499772,0.123025664655387));
#5788=CARTESIAN_POINT('',(-1.10283392269824,-0.464091790499773,0.123025664655387));
#5789=VECTOR('',#7522,1.0);
#5790=CARTESIAN_POINT('',(-1.0887797288092,-0.429091790499779,0.120404974362618));
#5791=AXIS2_PLACEMENT_3D('',#7523,#7524,#7525);
#5792=CARTESIAN_POINT('',(-1.08877972880923,-0.499091790499779,0.120404974362617));
#5793=CARTESIAN_POINT('',(-1.08877972880923,-0.499091790499779,0.120404974362617));
#5794=VECTOR('',#7526,1.0);
#5795=AXIS2_PLACEMENT_3D('',#7527,#7528,#7529);
#5796=CARTESIAN_POINT('',(-0.951169005904795,-0.429091790499838,0.149772722118544));
#5797=CARTESIAN_POINT('',(-0.951169005904825,-0.499091790499838,0.149772722118543));
#5798=CARTESIAN_POINT('',(-0.95116900590481,-0.464091790499838,0.149772722118544));
#5799=VECTOR('',#7530,1.0);
#5800=CARTESIAN_POINT('',(-0.950900406161912,-0.429091790499838,0.139067997817173));
#5801=AXIS2_PLACEMENT_3D('',#7531,#7532,#7533);
#5802=CARTESIAN_POINT('',(-0.950900406161942,-0.499091790499838,0.139067997817172));
#5803=CARTESIAN_POINT('',(-0.950900406161942,-0.499091790499838,0.139067997817172));
#5804=VECTOR('',#7534,1.0);
#5805=AXIS2_PLACEMENT_3D('',#7535,#7536,#7537);
#5806=CARTESIAN_POINT('',(-0.107571752621968,-0.429091790500202,0.806134196234911));
#5807=CARTESIAN_POINT('',(-0.107571752621999,-0.499091790500202,0.80613419623491));
#5808=CARTESIAN_POINT('',(-0.107571752621999,-0.499091790500202,0.80613419623491));
#5809=VECTOR('',#7538,1.0);
#5810=CARTESIAN_POINT('',(-0.118534622046084,-0.429091790500197,0.721262829877799));
#5811=AXIS2_PLACEMENT_3D('',#7539,#7540,#7541);
#5812=CARTESIAN_POINT('',(-0.118534622046115,-0.499091790500197,0.721262829877799));
#5813=CARTESIAN_POINT('',(-0.118534622046115,-0.499091790500197,0.721262829877799));
#5814=VECTOR('',#7542,1.0);
#5815=AXIS2_PLACEMENT_3D('',#7543,#7544,#7545);
#5816=CARTESIAN_POINT('',(-0.90423418900743,-0.499091790499858,0.171443055974778));
#5817=CARTESIAN_POINT('',(-0.904234189007434,-0.509091790499858,0.171443055974778));
#5818=VECTOR('',#7546,1.0);
#5819=CARTESIAN_POINT('',(-0.901372248883169,-0.519091790499859,0.118764186389061));
#5820=AXIS2_PLACEMENT_3D('',#7547,#7548,#7549);
#5821=CARTESIAN_POINT('',(-0.90137224888316,-0.499091790499859,0.118764186389061));
#5822=CARTESIAN_POINT('',(-0.901372248883181,-0.549091790499859,0.118764186389061));
#5823=VECTOR('',#7550,1.0);
#5824=AXIS2_PLACEMENT_3D('',#7551,#7552,#7553);
#5825=CARTESIAN_POINT('',(-0.929161186690102,-0.499091790499847,0.154750399310002));
#5826=CARTESIAN_POINT('',(-0.929161186690113,-0.524091790499847,0.154750399310002));
#5827=CARTESIAN_POINT('',(-0.929161186690107,-0.511591790499847,0.154750399310002));
#5828=VECTOR('',#7554,1.0);
#5829=CARTESIAN_POINT('',(-0.927960954959058,-0.499091790499848,0.132658095457767));
#5830=AXIS2_PLACEMENT_3D('',#7555,#7556,#7557);
#5831=CARTESIAN_POINT('',(-0.927960954959069,-0.524091790499848,0.132658095457766));
#5832=CARTESIAN_POINT('',(-0.927960954959079,-0.549091790499848,0.132658095457766));
#5833=VECTOR('',#7558,1.0);
#5834=AXIS2_PLACEMENT_3D('',#7559,#7560,#7561);
#5835=CARTESIAN_POINT('',(-0.335485342992943,-0.701591790500103,0.545180203939189));
#5836=CARTESIAN_POINT('',(-0.335485342992856,-0.499091790500103,0.545180203939189));
#5837=CARTESIAN_POINT('',(-0.3354853429929,-0.600341790500103,0.545180203939189));
#5838=VECTOR('',#7562,1.0);
#5839=CARTESIAN_POINT('',(-0.331732631215298,-0.701591790500105,0.538887145882501));
#5840=AXIS2_PLACEMENT_3D('',#7563,#7564,#7565);
#5841=CARTESIAN_POINT('',(-0.33173263121521,-0.499091790500105,0.538887145882502));
#5842=CARTESIAN_POINT('',(-0.331732631215298,-0.701591790500105,0.538887145882501));
#5843=VECTOR('',#7566,1.0);
#5844=AXIS2_PLACEMENT_3D('',#7567,#7568,#7569);
#5845=CARTESIAN_POINT('',(-0.0237674453608654,0.425908209499762,0.896126735953875));
#5846=CARTESIAN_POINT('',(-0.0237674453608354,0.495908209499762,0.896126735953876));
#5847=CARTESIAN_POINT('',(-0.0237674453608354,0.495908209499762,0.896126735953876));
#5848=VECTOR('',#7570,1.0);
#5849=CARTESIAN_POINT('',(-0.0284169887495285,0.425908209499765,0.672537073204436));
#5850=AXIS2_PLACEMENT_3D('',#7571,#7572,#7573);
#5851=CARTESIAN_POINT('',(-0.0284169887494983,0.495908209499765,0.672537073204436));
#5852=CARTESIAN_POINT('',(-0.0284169887494983,0.495908209499765,0.672537073204436));
#5853=VECTOR('',#7574,1.0);
#5854=AXIS2_PLACEMENT_3D('',#7575,#7576,#7577);
#5855=CARTESIAN_POINT('',(-0.928418817212095,0.425908209500152,0.226356462571287));
#5856=CARTESIAN_POINT('',(-0.928418817212065,0.495908209500152,0.226356462571287));
#5857=CARTESIAN_POINT('',(-0.92841881721208,0.460908209500152,0.226356462571287));
#5858=VECTOR('',#7578,1.0);
#5859=CARTESIAN_POINT('',(-0.809416251974355,0.425908209500101,0.261645915403859));
#5860=AXIS2_PLACEMENT_3D('',#7579,#7580,#7581);
#5861=CARTESIAN_POINT('',(-0.809416251974325,0.495908209500101,0.261645915403859));
#5862=CARTESIAN_POINT('',(-0.809416251974325,0.495908209500101,0.261645915403859));
#5863=VECTOR('',#7582,1.0);
#5864=AXIS2_PLACEMENT_3D('',#7583,#7584,#7585);
#5865=CARTESIAN_POINT('',(-0.9514008855039,0.425908209500162,0.262949897966518));
#5866=CARTESIAN_POINT('',(-0.95140088550387,0.495908209500162,0.262949897966518));
#5867=CARTESIAN_POINT('',(-0.951400885503885,0.460908209500162,0.262949897966518));
#5868=VECTOR('',#7586,1.0);
#5869=CARTESIAN_POINT('',(-0.950739393198649,0.425908209500162,0.261928846505955));
#5870=AXIS2_PLACEMENT_3D('',#7587,#7588,#7589);
#5871=CARTESIAN_POINT('',(-0.950739393198619,0.495908209500162,0.261928846505955));
#5872=CARTESIAN_POINT('',(-0.950739393198619,0.495908209500162,0.261928846505955));
#5873=VECTOR('',#7590,1.0);
#5874=AXIS2_PLACEMENT_3D('',#7591,#7592,#7593);
#5875=CARTESIAN_POINT('',(-1.10283392269783,0.495908209500227,0.12302566465539));
#5876=CARTESIAN_POINT('',(-1.10283392269786,0.425908209500227,0.12302566465539));
#5877=CARTESIAN_POINT('',(-1.10283392269784,0.460908209500227,0.12302566465539));
#5878=VECTOR('',#7594,1.0);
#5879=CARTESIAN_POINT('',(-1.0887797288088,0.495908209500222,0.120404974362621));
#5880=AXIS2_PLACEMENT_3D('',#7595,#7596,#7597);
#5881=CARTESIAN_POINT('',(-1.08877972880883,0.425908209500221,0.12040497436262));
#5882=CARTESIAN_POINT('',(-1.0887797288088,0.495908209500222,0.120404974362621));
#5883=VECTOR('',#7598,1.0);
#5884=AXIS2_PLACEMENT_3D('',#7599,#7600,#7601);
#5885=CARTESIAN_POINT('',(-0.951169005904398,0.495908209500162,0.149772722118547));
#5886=CARTESIAN_POINT('',(-0.951169005904428,0.425908209500162,0.149772722118546));
#5887=CARTESIAN_POINT('',(-0.951169005904413,0.460908209500162,0.149772722118546));
#5888=VECTOR('',#7602,1.0);
#5889=CARTESIAN_POINT('',(-0.950900406161516,0.495908209500162,0.139067997817176));
#5890=AXIS2_PLACEMENT_3D('',#7603,#7604,#7605);
#5891=CARTESIAN_POINT('',(-0.950900406161546,0.425908209500162,0.139067997817176));
#5892=CARTESIAN_POINT('',(-0.950900406161516,0.495908209500162,0.139067997817176));
#5893=VECTOR('',#7606,1.0);
#5894=AXIS2_PLACEMENT_3D('',#7607,#7608,#7609);
#5895=CARTESIAN_POINT('',(-0.107571752621572,0.495908209499798,0.806134196234914));
#5896=CARTESIAN_POINT('',(-0.107571752621602,0.425908209499798,0.806134196234914));
#5897=CARTESIAN_POINT('',(-0.107571752621572,0.495908209499798,0.806134196234914));
#5898=VECTOR('',#7610,1.0);
#5899=CARTESIAN_POINT('',(-0.118534622045686,0.495908209499803,0.721262829877802));
#5900=AXIS2_PLACEMENT_3D('',#7611,#7612,#7613);
#5901=CARTESIAN_POINT('',(-0.118534622045717,0.425908209499803,0.721262829877802));
#5902=CARTESIAN_POINT('',(-0.118534622045686,0.495908209499803,0.721262829877802));
#5903=VECTOR('',#7614,1.0);
#5904=AXIS2_PLACEMENT_3D('',#7615,#7616,#7617);
#5905=CARTESIAN_POINT('',(-0.929161186689676,0.495908209500153,0.154750399310006));
#5906=CARTESIAN_POINT('',(-0.929161186689665,0.520908209500153,0.154750399310006));
#5907=CARTESIAN_POINT('',(-0.929161186689671,0.508408209500153,0.154750399310006));
#5908=VECTOR('',#7618,1.0);
#5909=CARTESIAN_POINT('',(-0.932772060633797,0.495908209500154,0.15889084865057));
#5910=AXIS2_PLACEMENT_3D('',#7619,#7620,#7621);
#5911=CARTESIAN_POINT('',(-0.932772060633786,0.520908209500154,0.158890848650571));
#5912=CARTESIAN_POINT('',(-0.932772060633773,0.545908209500154,0.158890848650571));
#5913=VECTOR('',#7622,1.0);
#5914=AXIS2_PLACEMENT_3D('',#7623,#7624,#7625);
#5915=CARTESIAN_POINT('',(-0.904234189006994,0.515908209500142,0.171443055974782));
#5916=CARTESIAN_POINT('',(-0.904234189007003,0.495908209500142,0.171443055974782));
#5917=CARTESIAN_POINT('',(-0.904234189006999,0.505908209500142,0.171443055974782));
#5918=VECTOR('',#7626,1.0);
#5919=CARTESIAN_POINT('',(-0.912844280506055,0.515908209500146,0.181315914518496));
#5920=AXIS2_PLACEMENT_3D('',#7627,#7628,#7629);
#5921=CARTESIAN_POINT('',(-0.912844280506064,0.495908209500146,0.181315914518496));
#5922=CARTESIAN_POINT('',(-0.912844280506043,0.545908209500146,0.181315914518496));
#5923=VECTOR('',#7630,1.0);
#5924=AXIS2_PLACEMENT_3D('',#7631,#7632,#7633);
#5925=CARTESIAN_POINT('',(-0.929161186689654,0.545908209500153,0.154750399310006));
#5926=AXIS2_PLACEMENT_3D('',#7634,#7635,#7636);
#5927=CARTESIAN_POINT('',(-0.901372248882724,0.515908209500141,0.118764186389064));
#5928=AXIS2_PLACEMENT_3D('',#7637,#7638,#7639);
#5929=CARTESIAN_POINT('',(-0.927960954958611,0.545908209500152,0.13265809545777));
#5930=AXIS2_PLACEMENT_3D('',#7640,#7641,#7642);
#5931=AXIS2_PLACEMENT_3D('',#7643,#7644,#7645);
#5932=CARTESIAN_POINT('',(-0.965662299013406,-0.701591790499829,-0.630522906888845));
#5933=CARTESIAN_POINT('',(-0.965662299013415,-0.721591790499829,-0.630522906888845));
#5934=CARTESIAN_POINT('',(-0.965662299013411,-0.711591790499829,-0.630522906888845));
#5935=VECTOR('',#7646,1.0);
#5936=CARTESIAN_POINT('',(-0.759211173201781,-0.701591790499917,-0.811201795542214));
#5937=AXIS2_PLACEMENT_3D('',#7647,#7648,#7649);
#5938=CARTESIAN_POINT('',(-0.759211173201789,-0.721591790499917,-0.811201795542214));
#5939=CARTESIAN_POINT('',(-0.759211173201789,-0.721591790499917,-0.811201795542214));
#5940=VECTOR('',#7650,1.0);
#5941=AXIS2_PLACEMENT_3D('',#7651,#7652,#7653);
#5942=CARTESIAN_POINT('',(0.165348117836946,-0.741591790500316,-0.320554929273135));
#5943=CARTESIAN_POINT('',(0.165348117836963,-0.701591790500316,-0.320554929273135));
#5944=CARTESIAN_POINT('',(0.165348117836954,-0.721591790500315,-0.320554929273135));
#5945=VECTOR('',#7654,1.0);
#5946=CARTESIAN_POINT('',(0.419625386821481,-0.741591790500424,-0.547038406187572));
#5947=AXIS2_PLACEMENT_3D('',#7655,#7656,#7657);
#5948=CARTESIAN_POINT('',(0.419625386821498,-0.701591790500424,-0.547038406187571));
#5949=CARTESIAN_POINT('',(0.419625386821489,-0.721591790500424,-0.547038406187572));
#5950=VECTOR('',#7658,1.0);
#5951=AXIS2_PLACEMENT_3D('',#7659,#7660,#7661);
#5952=CARTESIAN_POINT('',(-0.311797242971534,-0.741591790500113,0.57517425279217));
#5953=CARTESIAN_POINT('',(-0.311797242971516,-0.701591790500114,0.57517425279217));
#5954=CARTESIAN_POINT('',(-0.311797242971525,-0.721591790500113,0.57517425279217));
#5955=VECTOR('',#7662,1.0);
#5956=CARTESIAN_POINT('',(-0.307508429511364,-0.741591790500115,0.56798218644167));
#5957=AXIS2_PLACEMENT_3D('',#7663,#7664,#7665);
#5958=CARTESIAN_POINT('',(-0.307508429511348,-0.701591790500115,0.567982186441671));
#5959=CARTESIAN_POINT('',(-0.307508429511357,-0.721591790500115,0.567982186441671));
#5960=VECTOR('',#7666,1.0);
#5961=AXIS2_PLACEMENT_3D('',#7667,#7668,#7669);
#5962=CARTESIAN_POINT('',(-0.965662299012797,0.718408209500171,-0.630522906888841));
#5963=CARTESIAN_POINT('',(-0.965662299012806,0.698408209500171,-0.630522906888841));
#5964=CARTESIAN_POINT('',(-0.965662299012801,0.708408209500171,-0.630522906888841));
#5965=VECTOR('',#7670,1.0);
#5966=CARTESIAN_POINT('',(-0.759211173201173,0.718408209500083,-0.81120179554221));
#5967=AXIS2_PLACEMENT_3D('',#7671,#7672,#7673);
#5968=CARTESIAN_POINT('',(-0.75921117320118,0.698408209500083,-0.81120179554221));
#5969=CARTESIAN_POINT('',(-0.759211173201173,0.718408209500083,-0.81120179554221));
#5970=VECTOR('',#7674,1.0);
#5971=AXIS2_PLACEMENT_3D('',#7675,#7676,#7677);
#5972=CARTESIAN_POINT('',(-0.92411730287562,-0.701591790499847,-0.602701812447553));
#5973=CARTESIAN_POINT('',(-0.92411730287502,0.698408209500153,-0.602701812447549));
#5974=CARTESIAN_POINT('',(-0.92411730287532,-0.00159179049984637,-0.602701812447551));
#5975=VECTOR('',#7678,1.0);
#5976=CARTESIAN_POINT('',(-0.737142698366979,-0.701591790499927,-0.766335522926076));
#5977=AXIS2_PLACEMENT_3D('',#7679,#7680,#7681);
#5978=CARTESIAN_POINT('',(-0.737142698366378,0.698408209500073,-0.766335522926071));
#5979=CARTESIAN_POINT('',(-0.737142698366979,-0.701591790499927,-0.766335522926076));
#5980=VECTOR('',#7682,1.0);
#5981=AXIS2_PLACEMENT_3D('',#7683,#7684,#7685);
#5982=CARTESIAN_POINT('',(-0.940735301330134,0.69840820950016,-0.613830250224065));
#5983=CARTESIAN_POINT('',(-0.940735301330735,-0.70159179049984,-0.61383025022407));
#5984=CARTESIAN_POINT('',(-0.940735301330434,-0.00159179049983909,-0.613830250224068));
#5985=VECTOR('',#7686,1.0);
#5986=CARTESIAN_POINT('',(-0.745970088300298,0.698408209500077,-0.784282031972526));
#5987=AXIS2_PLACEMENT_3D('',#7687,#7688,#7689);
#5988=CARTESIAN_POINT('',(-0.745970088300899,-0.701591790499923,-0.784282031972531));
#5989=CARTESIAN_POINT('',(-0.745970088300899,-0.701591790499923,-0.784282031972531));
#5990=VECTOR('',#7690,1.0);
#5991=AXIS2_PLACEMENT_3D('',#7691,#7692,#7693);
#5992=CARTESIAN_POINT('',(-0.33548534299243,0.495908209499897,0.545180203939192));
#5993=CARTESIAN_POINT('',(-0.335485342992343,0.698408209499897,0.545180203939193));
#5994=CARTESIAN_POINT('',(-0.335485342992386,0.597158209499897,0.545180203939193));
#5995=VECTOR('',#7694,1.0);
#5996=CARTESIAN_POINT('',(-0.331732631214782,0.495908209499895,0.538887145882505));
#5997=AXIS2_PLACEMENT_3D('',#7695,#7696,#7697);
#5998=CARTESIAN_POINT('',(-0.331732631214695,0.698408209499895,0.538887145882506));
#5999=CARTESIAN_POINT('',(-0.331732631215298,-0.701591790500105,0.538887145882501));
#6000=VECTOR('',#7698,1.0);
#6001=AXIS2_PLACEMENT_3D('',#7699,#7700,#7701);
#6002=CARTESIAN_POINT('',(0.165348117837564,0.698408209499685,-0.320554929273131));
#6003=CARTESIAN_POINT('',(0.165348117837581,0.738408209499684,-0.320554929273131));
#6004=CARTESIAN_POINT('',(0.165348117837573,0.718408209499685,-0.320554929273131));
#6005=VECTOR('',#7702,1.0);
#6006=CARTESIAN_POINT('',(0.419625386822099,0.698408209499576,-0.547038406187567));
#6007=AXIS2_PLACEMENT_3D('',#7703,#7704,#7705);
#6008=CARTESIAN_POINT('',(0.419625386822116,0.738408209499576,-0.547038406187567));
#6009=CARTESIAN_POINT('',(0.419625386822107,0.718408209499576,-0.547038406187567));
#6010=VECTOR('',#7706,1.0);
#6011=AXIS2_PLACEMENT_3D('',#7707,#7708,#7709);
#6012=CARTESIAN_POINT('',(-0.311797242970915,0.698408209499887,0.575174252792174));
#6013=CARTESIAN_POINT('',(-0.311797242970898,0.738408209499887,0.575174252792175));
#6014=CARTESIAN_POINT('',(-0.311797242970907,0.718408209499887,0.575174252792175));
#6015=VECTOR('',#7710,1.0);
#6016=CARTESIAN_POINT('',(-0.307508429510747,0.698408209499885,0.567982186441675));
#6017=AXIS2_PLACEMENT_3D('',#7711,#7712,#7713);
#6018=CARTESIAN_POINT('',(-0.30750842951073,0.738408209499885,0.567982186441675));
#6019=CARTESIAN_POINT('',(-0.307508429510738,0.718408209499885,0.567982186441675));
#6020=VECTOR('',#7714,1.0);
#6021=AXIS2_PLACEMENT_3D('',#7715,#7716,#7717);
#6022=CARTESIAN_POINT('',(-0.546779553225411,0.698408209499987,0.61716691364992));
#6023=CARTESIAN_POINT('',(-0.375210360261416,0.698408209499914,0.610602000761208));
#6024=CARTESIAN_POINT('',(1.61997662375893,0.698408209499058,0.534258290561825));
#6025=VECTOR('',#7718,1.0);
#6026=CARTESIAN_POINT('',(-0.3752103602614,0.738408209499914,0.610602000761208));
#6027=CARTESIAN_POINT('',(-0.375210360261409,0.718408209499914,0.610602000761208));
#6028=VECTOR('',#7719,1.0);
#6029=CARTESIAN_POINT('',(-0.546779553225395,0.738408209499987,0.61716691364992));
#6030=CARTESIAN_POINT('',(-0.546779553225395,0.738408209499987,0.61716691364992));
#6031=VECTOR('',#7720,0.999999999999999);
#6032=CARTESIAN_POINT('',(-0.546779553225402,0.718408209499987,0.61716691364992));
#6033=VECTOR('',#7721,1.0);
#6034=AXIS2_PLACEMENT_3D('',#7722,#7723,#7724);
#6035=AXIS2_PLACEMENT_3D('',#7725,#7726,#7727);
#6036=CARTESIAN_POINT('',(-0.627727517175382,0.698408209500022,0.555481648054848));
#6037=AXIS2_PLACEMENT_3D('',#7728,#7729,#7730);
#6038=CARTESIAN_POINT('',(-0.627727517175364,0.738408209500022,0.555481648054849));
#6039=AXIS2_PLACEMENT_3D('',#7731,#7732,#7733);
#6040=CARTESIAN_POINT('',(-0.627727517175373,0.718408209500022,0.555481648054848));
#6041=VECTOR('',#7734,1.0);
#6042=CARTESIAN_POINT('',(0.906184947664843,0.653408209499368,-0.826400441385948));
#6043=CARTESIAN_POINT('',(0.870713478434908,0.653408209499383,-0.670381933283));
#6044=CARTESIAN_POINT('',(0.906184947664843,0.653408209499368,-0.826400441385948));
#6045=VECTOR('',#7735,1.0);
#6046=CARTESIAN_POINT('',(0.906184947664899,0.783408209499368,-0.826400441385948));
#6047=CARTESIAN_POINT('',(0.906184947664899,0.783408209499368,-0.826400441385948));
#6048=VECTOR('',#7736,1.0);
#6049=CARTESIAN_POINT('',(0.870713478434963,0.783408209499383,-0.670381933282999));
#6050=CARTESIAN_POINT('',(0.906184947664899,0.783408209499368,-0.826400441385948));
#6051=VECTOR('',#7737,1.0);
#6052=CARTESIAN_POINT('',(0.870713478434963,0.783408209499383,-0.670381933282999));
#6053=VECTOR('',#7738,1.0);
#6054=CARTESIAN_POINT('',(0.875147412088699,0.768408209499381,-0.689884246795868));
#6055=CARTESIAN_POINT('',(0.875147412088657,0.668408209499381,-0.689884246795868));
#6056=CARTESIAN_POINT('',(0.875147412088699,0.768408209499381,-0.689884246795868));
#6057=VECTOR('',#7739,1.0);
#6058=CARTESIAN_POINT('',(0.90175101401115,0.76840820949937,-0.806898127873079));
#6059=CARTESIAN_POINT('',(0.875147412088699,0.768408209499381,-0.689884246795868));
#6060=VECTOR('',#7740,1.0);
#6061=CARTESIAN_POINT('',(0.901751014011108,0.66840820949937,-0.80689812787308));
#6062=CARTESIAN_POINT('',(0.90175101401115,0.76840820949937,-0.806898127873079));
#6063=VECTOR('',#7741,1.0);
#6064=CARTESIAN_POINT('',(0.875147412088657,0.668408209499381,-0.689884246795868));
#6065=VECTOR('',#7742,1.0);
#6066=CARTESIAN_POINT('',(-0.665380998727935,0.718408209500039,0.394835405251068));
#6067=CARTESIAN_POINT('',(-0.656483697222804,0.718408209500035,0.432795190082558));
#6068=CARTESIAN_POINT('',(-0.428362308410847,0.718408209499934,1.40606094147568));
#6069=VECTOR('',#7743,0.999999999999999);
#6070=CARTESIAN_POINT('',(0.0867211262991265,0.71840820949972,-0.976299110769454));
#6071=CARTESIAN_POINT('',(-0.656483697222804,0.718408209500035,0.432795190082558));
#6072=VECTOR('',#7744,0.999999999999999);
#6073=AXIS2_PLACEMENT_3D('',#7745,#7746,#7747);
#6074=CARTESIAN_POINT('',(-0.864984297160813,0.718408209500126,0.0712032826367268));
#6075=AXIS2_PLACEMENT_3D('',#7748,#7749,#7750);
#6076=AXIS2_PLACEMENT_3D('',#7751,#7752,#7753);
#6077=CARTESIAN_POINT('',(0.449632640437079,0.653408209499564,-0.856491228369468));
#6078=CARTESIAN_POINT('',(0.449632640437097,0.698408209499564,-0.856491228369468));
#6079=CARTESIAN_POINT('',(0.449632640437088,0.675908209499564,-0.856491228369468));
#6080=VECTOR('',#7754,1.0);
#6081=AXIS2_PLACEMENT_3D('',#7755,#7756,#7757);
#6082=CARTESIAN_POINT('',(0.424827622394829,0.783408209499575,-0.874307908537149));
#6083=AXIS2_PLACEMENT_3D('',#7758,#7759,#7760);
#6084=CARTESIAN_POINT('',(0.424827622394809,0.738408209499575,-0.874307908537149));
#6085=CARTESIAN_POINT('',(0.424827622394829,0.783408209499575,-0.874307908537149));
#6086=VECTOR('',#7761,1.0);
#6087=CARTESIAN_POINT('',(0.735639459196314,0.738408209499441,-0.709386876912883));
#6088=AXIS2_PLACEMENT_3D('',#7762,#7763,#7764);
#6089=CARTESIAN_POINT('',(0.735639459196297,0.698408209499441,-0.709386876912883));
#6090=CARTESIAN_POINT('',(0.735639459196333,0.783408209499441,-0.709386876912883));
#6091=VECTOR('',#7765,1.0);
#6092=AXIS2_PLACEMENT_3D('',#7766,#7767,#7768);
#6093=CARTESIAN_POINT('',(0.427095016719659,0.698408209499574,-0.884280866735009));
#6094=CARTESIAN_POINT('',(0.427095016719639,0.653408209499574,-0.884280866735008));
#6095=CARTESIAN_POINT('',(0.427095016719058,-0.701591790500426,-0.884280866735013));
#6096=VECTOR('',#7769,1.0);
#6097=CARTESIAN_POINT('',(0.433759099530652,0.698408209499571,-0.913592318462762));
#6098=CARTESIAN_POINT('',(0.0958704429839301,0.698408209499712,0.572584748452745));
#6099=VECTOR('',#7770,1.0);
#6100=CARTESIAN_POINT('',(0.433759099530669,0.738408209499571,-0.913592318462762));
#6101=CARTESIAN_POINT('',(0.433759099530661,0.718408209499571,-0.913592318462761));
#6102=VECTOR('',#7771,1.0);
#6103=CARTESIAN_POINT('',(0.0688548352525497,0.738408209499723,0.691410805147061));
#6104=VECTOR('',#7772,1.0);
#6105=CARTESIAN_POINT('',(0.438129423356054,0.783408209499569,-0.932814849075754));
#6106=CARTESIAN_POINT('',(0.438129423356054,0.783408209499569,-0.932814849075754));
#6107=VECTOR('',#7773,1.0);
#6108=CARTESIAN_POINT('',(0.438129423355998,0.653408209499569,-0.932814849075755));
#6109=CARTESIAN_POINT('',(0.438129423356054,0.783408209499569,-0.932814849075754));
#6110=VECTOR('',#7774,1.0);
#6111=CARTESIAN_POINT('',(0.438129423355998,0.653408209499569,-0.932814849075755));
#6112=VECTOR('',#7775,1.0);
#6113=CARTESIAN_POINT('',(0.0867211262991354,0.73840820949972,-0.976299110769454));
#6114=AXIS2_PLACEMENT_3D('',#7776,#7777,#7778);
#6115=CARTESIAN_POINT('',(-0.656483697222795,0.738408209500035,0.432795190082558));
#6116=CARTESIAN_POINT('',(-0.656483697222795,0.738408209500035,0.432795190082558));
#6117=VECTOR('',#7779,0.999999999999999);
#6118=CARTESIAN_POINT('',(-0.656483697222795,0.738408209500035,0.432795190082558));
#6119=VECTOR('',#7780,0.999999999999999);
#6120=CARTESIAN_POINT('',(0.12889320342615,0.7384082094997,-0.259422365293886));
#6121=CARTESIAN_POINT('',(-0.30750842951073,0.738408209499885,0.567982186441675));
#6122=VECTOR('',#7781,1.0);
#6123=AXIS2_PLACEMENT_3D('',#7782,#7783,#7784);
#6124=CARTESIAN_POINT('',(0.419625386822116,0.738408209499576,-0.547038406187567));
#6125=VECTOR('',#7785,1.0);
#6126=CARTESIAN_POINT('',(-0.656483697222795,0.738408209500035,0.432795190082558));
#6127=VECTOR('',#7786,1.0);
#6128=CARTESIAN_POINT('',(0.0867211262991354,0.73840820949972,-0.976299110769454));
#6129=VECTOR('',#7787,1.0);
#6130=AXIS2_PLACEMENT_3D('',#7788,#7789,#7790);
#6131=AXIS2_PLACEMENT_3D('',#7791,#7792,#7793);
#6132=CARTESIAN_POINT('',(-0.803496284365195,0.698408209500099,0.0798306555667231));
#6133=AXIS2_PLACEMENT_3D('',#7794,#7795,#7796);
#6134=CARTESIAN_POINT('',(-0.690858342292085,0.698408209500051,0.155259975952161));
#6135=CARTESIAN_POINT('',(-0.263411334573973,0.698408209499866,0.441504883303526));
#6136=VECTOR('',#7797,0.999999999999999);
#6137=CARTESIAN_POINT('',(-0.603579470422583,0.698408209500012,0.527629867496343));
#6138=CARTESIAN_POINT('',(-0.603579470422583,0.698408209500012,0.527629867496343));
#6139=VECTOR('',#7798,0.999999999999999);
#6140=CARTESIAN_POINT('',(-0.532750001966358,0.698408209499981,0.581604474892031));
#6141=AXIS2_PLACEMENT_3D('',#7799,#7800,#7801);
#6142=CARTESIAN_POINT('',(-0.390971820621532,0.698408209499921,0.576179483412097));
#6143=CARTESIAN_POINT('',(-0.390971820621532,0.698408209499921,0.576179483412097));
#6144=VECTOR('',#7802,1.0);
#6145=AXIS2_PLACEMENT_3D('',#7803,#7804,#7805);
#6146=CARTESIAN_POINT('',(-0.275943485851267,0.698408209499872,0.433112581061355));
#6147=CARTESIAN_POINT('',(-0.275943485851267,0.698408209499872,0.433112581061355));
#6148=VECTOR('',#7806,1.0);
#6149=CARTESIAN_POINT('',(-0.263411334573973,0.698408209499866,0.441504883303526));
#6150=CARTESIAN_POINT('',(-0.263411334573973,0.698408209499866,0.441504883303526));
#6151=VECTOR('',#7807,0.999999999999999);
#6152=CARTESIAN_POINT('',(-0.252282896797457,0.698408209499862,0.424886884848412));
#6153=CARTESIAN_POINT('',(-0.263411334573973,0.698408209499866,0.441504883303526));
#6154=VECTOR('',#7808,1.0);
#6155=CARTESIAN_POINT('',(-0.792367846588679,0.698408209500094,0.0632126571116085));
#6156=CARTESIAN_POINT('',(-0.252282896797457,0.698408209499862,0.424886884848412));
#6157=VECTOR('',#7809,0.999999999999999);
#6158=AXIS2_PLACEMENT_3D('',#7810,#7811,#7812);
#6159=AXIS2_PLACEMENT_3D('',#7813,#7814,#7815);
#6160=CARTESIAN_POINT('',(0.783777294341355,0.698408209499421,-0.734117117123748));
#6161=VECTOR('',#7816,0.999999999999999);
#6162=CARTESIAN_POINT('',(0.128893203426133,0.6984082094997,-0.259422365293886));
#6163=AXIS2_PLACEMENT_3D('',#7817,#7818,#7819);
#6164=CARTESIAN_POINT('',(-0.0310523520619199,0.698408209499768,0.0438296636915997));
#6165=VECTOR('',#7820,0.999999999999999);
#6166=CARTESIAN_POINT('',(-0.665380998727944,0.698408209500039,0.394835405251068));
#6167=CARTESIAN_POINT('',(-0.428362308410856,0.698408209499934,1.40606094147568));
#6168=VECTOR('',#7821,0.999999999999999);
#6169=CARTESIAN_POINT('',(-0.864984297160822,0.698408209500125,0.0712032826367268));
#6170=AXIS2_PLACEMENT_3D('',#7822,#7823,#7824);
#6171=AXIS2_PLACEMENT_3D('',#7825,#7826,#7827);
#6172=CARTESIAN_POINT('',(0.128893203426141,0.7184082094997,-0.259422365293886));
#6173=VECTOR('',#7828,1.0);
#6174=CARTESIAN_POINT('',(0.517383732869936,0.653408209499535,-0.854721893441221));
#6175=AXIS2_PLACEMENT_3D('',#7829,#7830,#7831);
#6176=CARTESIAN_POINT('',(0.438129423355998,0.653408209499569,-0.932814849075755));
#6177=VECTOR('',#7832,1.0);
#6178=CARTESIAN_POINT('',(0.510606114942587,0.653408209499538,-0.835905307799005));
#6179=AXIS2_PLACEMENT_3D('',#7833,#7834,#7835);
#6180=CARTESIAN_POINT('',(0.745813435470296,0.653408209499437,-0.751185083707139));
#6181=CARTESIAN_POINT('',(0.510606114942587,0.653408209499538,-0.835905307799005));
#6182=VECTOR('',#7836,1.0);
#6183=CARTESIAN_POINT('',(0.751511420485429,0.653408209499434,-0.770390546455965));
#6184=CARTESIAN_POINT('',(0.745813435470296,0.653408209499437,-0.751185083707139));
#6185=VECTOR('',#7837,0.999999999999999);
#6186=CARTESIAN_POINT('',(0.517383732869937,0.653408209499535,-0.854721893441221));
#6187=VECTOR('',#7838,1.0);
#6188=CARTESIAN_POINT('',(0.438129423356054,0.783408209499569,-0.932814849075754));
#6189=VECTOR('',#7839,1.0);
#6190=CARTESIAN_POINT('',(1.01831450715935,0.668408209499319,-0.688100181488978));
#6191=CARTESIAN_POINT('',(0.875147412088657,0.668408209499381,-0.689884246795868));
#6192=VECTOR('',#7840,0.999999999999999);
#6193=CARTESIAN_POINT('',(1.01831450715939,0.768408209499319,-0.688100181488977));
#6194=CARTESIAN_POINT('',(1.01831450715939,0.768408209499319,-0.688100181488977));
#6195=VECTOR('',#7841,1.0);
#6196=CARTESIAN_POINT('',(0.875147412088699,0.768408209499381,-0.689884246795868));
#6197=VECTOR('',#7842,0.999999999999999);
#6198=CARTESIAN_POINT('',(1.03161630812057,0.668408209499314,-0.746607122027583));
#6199=CARTESIAN_POINT('',(1.01831450715935,0.668408209499319,-0.688100181488978));
#6200=VECTOR('',#7843,1.0);
#6201=CARTESIAN_POINT('',(1.03161630812062,0.768408209499314,-0.746607122027583));
#6202=CARTESIAN_POINT('',(1.03161630812062,0.768408209499314,-0.746607122027583));
#6203=VECTOR('',#7844,1.0);
#6204=CARTESIAN_POINT('',(1.01831450715939,0.768408209499319,-0.688100181488977));
#6205=VECTOR('',#7845,1.0);
#6206=CARTESIAN_POINT('',(0.901751014011108,0.66840820949937,-0.80689812787308));
#6207=VECTOR('',#7846,1.0);
#6208=CARTESIAN_POINT('',(0.90175101401115,0.76840820949937,-0.806898127873079));
#6209=VECTOR('',#7847,1.0);
#6210=CARTESIAN_POINT('',(-0.665380998727935,0.718408209500039,0.394835405251068));
#6211=VECTOR('',#7848,1.0);
#6212=CARTESIAN_POINT('',(0.517383732869375,-0.656591790500465,-0.854721893441226));
#6213=CARTESIAN_POINT('',(0.517383732869355,-0.701591790500465,-0.854721893441226));
#6214=VECTOR('',#7849,1.0);
#6215=CARTESIAN_POINT('',(0.751511420485175,0.0634082094994342,-0.770390546455967));
#6216=CARTESIAN_POINT('',(0.751511420484848,-0.701591790500566,-0.770390546455969));
#6217=VECTOR('',#7850,1.0);
#6218=CARTESIAN_POINT('',(0.646338531245164,0.0634082094994795,-0.80827317155799));
#6219=CARTESIAN_POINT('',(0.517383732869684,0.0634082094995349,-0.854721893441223));
#6220=VECTOR('',#7851,1.0);
#6221=CARTESIAN_POINT('',(0.646338531245108,-0.0665917905005205,-0.80827317155799));
#6222=CARTESIAN_POINT('',(0.646338531245108,-0.0665917905005205,-0.80827317155799));
#6223=VECTOR('',#7852,1.0);
#6224=CARTESIAN_POINT('',(0.751511420485119,-0.0665917905005657,-0.770390546455967));
#6225=CARTESIAN_POINT('',(0.517383732869629,-0.0665917905004649,-0.854721893441223));
#6226=VECTOR('',#7853,1.0);
#6227=CARTESIAN_POINT('',(0.751511420484867,-0.656591790500566,-0.770390546455969));
#6228=CARTESIAN_POINT('',(0.751511420484848,-0.701591790500566,-0.770390546455969));
#6229=VECTOR('',#7854,1.0);
#6230=CARTESIAN_POINT('',(0.517383732869375,-0.656591790500465,-0.854721893441225));
#6231=VECTOR('',#7855,1.0);
#6232=CARTESIAN_POINT('',(0.745813435470043,0.0634082094994366,-0.751185083707141));
#6233=CARTESIAN_POINT('',(0.745813435469715,-0.701591790500563,-0.751185083707144));
#6234=VECTOR('',#7856,1.0);
#6235=CARTESIAN_POINT('',(0.510606114942025,-0.656591790500462,-0.835905307799009));
#6236=CARTESIAN_POINT('',(0.510606114942005,-0.701591790500462,-0.835905307799009));
#6237=VECTOR('',#7857,1.0);
#6238=CARTESIAN_POINT('',(0.745813435469734,-0.656591790500563,-0.751185083707144));
#6239=CARTESIAN_POINT('',(0.510606114942025,-0.656591790500462,-0.835905307799009));
#6240=VECTOR('',#7858,1.0);
#6241=CARTESIAN_POINT('',(0.745813435469987,-0.0665917905005633,-0.751185083707142));
#6242=CARTESIAN_POINT('',(0.745813435469715,-0.701591790500563,-0.751185083707144));
#6243=VECTOR('',#7859,1.0);
#6244=CARTESIAN_POINT('',(0.70498572312403,-0.0665917905005458,-0.765890973521061));
#6245=CARTESIAN_POINT('',(0.510606114942278,-0.0665917905004621,-0.835905307799007));
#6246=VECTOR('',#7860,1.0);
#6247=CARTESIAN_POINT('',(0.704985723124086,0.0634082094994542,-0.76589097352106));
#6248=CARTESIAN_POINT('',(0.70498572312403,-0.0665917905005458,-0.765890973521061));
#6249=VECTOR('',#7861,1.0);
#6250=CARTESIAN_POINT('',(0.510606114942334,0.0634082094995378,-0.835905307799006));
#6251=VECTOR('',#7862,1.0);
#6252=CARTESIAN_POINT('',(0.427095016719077,-0.656591790500426,-0.884280866735013));
#6253=AXIS2_PLACEMENT_3D('',#7863,#7864,#7865);
#6254=CARTESIAN_POINT('',(0.427095016719059,-0.701591790500426,-0.884280866735013));
#6255=CARTESIAN_POINT('',(0.427095016719058,-0.701591790500426,-0.884280866735013));
#6256=VECTOR('',#7866,1.0);
#6257=AXIS2_PLACEMENT_3D('',#7867,#7868,#7869);
#6258=CARTESIAN_POINT('',(0.449632640436497,-0.701591790500436,-0.856491228369473));
#6259=AXIS2_PLACEMENT_3D('',#7870,#7871,#7872);
#6260=CARTESIAN_POINT('',(0.449632640436517,-0.656591790500436,-0.856491228369472));
#6261=CARTESIAN_POINT('',(0.449632640436488,-0.721591790500436,-0.856491228369473));
#6262=VECTOR('',#7873,1.0);
#6263=AXIS2_PLACEMENT_3D('',#7874,#7875,#7876);
#6264=CARTESIAN_POINT('',(-0.275943485851354,0.495908209499872,0.433112581061354));
#6265=CARTESIAN_POINT('',(-0.275943485851354,0.495908209499872,0.433112581061354));
#6266=VECTOR('',#7877,1.0);
#6267=CARTESIAN_POINT('',(-0.275943485851867,-0.701591790500128,0.43311258106135));
#6268=VECTOR('',#7878,1.0);
#6269=CARTESIAN_POINT('',(-0.390971820621619,0.495908209499921,0.576179483412097));
#6270=CARTESIAN_POINT('',(-0.390971820622134,-0.70159179050008,0.576179483412093));
#6271=VECTOR('',#7879,1.0);
#6272=AXIS2_PLACEMENT_3D('',#7880,#7881,#7882);
#6273=CARTESIAN_POINT('',(-0.532750001966445,0.495908209499981,0.58160447489203));
#6274=CARTESIAN_POINT('',(-0.390971820621619,0.495908209499921,0.576179483412097));
#6275=VECTOR('',#7883,1.0);
#6276=CARTESIAN_POINT('',(-0.532750001966958,-0.701591790500019,0.581604474892027));
#6277=VECTOR('',#7884,1.0);
#6278=CARTESIAN_POINT('',(-0.603579470422668,0.495908209500012,0.527629867496343));
#6279=AXIS2_PLACEMENT_3D('',#7885,#7886,#7887);
#6280=CARTESIAN_POINT('',(-0.603579470423183,-0.701591790499988,0.527629867496339));
#6281=VECTOR('',#7888,1.0);
#6282=CARTESIAN_POINT('',(-0.690858342292172,0.495908209500051,0.15525997595216));
#6283=CARTESIAN_POINT('',(-0.603579470422668,0.495908209500012,0.527629867496343));
#6284=VECTOR('',#7889,0.999999999999999);
#6285=CARTESIAN_POINT('',(-0.690858342292685,-0.701591790499949,0.155259975952156));
#6286=VECTOR('',#7890,1.0);
#6287=CARTESIAN_POINT('',(-0.263411334574061,0.495908209499866,0.441504883303526));
#6288=CARTESIAN_POINT('',(-0.263411334574574,-0.701591790500134,0.441504883303522));
#6289=VECTOR('',#7891,1.0);
#6290=CARTESIAN_POINT('',(-0.252282896797544,0.495908209499862,0.424886884848411));
#6291=CARTESIAN_POINT('',(-0.383741971224591,0.495908209499917,0.621193566847329));
#6292=VECTOR('',#7892,1.0);
#6293=CARTESIAN_POINT('',(-0.252282896798057,-0.701591790500139,0.424886884848407));
#6294=VECTOR('',#7893,1.0);
#6295=CARTESIAN_POINT('',(-0.25228289679797,-0.499091790500139,0.424886884848408));
#6296=CARTESIAN_POINT('',(-0.778155450661176,-0.499091790499912,0.0727301549117971));
#6297=CARTESIAN_POINT('',(-0.0301211731740736,-0.499091790500234,0.573660091462313));
#6298=VECTOR('',#7894,0.999999999999999);
#6299=CARTESIAN_POINT('',(-0.252282896798057,-0.701591790500139,0.424886884848407));
#6300=CARTESIAN_POINT('',(-0.252282896798057,-0.701591790500139,0.424886884848407));
#6301=VECTOR('',#7895,1.0);
#6302=CARTESIAN_POINT('',(-0.792367846589279,-0.701591790499906,0.063212657111604));
#6303=CARTESIAN_POINT('',(-0.252282896798057,-0.701591790500139,0.424886884848407));
#6304=VECTOR('',#7896,0.999999999999999);
#6305=CARTESIAN_POINT('',(-0.792367846589279,-0.701591790499906,0.063212657111604));
#6306=VECTOR('',#7897,1.0);
#6307=CARTESIAN_POINT('',(-0.77815545066075,0.495908209500088,0.0727301549118004));
#6308=CARTESIAN_POINT('',(-0.0301211731736473,0.495908209499766,0.573660091462316));
#6309=VECTOR('',#7898,0.999999999999999);
#6310=CARTESIAN_POINT('',(-0.77815545066078,0.425908209500088,0.0727301549118002));
#6311=CARTESIAN_POINT('',(-0.77815545066075,0.495908209500088,0.0727301549118004));
#6312=VECTOR('',#7899,1.0);
#6313=CARTESIAN_POINT('',(-0.252282896797574,0.425908209499861,0.424886884848411));
#6314=CARTESIAN_POINT('',(-0.0301211731736757,0.425908209499766,0.573660091462316));
#6315=VECTOR('',#7900,0.999999999999999);
#6316=CARTESIAN_POINT('',(-0.25228289679794,-0.429091790500139,0.424886884848408));
#6317=CARTESIAN_POINT('',(-0.252282896798057,-0.701591790500139,0.424886884848407));
#6318=VECTOR('',#7901,1.0);
#6319=CARTESIAN_POINT('',(-0.778155450661146,-0.429091790499912,0.0727301549117973));
#6320=CARTESIAN_POINT('',(-0.0301211731740434,-0.429091790500234,0.573660091462313));
#6321=VECTOR('',#7902,0.999999999999999);
#6322=CARTESIAN_POINT('',(-0.778155450661176,-0.499091790499912,0.0727301549117971));
#6323=VECTOR('',#7903,1.0);
#6324=CARTESIAN_POINT('',(-0.803496284365796,-0.701591790499901,0.0798306555667187));
#6325=AXIS2_PLACEMENT_3D('',#7904,#7905,#7906);
#6326=CARTESIAN_POINT('',(-0.803496284365711,-0.499091790499901,0.0798306555667191));
#6327=CARTESIAN_POINT('',(-0.803496284365796,-0.701591790499901,0.0798306555667187));
#6328=VECTOR('',#7907,1.0);
#6329=CARTESIAN_POINT('',(-0.966201564080027,-0.499091790499831,-0.0998378746055131));
#6330=AXIS2_PLACEMENT_3D('',#7908,#7909,#7910);
#6331=CARTESIAN_POINT('',(-0.966201564079997,-0.429091790499831,-0.0998378746055129));
#6332=CARTESIAN_POINT('',(-0.966201564080112,-0.701591790499831,-0.0998378746055138));
#6333=VECTOR('',#7911,1.0);
#6334=CARTESIAN_POINT('',(-0.80349628436568,-0.429091790499901,0.0798306555667196));
#6335=AXIS2_PLACEMENT_3D('',#7912,#7913,#7914);
#6336=CARTESIAN_POINT('',(-0.803496284365313,0.425908209500099,0.0798306555667223));
#6337=CARTESIAN_POINT('',(-0.803496284365796,-0.701591790499901,0.0798306555667187));
#6338=VECTOR('',#7915,1.0);
#6339=CARTESIAN_POINT('',(-0.966201564079629,0.425908209500169,-0.09983787460551));
#6340=AXIS2_PLACEMENT_3D('',#7916,#7917,#7918);
#6341=CARTESIAN_POINT('',(-0.966201564079599,0.49590820950017,-0.0998378746055098));
#6342=CARTESIAN_POINT('',(-0.966201564080112,-0.701591790499831,-0.0998378746055138));
#6343=VECTOR('',#7919,1.0);
#6344=CARTESIAN_POINT('',(-0.803496284365282,0.495908209500099,0.0798306555667225));
#6345=AXIS2_PLACEMENT_3D('',#7920,#7921,#7922);
#6346=CARTESIAN_POINT('',(-0.803496284365796,-0.701591790499901,0.0798306555667187));
#6347=VECTOR('',#7923,1.0);
#6348=AXIS2_PLACEMENT_3D('',#7924,#7925,#7926);
#6349=CARTESIAN_POINT('',(-0.848712246931147,0.495908209500119,0.0190566531177578));
#6350=CARTESIAN_POINT('',(-0.848712246931177,0.425908209500119,0.0190566531177573));
#6351=CARTESIAN_POINT('',(-0.84871224693166,-0.701591790499881,0.0190566531177538));
#6352=VECTOR('',#7927,1.0);
#6353=CARTESIAN_POINT('',(-0.953881086885884,0.495908209500164,-0.119504323196578));
#6354=AXIS2_PLACEMENT_3D('',#7928,#7929,#7930);
#6355=CARTESIAN_POINT('',(-0.953881086885914,0.425908209500164,-0.119504323196578));
#6356=CARTESIAN_POINT('',(-0.953881086886398,-0.701591790499836,-0.119504323196582));
#6357=VECTOR('',#7931,1.0);
#6358=AXIS2_PLACEMENT_3D('',#7932,#7933,#7934);
#6359=CARTESIAN_POINT('',(-0.848712246931543,-0.429091790499881,0.0190566531177547));
#6360=CARTESIAN_POINT('',(-0.95388108688628,-0.429091790499836,-0.119504323196581));
#6361=AXIS2_PLACEMENT_3D('',#7935,#7936,#7937);
#6362=CARTESIAN_POINT('',(-0.953881086886311,-0.499091790499836,-0.119504323196581));
#6363=CARTESIAN_POINT('',(-0.953881086886398,-0.701591790499836,-0.119504323196582));
#6364=VECTOR('',#7938,1.0);
#6365=CARTESIAN_POINT('',(-0.848712246931573,-0.499091790499881,0.0190566531177545));
#6366=AXIS2_PLACEMENT_3D('',#7939,#7940,#7941);
#6367=CARTESIAN_POINT('',(-0.84871224693166,-0.701591790499881,0.0190566531177538));
#6368=VECTOR('',#7942,1.0);
#6369=CARTESIAN_POINT('',(-0.0412496109501639,0.49590820949977,0.590278089917431));
#6370=VECTOR('',#7943,0.999999999999999);
#6371=CARTESIAN_POINT('',(-0.0412496109501639,0.49590820949977,0.590278089917431));
#6372=VECTOR('',#7944,0.999999999999999);
#6373=CARTESIAN_POINT('',(0.745813435470043,0.0634082094994366,-0.751185083707141));
#6374=VECTOR('',#7945,0.999999999999999);
#6375=CARTESIAN_POINT('',(-0.864984297160813,0.718408209500126,0.0712032826367268));
#6376=VECTOR('',#7946,1.0);
#6377=CARTESIAN_POINT('',(1.01831450715873,-0.77159179050068,-0.688100181488982));
#6378=CARTESIAN_POINT('',(0.875147412088038,-0.771591790500619,-0.689884246795873));
#6379=CARTESIAN_POINT('',(0.875147412088038,-0.771591790500619,-0.689884246795873));
#6380=VECTOR('',#7947,0.999999999999999);
#6381=CARTESIAN_POINT('',(0.90175101401049,-0.77159179050063,-0.806898127873084));
#6382=CARTESIAN_POINT('',(0.875147412088038,-0.771591790500619,-0.689884246795873));
#6383=VECTOR('',#7948,1.0);
#6384=CARTESIAN_POINT('',(1.03161630811996,-0.771591790500686,-0.746607122027588));
#6385=CARTESIAN_POINT('',(0.90175101401049,-0.77159179050063,-0.806898127873084));
#6386=VECTOR('',#7949,1.0);
#6387=CARTESIAN_POINT('',(1.01831450715873,-0.77159179050068,-0.688100181488982));
#6388=VECTOR('',#7950,1.0);
#6389=CARTESIAN_POINT('',(1.01831450715877,-0.67159179050068,-0.688100181488982));
#6390=CARTESIAN_POINT('',(0.875147412088081,-0.671591790500619,-0.689884246795873));
#6391=CARTESIAN_POINT('',(0.875147412088081,-0.671591790500619,-0.689884246795873));
#6392=VECTOR('',#7951,0.999999999999999);
#6393=CARTESIAN_POINT('',(1.03161630812,-0.671591790500686,-0.746607122027587));
#6394=CARTESIAN_POINT('',(1.01831450715877,-0.67159179050068,-0.688100181488982));
#6395=VECTOR('',#7952,1.0);
#6396=CARTESIAN_POINT('',(0.901751014010533,-0.67159179050063,-0.806898127873084));
#6397=CARTESIAN_POINT('',(0.901751014010533,-0.67159179050063,-0.806898127873084));
#6398=VECTOR('',#7953,1.0);
#6399=CARTESIAN_POINT('',(0.875147412088081,-0.671591790500619,-0.689884246795873));
#6400=VECTOR('',#7954,1.0);
#6401=CARTESIAN_POINT('',(1.01831450715873,-0.77159179050068,-0.688100181488982));
#6402=VECTOR('',#7955,1.0);
#6403=CARTESIAN_POINT('',(1.03161630811996,-0.771591790500686,-0.746607122027588));
#6404=VECTOR('',#7956,1.0);
#6405=CARTESIAN_POINT('',(0.90175101401049,-0.77159179050063,-0.806898127873084));
#6406=VECTOR('',#7957,1.0);
#6407=CARTESIAN_POINT('',(0.875147412088038,-0.771591790500619,-0.689884246795873));
#6408=VECTOR('',#7958,1.0);
#6409=CARTESIAN_POINT('',(0.999730185854789,-0.0515917905006722,-0.786785180785562));
#6410=CARTESIAN_POINT('',(1.12959547996426,-0.0515917905007281,-0.726494174940065));
#6411=CARTESIAN_POINT('',(0.999730185854789,-0.0515917905006722,-0.786785180785562));
#6412=VECTOR('',#7959,1.0);
#6413=CARTESIAN_POINT('',(1.11629367900303,-0.0515917905007226,-0.66798723440146));
#6414=CARTESIAN_POINT('',(1.12959547996426,-0.0515917905007281,-0.726494174940065));
#6415=VECTOR('',#7960,1.0);
#6416=CARTESIAN_POINT('',(0.973126583932337,-0.0515917905006611,-0.669771299708351));
#6417=CARTESIAN_POINT('',(0.973126583932338,-0.0515917905006611,-0.669771299708351));
#6418=VECTOR('',#7961,1.0);
#6419=CARTESIAN_POINT('',(0.999730185854789,-0.0515917905006722,-0.786785180785562));
#6420=VECTOR('',#7962,1.0);
#6421=CARTESIAN_POINT('',(0.999730185854831,0.0484082094993278,-0.786785180785561));
#6422=CARTESIAN_POINT('',(1.1295954799643,0.0484082094992719,-0.726494174940064));
#6423=CARTESIAN_POINT('',(0.999730185854831,0.0484082094993278,-0.786785180785561));
#6424=VECTOR('',#7963,1.0);
#6425=CARTESIAN_POINT('',(0.97312658393238,0.0484082094993389,-0.66977129970835));
#6426=CARTESIAN_POINT('',(0.999730185854831,0.0484082094993278,-0.786785180785561));
#6427=VECTOR('',#7964,1.0);
#6428=CARTESIAN_POINT('',(1.11629367900307,0.0484082094992774,-0.667987234401459));
#6429=CARTESIAN_POINT('',(0.97312658393238,0.0484082094993389,-0.66977129970835));
#6430=VECTOR('',#7965,1.0);
#6431=CARTESIAN_POINT('',(1.1295954799643,0.0484082094992719,-0.726494174940064));
#6432=VECTOR('',#7966,1.0);
#6433=CARTESIAN_POINT('',(0.973126583932338,-0.0515917905006611,-0.669771299708351));
#6434=VECTOR('',#7967,1.0);
#6435=CARTESIAN_POINT('',(1.11629367900303,-0.0515917905007226,-0.66798723440146));
#6436=VECTOR('',#7968,1.0);
#6437=CARTESIAN_POINT('',(1.12959547996426,-0.0515917905007281,-0.726494174940065));
#6438=VECTOR('',#7969,1.0);
#6439=CARTESIAN_POINT('',(0.999730185854789,-0.0515917905006722,-0.786785180785562));
#6440=VECTOR('',#7970,1.0);
#6441=CARTESIAN_POINT('',(0.745813435469987,-0.0665917905005633,-0.751185083707142));
#6442=VECTOR('',#7971,0.999999999999999);
#6443=CARTESIAN_POINT('',(0.61985075752315,-0.066591790500509,-0.829968571999732));
#6444=AXIS2_PLACEMENT_3D('',#7972,#7973,#7974);
#6445=CARTESIAN_POINT('',(0.633152558484375,-0.0665917905005146,-0.888475512538338));
#6446=CARTESIAN_POINT('',(0.633152558484375,-0.0665917905005146,-0.888475512538338));
#6447=VECTOR('',#7975,0.999999999999999);
#6448=CARTESIAN_POINT('',(1.00369651522888,-0.0665917905006738,-0.804230773117241));
#6449=CARTESIAN_POINT('',(0.633152558484375,-0.0665917905005146,-0.888475512538338));
#6450=VECTOR('',#7976,1.0);
#6451=CARTESIAN_POINT('',(0.968225045998942,-0.0665917905006591,-0.648212265014293));
#6452=CARTESIAN_POINT('',(1.00369651522888,-0.0665917905006738,-0.804230773117241));
#6453=VECTOR('',#7977,1.0);
#6454=AXIS2_PLACEMENT_3D('',#7978,#7979,#7980);
#6455=CARTESIAN_POINT('',(0.968225045998998,0.0634082094993409,-0.648212265014292));
#6456=AXIS2_PLACEMENT_3D('',#7981,#7982,#7983);
#6457=CARTESIAN_POINT('',(1.00369651522893,0.0634082094993262,-0.80423077311724));
#6458=CARTESIAN_POINT('',(1.00369651522893,0.0634082094993262,-0.80423077311724));
#6459=VECTOR('',#7984,1.0);
#6460=CARTESIAN_POINT('',(0.633152558484431,0.0634082094994854,-0.888475512538337));
#6461=CARTESIAN_POINT('',(0.633152558484431,0.0634082094994854,-0.888475512538337));
#6462=VECTOR('',#7985,1.0);
#6463=CARTESIAN_POINT('',(0.619850757523205,0.063408209499491,-0.829968571999732));
#6464=CARTESIAN_POINT('',(0.633152558484431,0.0634082094994854,-0.888475512538337));
#6465=VECTOR('',#7986,0.999999999999999);
#6466=AXIS2_PLACEMENT_3D('',#7987,#7988,#7989);
#6467=CARTESIAN_POINT('',(0.61985075752315,-0.066591790500509,-0.829968571999732));
#6468=VECTOR('',#7990,1.0);
#6469=CARTESIAN_POINT('',(0.968225045998942,-0.0665917905006591,-0.648212265014293));
#6470=VECTOR('',#7991,1.0);
#6471=CARTESIAN_POINT('',(1.00369651522888,-0.0665917905006738,-0.804230773117241));
#6472=VECTOR('',#7992,1.0);
#6473=CARTESIAN_POINT('',(0.633152558484375,-0.0665917905005146,-0.888475512538338));
#6474=VECTOR('',#7993,1.0);
#6475=CARTESIAN_POINT('',(0.424827622394155,-0.786591790500425,-0.874307908537154));
#6476=CARTESIAN_POINT('',(0.438129423355381,-0.786591790500431,-0.93281484907576));
#6477=CARTESIAN_POINT('',(0.438129423355381,-0.786591790500431,-0.93281484907576));
#6478=VECTOR('',#7994,1.0);
#6479=CARTESIAN_POINT('',(0.906184947664226,-0.786591790500632,-0.826400441385953));
#6480=CARTESIAN_POINT('',(0.438129423355381,-0.786591790500431,-0.93281484907576));
#6481=VECTOR('',#7995,1.0);
#6482=CARTESIAN_POINT('',(0.87071347843429,-0.786591790500617,-0.670381933283005));
#6483=CARTESIAN_POINT('',(0.906184947664226,-0.786591790500632,-0.826400441385953));
#6484=VECTOR('',#7996,1.0);
#6485=AXIS2_PLACEMENT_3D('',#7997,#7998,#7999);
#6486=CARTESIAN_POINT('',(0.745813435469734,-0.656591790500563,-0.751185083707144));
#6487=VECTOR('',#8000,0.999999999999999);
#6488=CARTESIAN_POINT('',(0.870713478434346,-0.656591790500617,-0.670381933283004));
#6489=AXIS2_PLACEMENT_3D('',#8001,#8002,#8003);
#6490=CARTESIAN_POINT('',(0.906184947664282,-0.656591790500632,-0.826400441385953));
#6491=CARTESIAN_POINT('',(0.906184947664282,-0.656591790500632,-0.826400441385953));
#6492=VECTOR('',#8004,1.0);
#6493=CARTESIAN_POINT('',(0.438129423355437,-0.656591790500431,-0.932814849075759));
#6494=CARTESIAN_POINT('',(0.438129423355437,-0.656591790500431,-0.932814849075759));
#6495=VECTOR('',#8005,1.0);
#6496=CARTESIAN_POINT('',(0.438129423355437,-0.656591790500431,-0.932814849075759));
#6497=VECTOR('',#8006,1.0);
#6498=CARTESIAN_POINT('',(0.735639459195697,-0.701591790500559,-0.709386876912887));
#6499=AXIS2_PLACEMENT_3D('',#8007,#8008,#8009);
#6500=CARTESIAN_POINT('',(0.735639459195679,-0.741591790500559,-0.709386876912888));
#6501=CARTESIAN_POINT('',(0.73563945919566,-0.786591790500559,-0.709386876912888));
#6502=VECTOR('',#8010,1.0);
#6503=CARTESIAN_POINT('',(0.424827622394174,-0.741591790500425,-0.874307908537154));
#6504=AXIS2_PLACEMENT_3D('',#8011,#8012,#8013);
#6505=CARTESIAN_POINT('',(0.424827622394155,-0.786591790500425,-0.874307908537154));
#6506=VECTOR('',#8014,1.0);
#6507=CARTESIAN_POINT('',(0.87071347843429,-0.786591790500617,-0.670381933283005));
#6508=VECTOR('',#8015,1.0);
#6509=CARTESIAN_POINT('',(0.906184947664226,-0.786591790500632,-0.826400441385953));
#6510=VECTOR('',#8016,1.0);
#6511=CARTESIAN_POINT('',(0.438129423355381,-0.786591790500431,-0.93281484907576));
#6512=VECTOR('',#8017,1.0);
#6513=CARTESIAN_POINT('',(0.433759099530052,-0.701591790500429,-0.913592318462766));
#6514=CARTESIAN_POINT('',(0.0958704429833297,-0.701591790500289,0.57258474845274));
#6515=VECTOR('',#8018,1.0);
#6516=CARTESIAN_POINT('',(0.433759099530034,-0.741591790500429,-0.913592318462767));
#6517=CARTESIAN_POINT('',(0.0688548352519156,-0.741591790500277,0.691410805147056));
#6518=VECTOR('',#8019,1.0);
#6519=CARTESIAN_POINT('',(0.433759099530043,-0.721591790500429,-0.913592318462766));
#6520=VECTOR('',#8020,1.0);
#6521=CARTESIAN_POINT('',(0.0867211262984995,-0.74159179050028,-0.976299110769459));
#6522=AXIS2_PLACEMENT_3D('',#8021,#8022,#8023);
#6523=CARTESIAN_POINT('',(0.419625386821481,-0.741591790500424,-0.547038406187572));
#6524=VECTOR('',#8024,1.0);
#6525=CARTESIAN_POINT('',(0.128893203425516,-0.7415917905003,-0.259422365293891));
#6526=AXIS2_PLACEMENT_3D('',#8025,#8026,#8027);
#6527=CARTESIAN_POINT('',(-0.307508429511365,-0.741591790500115,0.56798218644167));
#6528=VECTOR('',#8028,1.0);
#6529=CARTESIAN_POINT('',(-0.375210360262034,-0.741591790500086,0.610602000761203));
#6530=AXIS2_PLACEMENT_3D('',#8029,#8030,#8031);
#6531=CARTESIAN_POINT('',(-0.546779553226029,-0.741591790500013,0.617166913649915));
#6532=CARTESIAN_POINT('',(-0.546779553226029,-0.741591790500013,0.617166913649915));
#6533=VECTOR('',#8032,0.999999999999999);
#6534=CARTESIAN_POINT('',(-0.627727517176,-0.741591790499978,0.555481648054844));
#6535=AXIS2_PLACEMENT_3D('',#8033,#8034,#8035);
#6536=CARTESIAN_POINT('',(-0.656483697223431,-0.741591790499965,0.432795190082553));
#6537=CARTESIAN_POINT('',(-0.656483697223431,-0.741591790499965,0.432795190082553));
#6538=VECTOR('',#8036,0.999999999999999);
#6539=CARTESIAN_POINT('',(-0.656483697223431,-0.741591790499965,0.432795190082553));
#6540=VECTOR('',#8037,0.999999999999999);
#6541=CARTESIAN_POINT('',(-0.656483697223422,-0.721591790499965,0.432795190082553));
#6542=CARTESIAN_POINT('',(0.0867211262985084,-0.72159179050028,-0.976299110769459));
#6543=CARTESIAN_POINT('',(-0.656483697223422,-0.721591790499965,0.432795190082553));
#6544=VECTOR('',#8038,0.999999999999999);
#6545=CARTESIAN_POINT('',(0.0867211262984995,-0.74159179050028,-0.976299110769459));
#6546=VECTOR('',#8039,1.0);
#6547=CARTESIAN_POINT('',(-0.656483697223431,-0.741591790499965,0.432795190082553));
#6548=VECTOR('',#8040,1.0);
#6549=CARTESIAN_POINT('',(-0.665380998728553,-0.721591790499961,0.394835405251064));
#6550=CARTESIAN_POINT('',(-0.428362308411465,-0.721591790500066,1.40606094147568));
#6551=VECTOR('',#8041,0.999999999999999);
#6552=CARTESIAN_POINT('',(-0.864984297161431,-0.721591790499874,0.0712032826367223));
#6553=AXIS2_PLACEMENT_3D('',#8042,#8043,#8044);
#6554=AXIS2_PLACEMENT_3D('',#8045,#8046,#8047);
#6555=AXIS2_PLACEMENT_3D('',#8048,#8049,#8050);
#6556=AXIS2_PLACEMENT_3D('',#8051,#8052,#8053);
#6557=CARTESIAN_POINT('',(-0.864984297161422,-0.701591790499875,0.0712032826367223));
#6558=AXIS2_PLACEMENT_3D('',#8054,#8055,#8056);
#6559=CARTESIAN_POINT('',(-0.665380998728544,-0.701591790499961,0.394835405251064));
#6560=AXIS2_PLACEMENT_3D('',#8057,#8058,#8059);
#6561=CARTESIAN_POINT('',(-0.627727517175982,-0.701591790499978,0.555481648054844));
#6562=CARTESIAN_POINT('',(-0.428362308411456,-0.701591790500066,1.40606094147568));
#6563=VECTOR('',#8060,0.999999999999999);
#6564=CARTESIAN_POINT('',(-0.546779553226012,-0.701591790500013,0.617166913649915));
#6565=AXIS2_PLACEMENT_3D('',#8061,#8062,#8063);
#6566=CARTESIAN_POINT('',(-0.375210360262018,-0.701591790500086,0.610602000761203));
#6567=CARTESIAN_POINT('',(1.61997662375833,-0.701591790500942,0.534258290561821));
#6568=VECTOR('',#8064,1.0);
#6569=AXIS2_PLACEMENT_3D('',#8065,#8066,#8067);
#6570=CARTESIAN_POINT('',(0.128893203425532,-0.7015917905003,-0.259422365293891));
#6571=CARTESIAN_POINT('',(-0.0310523520625203,-0.701591790500232,0.0438296636915949));
#6572=VECTOR('',#8068,0.999999999999999);
#6573=AXIS2_PLACEMENT_3D('',#8069,#8070,#8071);
#6574=CARTESIAN_POINT('',(0.783777294340755,-0.70159179050058,-0.734117117123753));
#6575=VECTOR('',#8072,0.999999999999999);
#6576=CARTESIAN_POINT('',(-0.263411334574574,-0.701591790500134,0.441504883303522));
#6577=CARTESIAN_POINT('',(-0.263411334574574,-0.701591790500134,0.441504883303522));
#6578=VECTOR('',#8073,1.0);
#6579=CARTESIAN_POINT('',(-0.275943485851867,-0.701591790500128,0.43311258106135));
#6580=CARTESIAN_POINT('',(-0.263411334574574,-0.701591790500134,0.441504883303522));
#6581=VECTOR('',#8074,0.999999999999999);
#6582=CARTESIAN_POINT('',(-0.275943485851867,-0.701591790500128,0.43311258106135));
#6583=VECTOR('',#8075,1.0);
#6584=CARTESIAN_POINT('',(-0.390971820622134,-0.70159179050008,0.576179483412093));
#6585=AXIS2_PLACEMENT_3D('',#8076,#8077,#8078);
#6586=CARTESIAN_POINT('',(-0.532750001966958,-0.701591790500019,0.581604474892027));
#6587=CARTESIAN_POINT('',(-0.390971820622134,-0.70159179050008,0.576179483412093));
#6588=VECTOR('',#8079,1.0);
#6589=CARTESIAN_POINT('',(-0.603579470423183,-0.701591790499988,0.527629867496339));
#6590=AXIS2_PLACEMENT_3D('',#8080,#8081,#8082);
#6591=CARTESIAN_POINT('',(-0.690858342292685,-0.701591790499949,0.155259975952156));
#6592=CARTESIAN_POINT('',(-0.603579470423183,-0.701591790499988,0.527629867496339));
#6593=VECTOR('',#8083,0.999999999999999);
#6594=CARTESIAN_POINT('',(-0.263411334574574,-0.701591790500134,0.441504883303522));
#6595=VECTOR('',#8084,0.999999999999999);
#6596=CARTESIAN_POINT('',(-0.864984297161431,-0.721591790499874,0.0712032826367223));
#6597=VECTOR('',#8085,1.0);
#6598=CARTESIAN_POINT('',(-0.665380998728553,-0.721591790499961,0.394835405251064));
#6599=VECTOR('',#8086,1.0);
#6600=CARTESIAN_POINT('',(-0.627727517175991,-0.721591790499978,0.555481648054844));
#6601=VECTOR('',#8087,1.0);
#6602=CARTESIAN_POINT('',(-0.54677955322602,-0.721591790500013,0.617166913649915));
#6603=VECTOR('',#8088,1.0);
#6604=CARTESIAN_POINT('',(-0.375210360262026,-0.721591790500086,0.610602000761203));
#6605=VECTOR('',#8089,1.0);
#6606=CARTESIAN_POINT('',(0.128893203425523,-0.7215917905003,-0.259422365293891));
#6607=VECTOR('',#8090,1.0);
#6608=CARTESIAN_POINT('',(-0.6908583422926,-0.499091790499949,0.155259975952157));
#6609=CARTESIAN_POINT('',(-0.0412496109505902,-0.49909179050023,0.590278089917427));
#6610=VECTOR('',#8091,0.999999999999999);
#6611=CARTESIAN_POINT('',(-0.690858342292685,-0.701591790499949,0.155259975952156));
#6612=VECTOR('',#8092,1.0);
#6613=CARTESIAN_POINT('',(-0.263411334574487,-0.499091790500134,0.441504883303522));
#6614=CARTESIAN_POINT('',(-0.383741971225017,-0.499091790500083,0.621193566847325));
#6615=VECTOR('',#8093,1.0);
#6616=CARTESIAN_POINT('',(-0.263411334574574,-0.701591790500134,0.441504883303522));
#6617=VECTOR('',#8094,1.0);
#6618=CARTESIAN_POINT('',(-1.04697908619811,0.520908209500203,0.210330119852605));
#6619=CARTESIAN_POINT('',(-1.05095365766765,0.520908209500205,0.2068314416782));
#6620=AXIS2_PLACEMENT_3D('',#8095,#8096,#8097);
#6621=CARTESIAN_POINT('',(-1.10207537501459,0.520908209500227,0.149303314037361));
#6622=CARTESIAN_POINT('',(-1.10207537501459,0.520908209500227,0.149303314037361));
#6623=VECTOR('',#8098,1.0);
#6624=CARTESIAN_POINT('',(-0.992114551558853,0.52090820950018,0.051587876972601));
#6625=CARTESIAN_POINT('',(-1.10207537501459,0.520908209500227,0.149303314037361));
#6626=VECTOR('',#8099,1.0);
#6627=CARTESIAN_POINT('',(-0.940992834211906,0.520908209500158,0.109116004613441));
#6628=CARTESIAN_POINT('',(-0.992114551558853,0.52090820950018,0.051587876972601));
#6629=VECTOR('',#8100,1.0);
#6630=CARTESIAN_POINT('',(-0.937985487607275,0.520908209500157,0.113474196180378));
#6631=AXIS2_PLACEMENT_3D('',#8101,#8102,#8103);
#6632=CARTESIAN_POINT('',(-0.927960954958621,0.520908209500152,0.13265809545777));
#6633=CARTESIAN_POINT('',(-0.213695641387973,0.520908209499842,1.49954414522437));
#6634=VECTOR('',#8104,1.0);
#6635=AXIS2_PLACEMENT_3D('',#8105,#8106,#8107);
#6636=CARTESIAN_POINT('',(-1.00248981973444,0.520908209500184,0.220844743570595));
#6637=CARTESIAN_POINT('',(-0.612869977113125,0.520908209500018,-0.125386505108338));
#6638=VECTOR('',#8108,1.0);
#6639=CARTESIAN_POINT('',(-1.02910619302464,0.520908209500195,0.222539662674467));
#6640=AXIS2_PLACEMENT_3D('',#8109,#8110,#8111);
#6641=CARTESIAN_POINT('',(0.434459950362784,0.520908209499564,1.22234832973702));
#6642=VECTOR('',#8112,1.0);
#6643=CARTESIAN_POINT('',(-0.969689485690932,0.51590820950017,0.0316600968448692));
#6644=CARTESIAN_POINT('',(-0.969689485690939,0.495908209500171,0.0316600968448692));
#6645=CARTESIAN_POINT('',(-0.969689485690918,0.54590820950017,0.0316600968448692));
#6646=VECTOR('',#8113,1.0);
#6647=CARTESIAN_POINT('',(-0.992114551558867,0.49590820950018,0.0515878769725983));
#6648=CARTESIAN_POINT('',(-0.692334000215745,0.495908209500052,-0.214808705713941));
#6649=VECTOR('',#8114,1.0);
#6650=CARTESIAN_POINT('',(-0.992114551558842,0.54590820950018,0.051587876972601));
#6651=VECTOR('',#8115,1.0);
#6652=CARTESIAN_POINT('',(-1.10207537501461,0.495908209500227,0.149303314037361));
#6653=CARTESIAN_POINT('',(-1.10207537501458,0.545908209500227,0.149303314037361));
#6654=VECTOR('',#8116,1.0);
#6655=CARTESIAN_POINT('',(-1.11702541892656,0.495908209500234,0.162588500789182));
#6656=CARTESIAN_POINT('',(-0.692334000215784,0.495908209500052,-0.214808705713923));
#6657=VECTOR('',#8117,0.999999999999999);
#6658=CARTESIAN_POINT('',(-1.11702541892654,0.538268889275231,0.162588500789182));
#6659=CARTESIAN_POINT('',(-1.11702541892653,0.545908209500233,0.162588500789182));
#6660=VECTOR('',#8118,1.0);
#6661=CARTESIAN_POINT('',(-1.10207537501458,0.545908209500227,0.149303314037361));
#6662=AXIS2_PLACEMENT_3D('',#8119,#8120,#8121);
#6663=CARTESIAN_POINT('',(-0.992114551558846,0.54590820950018,0.0515878769725988));
#6664=CARTESIAN_POINT('',(-0.692334000215762,0.545908209500052,-0.214808705713923));
#6665=VECTOR('',#8122,0.999999999999999);
#6666=AXIS2_PLACEMENT_3D('',#8123,#8124,#8125);
#6667=CARTESIAN_POINT('',(-1.05095365766764,0.545908209500205,0.2068314416782));
#6668=CARTESIAN_POINT('',(0.0900512196954857,0.545908209499711,1.49082340498191));
#6669=VECTOR('',#8126,1.0);
#6670=CARTESIAN_POINT('',(-1.0469790861981,0.545908209500203,0.210330119852605));
#6671=AXIS2_PLACEMENT_3D('',#8127,#8128,#8129);
#6672=CARTESIAN_POINT('',(-1.02910619302463,0.545908209500195,0.222539662674467));
#6673=CARTESIAN_POINT('',(0.434459950362794,0.545908209499564,1.22234832973702));
#6674=VECTOR('',#8130,1.0);
#6675=CARTESIAN_POINT('',(-1.00248981973443,0.545908209500184,0.220844743570595));
#6676=AXIS2_PLACEMENT_3D('',#8131,#8132,#8133);
#6677=CARTESIAN_POINT('',(-0.932772060633775,0.545908209500154,0.158890848650571));
#6678=CARTESIAN_POINT('',(-0.612869977113112,0.545908209500018,-0.125386505108339));
#6679=VECTOR('',#8134,1.0);
#6680=AXIS2_PLACEMENT_3D('',#8135,#8136,#8137);
#6681=CARTESIAN_POINT('',(-0.937985487607264,0.545908209500157,0.113474196180378));
#6682=CARTESIAN_POINT('',(-0.927960954958611,0.545908209500152,0.13265809545777));
#6683=VECTOR('',#8138,1.0);
#6684=CARTESIAN_POINT('',(-0.940992834211896,0.545908209500158,0.109116004613441));
#6685=AXIS2_PLACEMENT_3D('',#8139,#8140,#8141);
#6686=CARTESIAN_POINT('',(-0.940992834211896,0.545908209500158,0.109116004613441));
#6687=VECTOR('',#8142,1.0);
#6688=CARTESIAN_POINT('',(-0.918567768343983,0.515908209500148,0.0891882244857093));
#6689=AXIS2_PLACEMENT_3D('',#8143,#8144,#8145);
#6690=CARTESIAN_POINT('',(-0.96968948569093,0.51590820950017,0.0316600968448692));
#6691=VECTOR('',#8146,1.0);
#6692=CARTESIAN_POINT('',(-0.911396781531378,0.515908209500145,0.0995802871116719));
#6693=AXIS2_PLACEMENT_3D('',#8147,#8148,#8149);
#6694=AXIS2_PLACEMENT_3D('',#8150,#8151,#8152);
#6695=CARTESIAN_POINT('',(-0.911396781531378,0.515908209500145,0.0995802871116715));
#6696=VECTOR('',#8153,1.0);
#6697=AXIS2_PLACEMENT_3D('',#8154,#8155,#8156);
#6698=CARTESIAN_POINT('',(-0.982562039606712,0.515908209500175,0.24326980943852));
#6699=AXIS2_PLACEMENT_3D('',#8157,#8158,#8159);
#6700=CARTESIAN_POINT('',(-0.592942196985394,0.515908209500009,-0.102961439240414));
#6701=VECTOR('',#8160,1.0);
#6702=CARTESIAN_POINT('',(-1.04602850588281,0.515908209500203,0.24731132647669));
#6703=AXIS2_PLACEMENT_3D('',#8161,#8162,#8163);
#6704=AXIS2_PLACEMENT_3D('',#8164,#8165,#8166);
#6705=CARTESIAN_POINT('',(-1.06390139905628,0.51590820950021,0.235101783654828));
#6706=AXIS2_PLACEMENT_3D('',#8167,#8168,#8169);
#6707=CARTESIAN_POINT('',(0.417537637504615,0.515908209499571,1.24711999353924));
#6708=VECTOR('',#8170,1.0);
#6709=CARTESIAN_POINT('',(-1.07337872353557,0.515908209500214,0.226759221805932));
#6710=AXIS2_PLACEMENT_3D('',#8171,#8172,#8173);
#6711=AXIS2_PLACEMENT_3D('',#8174,#8175,#8176);
#6712=CARTESIAN_POINT('',(-1.11785784750661,0.515908209500234,0.176706116121068));
#6713=AXIS2_PLACEMENT_3D('',#8177,#8178,#8179);
#6714=CARTESIAN_POINT('',(0.0676261538275486,0.515908209499721,1.51075118510964));
#6715=VECTOR('',#8180,1.0);
#6716=CARTESIAN_POINT('',(-1.11785784750662,0.495908209500234,0.176706116121068));
#6717=CARTESIAN_POINT('',(-1.16807506093996,0.495908209500253,1.02836753100956));
#6718=VECTOR('',#8181,0.999999999999999);
#6719=CARTESIAN_POINT('',(-1.1178578475066,0.545908209500234,0.176706116121068));
#6720=VECTOR('',#8182,1.0);
#6721=CARTESIAN_POINT('',(-1.07337872353558,0.495908209500214,0.226759221805932));
#6722=CARTESIAN_POINT('',(0.0676261538275398,0.495908209499721,1.51075118510964));
#6723=VECTOR('',#8183,1.0);
#6724=CARTESIAN_POINT('',(-1.07337872353556,0.545908209500214,0.226759221805933));
#6725=VECTOR('',#8184,1.0);
#6726=CARTESIAN_POINT('',(-1.06390139905629,0.49590820950021,0.235101783654828));
#6727=AXIS2_PLACEMENT_3D('',#8185,#8186,#8187);
#6728=CARTESIAN_POINT('',(-1.06390139905627,0.54590820950021,0.235101783654828));
#6729=VECTOR('',#8188,1.0);
#6730=CARTESIAN_POINT('',(-1.04602850588282,0.495908209500203,0.24731132647669));
#6731=CARTESIAN_POINT('',(0.417537637504606,0.495908209499572,1.24711999353924));
#6732=VECTOR('',#8189,1.0);
#6733=CARTESIAN_POINT('',(-1.0460285058828,0.545908209500203,0.24731132647669));
#6734=VECTOR('',#8190,1.0);
#6735=CARTESIAN_POINT('',(-0.982562039606721,0.495908209500176,0.24326980943852));
#6736=AXIS2_PLACEMENT_3D('',#8191,#8192,#8193);
#6737=CARTESIAN_POINT('',(-0.9825620396067,0.545908209500175,0.24326980943852));
#6738=VECTOR('',#8194,1.0);
#6739=CARTESIAN_POINT('',(-0.592942196985401,0.495908209500009,-0.102961439240414));
#6740=VECTOR('',#8195,1.0);
#6741=CARTESIAN_POINT('',(-0.901372248882733,0.495908209500141,0.118764186389064));
#6742=AXIS2_PLACEMENT_3D('',#8196,#8197,#8198);
#6743=CARTESIAN_POINT('',(-0.901372248882712,0.545908209500141,0.118764186389064));
#6744=VECTOR('',#8199,1.0);
#6745=CARTESIAN_POINT('',(-0.911396781531387,0.495908209500145,0.0995802871116719));
#6746=CARTESIAN_POINT('',(-0.187106935312084,0.49590820949983,1.48565023615566));
#6747=VECTOR('',#8200,1.0);
#6748=CARTESIAN_POINT('',(-0.911396781531366,0.545908209500145,0.0995802871116719));
#6749=VECTOR('',#8201,1.0);
#6750=CARTESIAN_POINT('',(-0.918567768343992,0.495908209500148,0.0891882244857093));
#6751=AXIS2_PLACEMENT_3D('',#8202,#8203,#8204);
#6752=CARTESIAN_POINT('',(-0.918567768343971,0.545908209500149,0.0891882244857096));
#6753=VECTOR('',#8205,1.0);
#6754=CARTESIAN_POINT('',(0.222437109019097,0.495908209499655,1.37318018778943));
#6755=VECTOR('',#8206,1.0);
#6756=CARTESIAN_POINT('',(-0.940992834211917,0.495908209500158,0.109116004613441));
#6757=CARTESIAN_POINT('',(0.200012043151172,0.495908209499664,1.39310796791717));
#6758=VECTOR('',#8207,1.0);
#6759=CARTESIAN_POINT('',(-0.940992834211896,0.545908209500158,0.109116004613441));
#6760=VECTOR('',#8208,1.0);
#6761=CARTESIAN_POINT('',(-0.937985487607286,0.495908209500157,0.113474196180378));
#6762=AXIS2_PLACEMENT_3D('',#8209,#8210,#8211);
#6763=CARTESIAN_POINT('',(-0.937985487607264,0.545908209500157,0.113474196180378));
#6764=VECTOR('',#8212,1.0);
#6765=CARTESIAN_POINT('',(-0.927960954958632,0.495908209500152,0.13265809545777));
#6766=CARTESIAN_POINT('',(-0.213695641387984,0.495908209499842,1.49954414522437));
#6767=VECTOR('',#8213,0.999999999999999);
#6768=CARTESIAN_POINT('',(-0.927960954958611,0.545908209500152,0.13265809545777));
#6769=VECTOR('',#8214,1.0);
#6770=AXIS2_PLACEMENT_3D('',#8215,#8216,#8217);
#6771=CARTESIAN_POINT('',(-1.00248981973445,0.495908209500184,0.220844743570595));
#6772=CARTESIAN_POINT('',(-0.612869977113135,0.495908209500018,-0.125386505108338));
#6773=VECTOR('',#8218,1.0);
#6774=CARTESIAN_POINT('',(-1.00248981973443,0.545908209500184,0.220844743570595));
#6775=VECTOR('',#8219,1.0);
#6776=CARTESIAN_POINT('',(-1.02910619302465,0.495908209500196,0.222539662674467));
#6777=AXIS2_PLACEMENT_3D('',#8220,#8221,#8222);
#6778=CARTESIAN_POINT('',(-1.02910619302463,0.545908209500195,0.222539662674467));
#6779=VECTOR('',#8223,1.0);
#6780=CARTESIAN_POINT('',(-1.04697908619812,0.495908209500203,0.210330119852605));
#6781=CARTESIAN_POINT('',(0.434459950362774,0.495908209499564,1.22234832973702));
#6782=VECTOR('',#8224,1.0);
#6783=CARTESIAN_POINT('',(-1.0469790861981,0.545908209500203,0.210330119852605));
#6784=VECTOR('',#8225,1.0);
#6785=CARTESIAN_POINT('',(-1.05095365766766,0.495908209500205,0.2068314416782));
#6786=AXIS2_PLACEMENT_3D('',#8226,#8227,#8228);
#6787=CARTESIAN_POINT('',(-1.05095365766764,0.545908209500205,0.2068314416782));
#6788=VECTOR('',#8229,1.0);
#6789=CARTESIAN_POINT('',(0.0900512196954661,0.495908209499711,1.49082340498191));
#6790=VECTOR('',#8230,1.0);
#6791=CARTESIAN_POINT('',(-1.03155604627188,0.495908209500197,0.00448361749432163));
#6792=CARTESIAN_POINT('',(-1.03155604627188,0.495908209500197,0.00448361749432163));
#6793=VECTOR('',#8231,1.0);
#6794=CARTESIAN_POINT('',(-0.950900406161516,0.495908209500162,0.139067997817176));
#6795=VECTOR('',#8232,0.999999999999999);
#6796=CARTESIAN_POINT('',(-0.952666448990453,0.495908209500163,0.15152988991118));
#6797=AXIS2_PLACEMENT_3D('',#8233,#8234,#8235);
#6798=CARTESIAN_POINT('',(-0.986201562341931,0.495908209500177,0.182729759179301));
#6799=CARTESIAN_POINT('',(-0.952666448990453,0.495908209500163,0.15152988991118));
#6800=VECTOR('',#8236,1.0);
#6801=CARTESIAN_POINT('',(-0.998758313144906,0.495908209500183,0.183593281679437));
#6802=AXIS2_PLACEMENT_3D('',#8237,#8238,#8239);
#6803=CARTESIAN_POINT('',(-1.0887797288088,0.495908209500222,0.120404974362621));
#6804=VECTOR('',#8240,0.999999999999999);
#6805=CARTESIAN_POINT('',(-1.10358312807276,0.495908209500228,0.124353265862113));
#6806=AXIS2_PLACEMENT_3D('',#8241,#8242,#8243);
#6807=CARTESIAN_POINT('',(-1.12004120514284,0.495908209500235,0.159541862207271));
#6808=CARTESIAN_POINT('',(-1.12004120514284,0.495908209500235,0.15954186220727));
#6809=VECTOR('',#8244,1.0);
#6810=CARTESIAN_POINT('',(-1.11483075137806,0.495908209500232,0.192686383676383));
#6811=AXIS2_PLACEMENT_3D('',#8245,#8246,#8247);
#6812=CARTESIAN_POINT('',(-1.03332868616207,0.495908209500197,0.2802887057217));
#6813=CARTESIAN_POINT('',(-1.03332868616207,0.495908209500197,0.2802887057217));
#6814=VECTOR('',#8248,0.999999999999999);
#6815=CARTESIAN_POINT('',(-1.00212688213858,0.495908209500184,0.288396390628405));
#6816=AXIS2_PLACEMENT_3D('',#8249,#8250,#8251);
#6817=CARTESIAN_POINT('',(-0.972320023773019,0.495908209500171,0.278749493521768));
#6818=CARTESIAN_POINT('',(-1.00212688213858,0.495908209500184,0.288396390628405));
#6819=VECTOR('',#8252,1.0);
#6820=AXIS2_PLACEMENT_3D('',#8253,#8254,#8255);
#6821=CARTESIAN_POINT('',(-0.9294937422081,0.495908209500153,0.228015671194703));
#6822=CARTESIAN_POINT('',(-0.929493742208097,0.495908209500153,0.228015671194705));
#6823=VECTOR('',#8256,1.0);
#6824=AXIS2_PLACEMENT_3D('',#8257,#8258,#8259);
#6825=CARTESIAN_POINT('',(-0.22857484888878,0.49590820949985,0.977841070569487));
#6826=AXIS2_PLACEMENT_3D('',#8260,#8261,#8262);
#6827=AXIS2_PLACEMENT_3D('',#8263,#8264,#8265);
#6828=CARTESIAN_POINT('',(-0.0467644236074882,0.495908209499773,0.651466450420488));
#6829=AXIS2_PLACEMENT_3D('',#8266,#8267,#8268);
#6830=CARTESIAN_POINT('',(-0.084933258645048,0.495908209499789,0.655510497599955));
#6831=AXIS2_PLACEMENT_3D('',#8269,#8270,#8271);
#6832=CARTESIAN_POINT('',(-0.120221217341705,0.495908209499804,0.708205696592092));
#6833=CARTESIAN_POINT('',(-0.120221217341705,0.495908209499804,0.708205696592092));
#6834=VECTOR('',#8272,1.0);
#6835=AXIS2_PLACEMENT_3D('',#8273,#8274,#8275);
#6836=CARTESIAN_POINT('',(-0.197747670374374,0.495908209499837,0.823975268440356));
#6837=AXIS2_PLACEMENT_3D('',#8276,#8277,#8278);
#6838=CARTESIAN_POINT('',(-0.239264645062203,0.495908209499855,0.614131865998828));
#6839=AXIS2_PLACEMENT_3D('',#8279,#8280,#8281);
#6840=CARTESIAN_POINT('',(-0.196298718281028,0.495908209499837,0.549971224657166));
#6841=CARTESIAN_POINT('',(-0.239264645062203,0.495908209499855,0.614131865998828));
#6842=VECTOR('',#8282,0.999999999999999);
#6843=CARTESIAN_POINT('',(-0.188044057696439,0.495908209499834,0.508693330422423));
#6844=AXIS2_PLACEMENT_3D('',#8283,#8284,#8285);
#6845=CARTESIAN_POINT('',(-0.206648658055784,0.495908209499842,0.414658235865931));
#6846=CARTESIAN_POINT('',(-0.188044057696439,0.495908209499834,0.508693330422423));
#6847=VECTOR('',#8286,0.999999999999999);
#6848=CARTESIAN_POINT('',(-0.229999610506516,0.495908209499852,0.379633430463687));
#6849=AXIS2_PLACEMENT_3D('',#8287,#8288,#8289);
#6850=CARTESIAN_POINT('',(-0.626520220950468,0.495908209500023,0.114098748152171));
#6851=CARTESIAN_POINT('',(-0.229999610506516,0.495908209499852,0.379633430463687));
#6852=VECTOR('',#8290,1.0);
#6853=CARTESIAN_POINT('',(-0.810613988482418,0.495908209500102,0.0638749301010006));
#6854=VECTOR('',#8291,1.0);
#6855=CARTESIAN_POINT('',(-0.690858342292202,0.42590820950005,0.15525997595216));
#6856=CARTESIAN_POINT('',(-0.0412496109501941,0.42590820949977,0.59027808991743));
#6857=VECTOR('',#8292,0.999999999999999);
#6858=CARTESIAN_POINT('',(-0.603579470422698,0.425908209500012,0.527629867496342));
#6859=CARTESIAN_POINT('',(-0.603579470422698,0.425908209500012,0.527629867496342));
#6860=VECTOR('',#8293,0.999999999999999);
#6861=CARTESIAN_POINT('',(-0.532750001966475,0.425908209499981,0.58160447489203));
#6862=AXIS2_PLACEMENT_3D('',#8294,#8295,#8296);
#6863=CARTESIAN_POINT('',(-0.390971820621649,0.425908209499921,0.576179483412097));
#6864=CARTESIAN_POINT('',(-0.390971820621649,0.425908209499921,0.576179483412097));
#6865=VECTOR('',#8297,1.0);
#6866=AXIS2_PLACEMENT_3D('',#8298,#8299,#8300);
#6867=CARTESIAN_POINT('',(-0.275943485851384,0.425908209499872,0.433112581061354));
#6868=CARTESIAN_POINT('',(-0.275943485851384,0.425908209499872,0.433112581061354));
#6869=VECTOR('',#8301,1.0);
#6870=CARTESIAN_POINT('',(-0.263411334574091,0.425908209499866,0.441504883303525));
#6871=CARTESIAN_POINT('',(-0.0412496109501941,0.42590820949977,0.59027808991743));
#6872=VECTOR('',#8302,0.999999999999999);
#6873=CARTESIAN_POINT('',(-0.383741971224621,0.425908209499917,0.621193566847328));
#6874=VECTOR('',#8303,1.0);
#6875=CARTESIAN_POINT('',(-0.626520220950498,0.425908209500023,0.114098748152171));
#6876=CARTESIAN_POINT('',(-0.810613988482448,0.425908209500102,0.0638749301010006));
#6877=VECTOR('',#8304,1.0);
#6878=CARTESIAN_POINT('',(-0.229999610506546,0.425908209499852,0.379633430463687));
#6879=CARTESIAN_POINT('',(-0.229999610506546,0.425908209499852,0.379633430463687));
#6880=VECTOR('',#8305,1.0);
#6881=CARTESIAN_POINT('',(-0.206648658055814,0.425908209499842,0.41465823586593));
#6882=AXIS2_PLACEMENT_3D('',#8306,#8307,#8308);
#6883=CARTESIAN_POINT('',(-0.188044057696469,0.425908209499834,0.508693330422423));
#6884=CARTESIAN_POINT('',(-0.188044057696469,0.425908209499834,0.508693330422423));
#6885=VECTOR('',#8309,0.999999999999999);
#6886=CARTESIAN_POINT('',(-0.196298718281058,0.425908209499837,0.549971224657165));
#6887=AXIS2_PLACEMENT_3D('',#8310,#8311,#8312);
#6888=CARTESIAN_POINT('',(-0.239264645062233,0.425908209499855,0.614131865998828));
#6889=CARTESIAN_POINT('',(-0.239264645062233,0.425908209499855,0.614131865998828));
#6890=VECTOR('',#8313,0.999999999999999);
#6891=CARTESIAN_POINT('',(-0.197747670374405,0.425908209499837,0.823975268440355));
#6892=AXIS2_PLACEMENT_3D('',#8314,#8315,#8316);
#6893=AXIS2_PLACEMENT_3D('',#8317,#8318,#8319);
#6894=CARTESIAN_POINT('',(-0.120221217341735,0.425908209499804,0.708205696592092));
#6895=AXIS2_PLACEMENT_3D('',#8320,#8321,#8322);
#6896=CARTESIAN_POINT('',(-0.0849332586450782,0.425908209499789,0.655510497599955));
#6897=CARTESIAN_POINT('',(-0.120221217341735,0.425908209499804,0.708205696592092));
#6898=VECTOR('',#8323,1.0);
#6899=CARTESIAN_POINT('',(-0.0467644236075167,0.425908209499773,0.651466450420488));
#6900=AXIS2_PLACEMENT_3D('',#8324,#8325,#8326);
#6901=AXIS2_PLACEMENT_3D('',#8327,#8328,#8329);
#6902=CARTESIAN_POINT('',(-0.22857484888881,0.42590820949985,0.977841070569487));
#6903=AXIS2_PLACEMENT_3D('',#8330,#8331,#8332);
#6904=AXIS2_PLACEMENT_3D('',#8333,#8334,#8335);
#6905=CARTESIAN_POINT('',(-0.929493742208129,0.425908209500153,0.228015671194703));
#6906=AXIS2_PLACEMENT_3D('',#8336,#8337,#8338);
#6907=CARTESIAN_POINT('',(-0.929493742208127,0.425908209500153,0.228015671194705));
#6908=VECTOR('',#8339,1.0);
#6909=CARTESIAN_POINT('',(-0.972320023773047,0.425908209500171,0.278749493521768));
#6910=AXIS2_PLACEMENT_3D('',#8340,#8341,#8342);
#6911=CARTESIAN_POINT('',(-1.00212688213861,0.425908209500184,0.288396390628405));
#6912=CARTESIAN_POINT('',(-1.00212688213861,0.425908209500184,0.288396390628405));
#6913=VECTOR('',#8343,1.0);
#6914=CARTESIAN_POINT('',(-1.0333286861621,0.425908209500197,0.2802887057217));
#6915=AXIS2_PLACEMENT_3D('',#8344,#8345,#8346);
#6916=CARTESIAN_POINT('',(-1.11483075137809,0.425908209500232,0.192686383676383));
#6917=CARTESIAN_POINT('',(-1.0333286861621,0.425908209500197,0.280288705721699));
#6918=VECTOR('',#8347,0.999999999999999);
#6919=CARTESIAN_POINT('',(-1.12004120514287,0.425908209500235,0.15954186220727));
#6920=AXIS2_PLACEMENT_3D('',#8348,#8349,#8350);
#6921=CARTESIAN_POINT('',(-1.10358312807279,0.425908209500228,0.124353265862112));
#6922=CARTESIAN_POINT('',(-1.12004120514287,0.425908209500235,0.15954186220727));
#6923=VECTOR('',#8351,1.0);
#6924=AXIS2_PLACEMENT_3D('',#8352,#8353,#8354);
#6925=CARTESIAN_POINT('',(-0.998758313144936,0.425908209500183,0.183593281679436));
#6926=CARTESIAN_POINT('',(-1.08877972880883,0.425908209500221,0.12040497436262));
#6927=VECTOR('',#8355,0.999999999999999);
#6928=CARTESIAN_POINT('',(-0.986201562341961,0.425908209500177,0.182729759179301));
#6929=AXIS2_PLACEMENT_3D('',#8356,#8357,#8358);
#6930=CARTESIAN_POINT('',(-0.952666448990483,0.425908209500163,0.15152988991118));
#6931=CARTESIAN_POINT('',(-0.952666448990483,0.425908209500163,0.15152988991118));
#6932=VECTOR('',#8359,1.0);
#6933=AXIS2_PLACEMENT_3D('',#8360,#8361,#8362);
#6934=CARTESIAN_POINT('',(-1.03155604627191,0.425908209500197,0.00448361749432141));
#6935=CARTESIAN_POINT('',(-0.950900406161546,0.425908209500162,0.139067997817175));
#6936=VECTOR('',#8363,0.999999999999999);
#6937=CARTESIAN_POINT('',(-1.03155604627191,0.425908209500197,0.00448361749432141));
#6938=VECTOR('',#8364,1.0);
#6939=CARTESIAN_POINT('',(-0.084933258645048,0.495908209499789,0.655510497599955));
#6940=VECTOR('',#8365,1.0);
#6941=CARTESIAN_POINT('',(-0.0467644236074882,0.495908209499773,0.651466450420488));
#6942=VECTOR('',#8366,1.0);
#6943=CARTESIAN_POINT('',(-0.120221217341705,0.495908209499804,0.708205696592092));
#6944=VECTOR('',#8367,1.0);
#6945=CARTESIAN_POINT('',(-0.197747670374374,0.495908209499837,0.823975268440356));
#6946=VECTOR('',#8368,1.0);
#6947=CARTESIAN_POINT('',(-0.239264645062203,0.495908209499855,0.614131865998828));
#6948=VECTOR('',#8369,1.0);
#6949=CARTESIAN_POINT('',(-0.196298718281028,0.495908209499837,0.549971224657166));
#6950=VECTOR('',#8370,1.0);
#6951=CARTESIAN_POINT('',(-0.188044057696439,0.495908209499834,0.508693330422423));
#6952=VECTOR('',#8371,1.0);
#6953=CARTESIAN_POINT('',(-0.206648658055784,0.495908209499842,0.414658235865931));
#6954=VECTOR('',#8372,1.0);
#6955=CARTESIAN_POINT('',(-0.229999610506516,0.495908209499852,0.379633430463687));
#6956=VECTOR('',#8373,1.0);
#6957=CARTESIAN_POINT('',(-0.626520220950468,0.495908209500023,0.114098748152171));
#6958=VECTOR('',#8374,1.0);
#6959=CARTESIAN_POINT('',(-0.895712884899837,0.495908209500139,-0.0362342629671527));
#6960=CARTESIAN_POINT('',(-0.810613988482418,0.495908209500102,0.0638749301010006));
#6961=VECTOR('',#8375,0.999999999999999);
#6962=CARTESIAN_POINT('',(-0.895712884899867,0.425908209500139,-0.0362342629671529));
#6963=CARTESIAN_POINT('',(-0.810613988482448,0.425908209500102,0.0638749301010006));
#6964=VECTOR('',#8376,0.999999999999999);
#6965=CARTESIAN_POINT('',(-0.895712884899837,0.495908209500139,-0.0362342629671527));
#6966=VECTOR('',#8377,1.0);
#6967=CARTESIAN_POINT('',(-0.941262029562212,0.425908209500159,-0.139647377578503));
#6968=CARTESIAN_POINT('',(-0.895712884899867,0.425908209500139,-0.0362342629671529));
#6969=VECTOR('',#8378,1.0);
#6970=CARTESIAN_POINT('',(-0.941262029562182,0.495908209500159,-0.139647377578503));
#6971=CARTESIAN_POINT('',(-0.941262029562182,0.495908209500159,-0.139647377578503));
#6972=VECTOR('',#8379,1.0);
#6973=CARTESIAN_POINT('',(-0.895712884899837,0.495908209500139,-0.0362342629671527));
#6974=VECTOR('',#8380,1.0);
#6975=CARTESIAN_POINT('',(-1.03155604627188,0.495908209500197,0.00448361749432163));
#6976=VECTOR('',#8381,1.0);
#6977=CARTESIAN_POINT('',(-0.952666448990453,0.495908209500163,0.15152988991118));
#6978=VECTOR('',#8382,1.0);
#6979=CARTESIAN_POINT('',(-0.986201562341931,0.495908209500177,0.182729759179301));
#6980=VECTOR('',#8383,1.0);
#6981=CARTESIAN_POINT('',(-0.998758313144906,0.495908209500183,0.183593281679437));
#6982=VECTOR('',#8384,1.0);
#6983=CARTESIAN_POINT('',(-1.10358312807276,0.495908209500228,0.124353265862113));
#6984=VECTOR('',#8385,1.0);
#6985=CARTESIAN_POINT('',(-1.12004120514284,0.495908209500235,0.159541862207271));
#6986=VECTOR('',#8386,1.0);
#6987=CARTESIAN_POINT('',(-1.11483075137806,0.495908209500232,0.192686383676383));
#6988=VECTOR('',#8387,1.0);
#6989=CARTESIAN_POINT('',(-1.03332868616207,0.495908209500197,0.2802887057217));
#6990=VECTOR('',#8388,1.0);
#6991=CARTESIAN_POINT('',(-1.00212688213858,0.495908209500184,0.288396390628405));
#6992=VECTOR('',#8389,1.0);
#6993=CARTESIAN_POINT('',(-0.972320023773019,0.495908209500171,0.278749493521768));
#6994=VECTOR('',#8390,1.0);
#6995=CARTESIAN_POINT('',(-0.9294937422081,0.495908209500153,0.228015671194703));
#6996=VECTOR('',#8391,1.0);
#6997=CARTESIAN_POINT('',(-0.22857484888878,0.49590820949985,0.977841070569487));
#6998=VECTOR('',#8392,1.0);
#6999=CARTESIAN_POINT('',(-0.603579470423096,-0.499091790499988,0.527629867496339));
#7000=CARTESIAN_POINT('',(-0.526718897673778,-0.499091790500022,0.855550732255905));
#7001=VECTOR('',#8393,0.999999999999999);
#7002=CARTESIAN_POINT('',(-0.603579470423183,-0.701591790499988,0.527629867496339));
#7003=VECTOR('',#8394,1.0);
#7004=CARTESIAN_POINT('',(-0.532750001966871,-0.499091790500019,0.581604474892027));
#7005=AXIS2_PLACEMENT_3D('',#8395,#8396,#8397);
#7006=CARTESIAN_POINT('',(-0.532750001966958,-0.701591790500019,0.581604474892027));
#7007=VECTOR('',#8398,1.0);
#7008=CARTESIAN_POINT('',(-0.390971820622047,-0.499091790500079,0.576179483412093));
#7009=CARTESIAN_POINT('',(-0.169319839445123,-0.499091790500174,0.567698205841811));
#7010=VECTOR('',#8399,1.0);
#7011=CARTESIAN_POINT('',(-0.390971820622134,-0.70159179050008,0.576179483412093));
#7012=VECTOR('',#8400,1.0);
#7013=AXIS2_PLACEMENT_3D('',#8401,#8402,#8403);
#7014=CARTESIAN_POINT('',(-0.275943485851782,-0.499091790500128,0.433112581061351));
#7015=CARTESIAN_POINT('',(-0.390053638148499,-0.49909179050008,0.64946204514138));
#7016=VECTOR('',#8404,1.0);
#7017=CARTESIAN_POINT('',(-0.275943485851867,-0.701591790500128,0.43311258106135));
#7018=VECTOR('',#8405,1.0);
#7019=CARTESIAN_POINT('',(-1.04697908619856,-0.524091790499797,0.210330119852602));
#7020=CARTESIAN_POINT('',(-1.0509536576681,-0.524091790499795,0.206831441678197));
#7021=AXIS2_PLACEMENT_3D('',#8406,#8407,#8408);
#7022=CARTESIAN_POINT('',(-1.02910619302509,-0.524091790499804,0.222539662674464));
#7023=CARTESIAN_POINT('',(0.434459950362336,-0.524091790500436,1.22234832973701));
#7024=VECTOR('',#8409,1.0);
#7025=CARTESIAN_POINT('',(-1.00248981973489,-0.524091790499816,0.220844743570591));
#7026=AXIS2_PLACEMENT_3D('',#8410,#8411,#8412);
#7027=CARTESIAN_POINT('',(-0.932772060634234,-0.524091790499846,0.158890848650568));
#7028=CARTESIAN_POINT('',(-0.612869977113572,-0.524091790499982,-0.125386505108341));
#7029=VECTOR('',#8413,1.0);
#7030=AXIS2_PLACEMENT_3D('',#8414,#8415,#8416);
#7031=CARTESIAN_POINT('',(-0.937985487607722,-0.524091790499843,0.113474196180374));
#7032=CARTESIAN_POINT('',(-0.213695641388421,-0.524091790500158,1.49954414522436));
#7033=VECTOR('',#8417,1.0);
#7034=CARTESIAN_POINT('',(-0.940992834212354,-0.524091790499842,0.109116004613438));
#7035=AXIS2_PLACEMENT_3D('',#8418,#8419,#8420);
#7036=CARTESIAN_POINT('',(-0.992114551559302,-0.52409179049982,0.0515878769725974));
#7037=CARTESIAN_POINT('',(-0.992114551559302,-0.52409179049982,0.0515878769725974));
#7038=VECTOR('',#8421,1.0);
#7039=CARTESIAN_POINT('',(-1.10207537501504,-0.524091790499773,0.149303314037358));
#7040=CARTESIAN_POINT('',(-1.10207537501504,-0.524091790499773,0.149303314037357));
#7041=VECTOR('',#8422,1.0);
#7042=CARTESIAN_POINT('',(-1.10207537501504,-0.524091790499773,0.149303314037357));
#7043=VECTOR('',#8423,1.0);
#7044=CARTESIAN_POINT('',(-1.10207537501505,-0.549091790499773,0.149303314037358));
#7045=CARTESIAN_POINT('',(-0.992114551559315,-0.54909179049982,0.0515878769725952));
#7046=CARTESIAN_POINT('',(-0.692334000216231,-0.549091790499948,-0.214808705713926));
#7047=VECTOR('',#8424,0.999999999999999);
#7048=CARTESIAN_POINT('',(-0.940992834212366,-0.549091790499842,0.109116004613438));
#7049=CARTESIAN_POINT('',(-0.940992834212366,-0.549091790499842,0.109116004613438));
#7050=VECTOR('',#8425,1.0);
#7051=CARTESIAN_POINT('',(-0.937985487607733,-0.549091790499843,0.113474196180374));
#7052=AXIS2_PLACEMENT_3D('',#8426,#8427,#8428);
#7053=CARTESIAN_POINT('',(-0.927960954959079,-0.549091790499848,0.132658095457766));
#7054=CARTESIAN_POINT('',(-0.927960954959079,-0.549091790499848,0.132658095457766));
#7055=VECTOR('',#8429,1.0);
#7056=AXIS2_PLACEMENT_3D('',#8430,#8431,#8432);
#7057=CARTESIAN_POINT('',(-1.0024898197349,-0.549091790499816,0.220844743570591));
#7058=CARTESIAN_POINT('',(-0.612869977113581,-0.549091790499982,-0.125386505108342));
#7059=VECTOR('',#8433,1.0);
#7060=CARTESIAN_POINT('',(-1.0291061930251,-0.549091790499804,0.222539662674464));
#7061=AXIS2_PLACEMENT_3D('',#8434,#8435,#8436);
#7062=CARTESIAN_POINT('',(-1.04697908619857,-0.549091790499797,0.210330119852602));
#7063=CARTESIAN_POINT('',(0.434459950362324,-0.549091790500436,1.22234832973702));
#7064=VECTOR('',#8437,1.0);
#7065=CARTESIAN_POINT('',(-1.05095365766811,-0.549091790499795,0.206831441678197));
#7066=AXIS2_PLACEMENT_3D('',#8438,#8439,#8440);
#7067=CARTESIAN_POINT('',(0.0900512196950167,-0.549091790500289,1.49082340498191));
#7068=VECTOR('',#8441,1.0);
#7069=CARTESIAN_POINT('',(-0.940992834212343,-0.499091790499842,0.109116004613438));
#7070=CARTESIAN_POINT('',(-0.940992834212365,-0.549091790499842,0.109116004613438));
#7071=VECTOR('',#8442,1.0);
#7072=CARTESIAN_POINT('',(-0.992114551559292,-0.49909179049982,0.0515878769725974));
#7073=CARTESIAN_POINT('',(0.200012043150746,-0.499091790500336,1.39310796791716));
#7074=VECTOR('',#8443,1.0);
#7075=CARTESIAN_POINT('',(-0.992114551559313,-0.54909179049982,0.0515878769725974));
#7076=VECTOR('',#8444,1.0);
#7077=CARTESIAN_POINT('',(-0.937985487607712,-0.499091790499843,0.113474196180374));
#7078=CARTESIAN_POINT('',(-0.937985487607733,-0.549091790499843,0.113474196180374));
#7079=VECTOR('',#8445,1.0);
#7080=AXIS2_PLACEMENT_3D('',#8446,#8447,#8448);
#7081=CARTESIAN_POINT('',(-0.21369564138841,-0.499091790500158,1.49954414522436));
#7082=VECTOR('',#8449,0.999999999999999);
#7083=CARTESIAN_POINT('',(-0.932772060634223,-0.499091790499846,0.158890848650568));
#7084=CARTESIAN_POINT('',(-0.932772060634244,-0.549091790499846,0.158890848650568));
#7085=VECTOR('',#8450,1.0);
#7086=AXIS2_PLACEMENT_3D('',#8451,#8452,#8453);
#7087=CARTESIAN_POINT('',(-1.00248981973488,-0.499091790499816,0.220844743570591));
#7088=CARTESIAN_POINT('',(-1.0024898197349,-0.549091790499816,0.220844743570591));
#7089=VECTOR('',#8454,1.0);
#7090=CARTESIAN_POINT('',(-0.612869977113562,-0.499091790499982,-0.125386505108341));
#7091=VECTOR('',#8455,1.0);
#7092=CARTESIAN_POINT('',(-1.02910619302508,-0.499091790499804,0.222539662674464));
#7093=CARTESIAN_POINT('',(-1.0291061930251,-0.549091790499804,0.222539662674464));
#7094=VECTOR('',#8456,1.0);
#7095=AXIS2_PLACEMENT_3D('',#8457,#8458,#8459);
#7096=CARTESIAN_POINT('',(-1.04697908619855,-0.499091790499797,0.210330119852602));
#7097=CARTESIAN_POINT('',(-1.04697908619857,-0.549091790499797,0.210330119852601));
#7098=VECTOR('',#8460,1.0);
#7099=CARTESIAN_POINT('',(0.434459950362347,-0.499091790500436,1.22234832973701));
#7100=VECTOR('',#8461,1.0);
#7101=CARTESIAN_POINT('',(-1.05095365766809,-0.499091790499795,0.206831441678197));
#7102=CARTESIAN_POINT('',(-1.05095365766811,-0.549091790499795,0.206831441678197));
#7103=VECTOR('',#8462,1.0);
#7104=AXIS2_PLACEMENT_3D('',#8463,#8464,#8465);
#7105=CARTESIAN_POINT('',(-1.10207537501503,-0.499091790499773,0.149303314037358));
#7106=CARTESIAN_POINT('',(-1.10207537501505,-0.549091790499773,0.149303314037358));
#7107=VECTOR('',#8466,1.0);
#7108=CARTESIAN_POINT('',(0.090051219695038,-0.499091790500289,1.49082340498191));
#7109=VECTOR('',#8467,1.0);
#7110=CARTESIAN_POINT('',(-0.969689485691374,-0.519091790499829,0.0316600968448656));
#7111=CARTESIAN_POINT('',(-0.969689485691367,-0.499091790499829,0.0316600968448656));
#7112=CARTESIAN_POINT('',(-0.969689485691388,-0.549091790499829,0.0316600968448656));
#7113=VECTOR('',#8468,1.0);
#7114=AXIS2_PLACEMENT_3D('',#8469,#8470,#8471);
#7115=CARTESIAN_POINT('',(-1.117025418927,-0.541452470274764,0.162588500789179));
#7116=AXIS2_PLACEMENT_3D('',#8472,#8473,#8474);
#7117=CARTESIAN_POINT('',(-1.11702541892698,-0.499091790499767,0.162588500789179));
#7118=CARTESIAN_POINT('',(-1.117025418927,-0.549091790499767,0.162588500789179));
#7119=VECTOR('',#8475,1.0);
#7120=CARTESIAN_POINT('',(-0.69233400021621,-0.499091790499948,-0.214808705713926));
#7121=VECTOR('',#8476,0.999999999999999);
#7122=CARTESIAN_POINT('',(-0.692334000216173,-0.499091790499948,-0.214808705713944));
#7123=VECTOR('',#8477,1.0);
#7124=CARTESIAN_POINT('',(-1.11785784750706,-0.519091790499766,0.176706116121065));
#7125=AXIS2_PLACEMENT_3D('',#8478,#8479,#8480);
#7126=CARTESIAN_POINT('',(-1.11785784750705,-0.499091790499766,0.176706116121065));
#7127=CARTESIAN_POINT('',(-1.11785784750707,-0.549091790499766,0.176706116121065));
#7128=VECTOR('',#8481,1.0);
#7129=CARTESIAN_POINT('',(-1.16807506094038,-0.499091790499747,1.02836753100956));
#7130=VECTOR('',#8482,0.999999999999999);
#7131=CARTESIAN_POINT('',(-1.07337872353602,-0.519091790499785,0.226759221805929));
#7132=CARTESIAN_POINT('',(0.0676261538271046,-0.519091790500279,1.51075118510964));
#7133=VECTOR('',#8483,1.0);
#7134=CARTESIAN_POINT('',(-1.07337872353601,-0.499091790499786,0.226759221805929));
#7135=CARTESIAN_POINT('',(-1.07337872353603,-0.549091790499786,0.226759221805929));
#7136=VECTOR('',#8484,1.0);
#7137=CARTESIAN_POINT('',(0.0676261538271134,-0.499091790500279,1.51075118510964));
#7138=VECTOR('',#8485,1.0);
#7139=CARTESIAN_POINT('',(-1.06390139905672,-0.519091790499789,0.235101783654824));
#7140=AXIS2_PLACEMENT_3D('',#8486,#8487,#8488);
#7141=CARTESIAN_POINT('',(-1.06390139905671,-0.49909179049979,0.235101783654824));
#7142=CARTESIAN_POINT('',(-1.06390139905674,-0.54909179049979,0.235101783654824));
#7143=VECTOR('',#8489,1.0);
#7144=AXIS2_PLACEMENT_3D('',#8490,#8491,#8492);
#7145=CARTESIAN_POINT('',(-1.04602850588326,-0.519091790499797,0.247311326476686));
#7146=CARTESIAN_POINT('',(0.417537637504171,-0.519091790500428,1.24711999353924));
#7147=VECTOR('',#8493,1.0);
#7148=CARTESIAN_POINT('',(-1.04602850588325,-0.499091790499797,0.247311326476687));
#7149=CARTESIAN_POINT('',(-1.04602850588327,-0.549091790499797,0.247311326476686));
#7150=VECTOR('',#8494,1.0);
#7151=CARTESIAN_POINT('',(0.417537637504179,-0.499091790500428,1.24711999353924));
#7152=VECTOR('',#8495,1.0);
#7153=CARTESIAN_POINT('',(-0.982562039607156,-0.519091790499824,0.243269809438516));
#7154=AXIS2_PLACEMENT_3D('',#8496,#8497,#8498);
#7155=CARTESIAN_POINT('',(-0.982562039607147,-0.499091790499825,0.243269809438516));
#7156=CARTESIAN_POINT('',(-0.982562039607169,-0.549091790499824,0.243269809438516));
#7157=VECTOR('',#8499,1.0);
#7158=AXIS2_PLACEMENT_3D('',#8500,#8501,#8502);
#7159=CARTESIAN_POINT('',(-0.592942196985836,-0.519091790499991,-0.102961439240417));
#7160=VECTOR('',#8503,1.0);
#7161=CARTESIAN_POINT('',(-0.912844280506491,-0.499091790499854,0.181315914518493));
#7162=CARTESIAN_POINT('',(-0.912844280506512,-0.549091790499854,0.181315914518493));
#7163=VECTOR('',#8504,1.0);
#7164=CARTESIAN_POINT('',(-0.592942196985829,-0.499091790499991,-0.102961439240417));
#7165=VECTOR('',#8505,1.0);
#7166=AXIS2_PLACEMENT_3D('',#8506,#8507,#8508);
#7167=CARTESIAN_POINT('',(-0.911396781531822,-0.519091790499855,0.0995802871116684));
#7168=CARTESIAN_POINT('',(-0.911396781531822,-0.519091790499855,0.0995802871116682));
#7169=VECTOR('',#8509,1.0);
#7170=CARTESIAN_POINT('',(-0.911396781531813,-0.499091790499855,0.0995802871116684));
#7171=CARTESIAN_POINT('',(-0.911396781531835,-0.549091790499855,0.0995802871116684));
#7172=VECTOR('',#8510,1.0);
#7173=CARTESIAN_POINT('',(-0.18710693531251,-0.49909179050017,1.48565023615566));
#7174=VECTOR('',#8511,1.0);
#7175=CARTESIAN_POINT('',(-0.918567768344428,-0.519091790499851,0.089188224485706));
#7176=AXIS2_PLACEMENT_3D('',#8512,#8513,#8514);
#7177=CARTESIAN_POINT('',(-0.918567768344419,-0.499091790499852,0.0891882244857062));
#7178=CARTESIAN_POINT('',(-0.91856776834444,-0.549091790499851,0.0891882244857058));
#7179=VECTOR('',#8515,1.0);
#7180=AXIS2_PLACEMENT_3D('',#8516,#8517,#8518);
#7181=CARTESIAN_POINT('',(-0.969689485691374,-0.519091790499829,0.0316600968448656));
#7182=VECTOR('',#8519,1.0);
#7183=CARTESIAN_POINT('',(0.222437109018671,-0.499091790500345,1.37318018778943));
#7184=VECTOR('',#8520,1.0);
#7185=CARTESIAN_POINT('',(-0.0412496109505902,-0.49909179050023,0.590278089917427));
#7186=VECTOR('',#8521,0.999999999999999);
#7187=CARTESIAN_POINT('',(-0.626520220950894,-0.499091790499977,0.114098748152168));
#7188=CARTESIAN_POINT('',(-0.810613988482846,-0.499091790499898,0.0638749301009975));
#7189=VECTOR('',#8522,1.0);
#7190=CARTESIAN_POINT('',(-0.229999610506942,-0.499091790500148,0.379633430463684));
#7191=CARTESIAN_POINT('',(-0.229999610506942,-0.499091790500148,0.379633430463684));
#7192=VECTOR('',#8523,1.0);
#7193=CARTESIAN_POINT('',(-0.20664865805621,-0.499091790500158,0.414658235865928));
#7194=AXIS2_PLACEMENT_3D('',#8524,#8525,#8526);
#7195=CARTESIAN_POINT('',(-0.188044057696867,-0.499091790500166,0.508693330422419));
#7196=CARTESIAN_POINT('',(-0.188044057696867,-0.499091790500166,0.508693330422419));
#7197=VECTOR('',#8527,0.999999999999999);
#7198=CARTESIAN_POINT('',(-0.196298718281456,-0.499091790500163,0.549971224657162));
#7199=AXIS2_PLACEMENT_3D('',#8528,#8529,#8530);
#7200=CARTESIAN_POINT('',(-0.239264645062629,-0.499091790500145,0.614131865998825));
#7201=CARTESIAN_POINT('',(-0.239264645062629,-0.499091790500145,0.614131865998825));
#7202=VECTOR('',#8531,0.999999999999999);
#7203=CARTESIAN_POINT('',(-0.197747670374801,-0.499091790500163,0.823975268440352));
#7204=AXIS2_PLACEMENT_3D('',#8532,#8533,#8534);
#7205=AXIS2_PLACEMENT_3D('',#8535,#8536,#8537);
#7206=CARTESIAN_POINT('',(-0.120221217342131,-0.499091790500196,0.708205696592089));
#7207=AXIS2_PLACEMENT_3D('',#8538,#8539,#8540);
#7208=CARTESIAN_POINT('',(-0.0849332586454743,-0.499091790500211,0.655510497599952));
#7209=CARTESIAN_POINT('',(-0.120221217342131,-0.499091790500196,0.708205696592089));
#7210=VECTOR('',#8541,1.0);
#7211=CARTESIAN_POINT('',(-0.0467644236079146,-0.499091790500227,0.651466450420485));
#7212=AXIS2_PLACEMENT_3D('',#8542,#8543,#8544);
#7213=AXIS2_PLACEMENT_3D('',#8545,#8546,#8547);
#7214=CARTESIAN_POINT('',(-0.228574848889206,-0.49909179050015,0.977841070569484));
#7215=AXIS2_PLACEMENT_3D('',#8548,#8549,#8550);
#7216=AXIS2_PLACEMENT_3D('',#8551,#8552,#8553);
#7217=CARTESIAN_POINT('',(-0.929493742208527,-0.499091790499847,0.2280156711947));
#7218=AXIS2_PLACEMENT_3D('',#8554,#8555,#8556);
#7219=CARTESIAN_POINT('',(-0.929493742208523,-0.499091790499847,0.228015671194701));
#7220=VECTOR('',#8557,1.0);
#7221=CARTESIAN_POINT('',(-0.972320023773445,-0.499091790499829,0.278749493521765));
#7222=AXIS2_PLACEMENT_3D('',#8558,#8559,#8560);
#7223=CARTESIAN_POINT('',(-1.002126882139,-0.499091790499816,0.288396390628402));
#7224=CARTESIAN_POINT('',(-1.002126882139,-0.499091790499816,0.288396390628402));
#7225=VECTOR('',#8561,1.0);
#7226=CARTESIAN_POINT('',(-1.0333286861625,-0.499091790499803,0.280288705721696));
#7227=AXIS2_PLACEMENT_3D('',#8562,#8563,#8564);
#7228=CARTESIAN_POINT('',(-1.11483075137849,-0.499091790499768,0.19268638367638));
#7229=CARTESIAN_POINT('',(-1.0333286861625,-0.499091790499803,0.280288705721696));
#7230=VECTOR('',#8565,0.999999999999999);
#7231=CARTESIAN_POINT('',(-1.12004120514326,-0.499091790499765,0.159541862207267));
#7232=AXIS2_PLACEMENT_3D('',#8566,#8567,#8568);
#7233=CARTESIAN_POINT('',(-1.10358312807318,-0.499091790499772,0.124353265862109));
#7234=CARTESIAN_POINT('',(-1.12004120514326,-0.499091790499765,0.159541862207267));
#7235=VECTOR('',#8569,1.0);
#7236=AXIS2_PLACEMENT_3D('',#8570,#8571,#8572);
#7237=CARTESIAN_POINT('',(-0.998758313145332,-0.499091790499817,0.183593281679433));
#7238=CARTESIAN_POINT('',(-1.08877972880923,-0.499091790499779,0.120404974362617));
#7239=VECTOR('',#8573,0.999999999999999);
#7240=CARTESIAN_POINT('',(-0.986201562342357,-0.499091790499823,0.182729759179298));
#7241=AXIS2_PLACEMENT_3D('',#8574,#8575,#8576);
#7242=CARTESIAN_POINT('',(-0.952666448990879,-0.499091790499837,0.151529889911177));
#7243=CARTESIAN_POINT('',(-0.952666448990879,-0.499091790499837,0.151529889911177));
#7244=VECTOR('',#8577,1.0);
#7245=AXIS2_PLACEMENT_3D('',#8578,#8579,#8580);
#7246=CARTESIAN_POINT('',(-1.03155604627231,-0.499091790499803,0.0044836174943183));
#7247=CARTESIAN_POINT('',(-0.950900406161942,-0.499091790499838,0.139067997817172));
#7248=VECTOR('',#8581,0.999999999999999);
#7249=CARTESIAN_POINT('',(-1.03155604627231,-0.499091790499803,0.0044836174943183));
#7250=VECTOR('',#8582,1.0);
#7251=CARTESIAN_POINT('',(-0.69085834229257,-0.429091790499949,0.155259975952157));
#7252=CARTESIAN_POINT('',(-0.04124961095056,-0.42909179050023,0.590278089917428));
#7253=VECTOR('',#8583,0.999999999999999);
#7254=CARTESIAN_POINT('',(-1.03155604627228,-0.429091790499803,0.00448361749431853));
#7255=CARTESIAN_POINT('',(-1.03155604627228,-0.429091790499803,0.00448361749431853));
#7256=VECTOR('',#8584,1.0);
#7257=CARTESIAN_POINT('',(-0.950900406161912,-0.429091790499838,0.139067997817172));
#7258=VECTOR('',#8585,0.999999999999999);
#7259=CARTESIAN_POINT('',(-0.952666448990849,-0.429091790499837,0.151529889911178));
#7260=AXIS2_PLACEMENT_3D('',#8586,#8587,#8588);
#7261=CARTESIAN_POINT('',(-0.986201562342327,-0.429091790499823,0.182729759179298));
#7262=CARTESIAN_POINT('',(-0.952666448990849,-0.429091790499837,0.151529889911178));
#7263=VECTOR('',#8589,1.0);
#7264=CARTESIAN_POINT('',(-0.998758313145302,-0.429091790499817,0.183593281679433));
#7265=AXIS2_PLACEMENT_3D('',#8590,#8591,#8592);
#7266=CARTESIAN_POINT('',(-1.0887797288092,-0.429091790499779,0.120404974362618));
#7267=VECTOR('',#8593,0.999999999999999);
#7268=CARTESIAN_POINT('',(-1.10358312807315,-0.429091790499772,0.12435326586211));
#7269=AXIS2_PLACEMENT_3D('',#8594,#8595,#8596);
#7270=CARTESIAN_POINT('',(-1.12004120514323,-0.429091790499765,0.159541862207267));
#7271=CARTESIAN_POINT('',(-1.12004120514324,-0.429091790499765,0.159541862207267));
#7272=VECTOR('',#8597,1.0);
#7273=CARTESIAN_POINT('',(-1.11483075137846,-0.429091790499768,0.19268638367638));
#7274=AXIS2_PLACEMENT_3D('',#8598,#8599,#8600);
#7275=CARTESIAN_POINT('',(-1.03332868616246,-0.429091790499803,0.280288705721697));
#7276=CARTESIAN_POINT('',(-1.03332868616246,-0.429091790499803,0.280288705721696));
#7277=VECTOR('',#8601,0.999999999999999);
#7278=CARTESIAN_POINT('',(-1.00212688213897,-0.429091790499816,0.288396390628402));
#7279=AXIS2_PLACEMENT_3D('',#8602,#8603,#8604);
#7280=CARTESIAN_POINT('',(-0.972320023773415,-0.429091790499829,0.278749493521765));
#7281=CARTESIAN_POINT('',(-1.00212688213897,-0.429091790499816,0.288396390628402));
#7282=VECTOR('',#8605,1.0);
#7283=AXIS2_PLACEMENT_3D('',#8606,#8607,#8608);
#7284=CARTESIAN_POINT('',(-0.929493742208496,-0.429091790499847,0.2280156711947));
#7285=CARTESIAN_POINT('',(-0.929493742208493,-0.429091790499847,0.228015671194702));
#7286=VECTOR('',#8609,1.0);
#7287=AXIS2_PLACEMENT_3D('',#8610,#8611,#8612);
#7288=CARTESIAN_POINT('',(-0.228574848889176,-0.42909179050015,0.977841070569484));
#7289=AXIS2_PLACEMENT_3D('',#8613,#8614,#8615);
#7290=AXIS2_PLACEMENT_3D('',#8616,#8617,#8618);
#7291=CARTESIAN_POINT('',(-0.0467644236078844,-0.429091790500227,0.651466450420485));
#7292=AXIS2_PLACEMENT_3D('',#8619,#8620,#8621);
#7293=CARTESIAN_POINT('',(-0.0849332586454459,-0.429091790500211,0.655510497599952));
#7294=AXIS2_PLACEMENT_3D('',#8622,#8623,#8624);
#7295=CARTESIAN_POINT('',(-0.120221217342101,-0.429091790500196,0.708205696592089));
#7296=CARTESIAN_POINT('',(-0.120221217342101,-0.429091790500196,0.708205696592089));
#7297=VECTOR('',#8625,1.0);
#7298=AXIS2_PLACEMENT_3D('',#8626,#8627,#8628);
#7299=CARTESIAN_POINT('',(-0.19774767037477,-0.429091790500163,0.823975268440353));
#7300=AXIS2_PLACEMENT_3D('',#8629,#8630,#8631);
#7301=CARTESIAN_POINT('',(-0.239264645062599,-0.429091790500145,0.614131865998826));
#7302=AXIS2_PLACEMENT_3D('',#8632,#8633,#8634);
#7303=CARTESIAN_POINT('',(-0.196298718281426,-0.429091790500163,0.549971224657163));
#7304=CARTESIAN_POINT('',(-0.239264645062599,-0.429091790500145,0.614131865998826));
#7305=VECTOR('',#8635,0.999999999999999);
#7306=CARTESIAN_POINT('',(-0.188044057696837,-0.429091790500166,0.50869333042242));
#7307=AXIS2_PLACEMENT_3D('',#8636,#8637,#8638);
#7308=CARTESIAN_POINT('',(-0.20664865805618,-0.429091790500158,0.414658235865928));
#7309=CARTESIAN_POINT('',(-0.188044057696837,-0.429091790500166,0.50869333042242));
#7310=VECTOR('',#8639,0.999999999999999);
#7311=CARTESIAN_POINT('',(-0.229999610506912,-0.429091790500148,0.379633430463684));
#7312=AXIS2_PLACEMENT_3D('',#8640,#8641,#8642);
#7313=CARTESIAN_POINT('',(-0.626520220950864,-0.429091790499977,0.114098748152168));
#7314=CARTESIAN_POINT('',(-0.229999610506912,-0.429091790500148,0.379633430463684));
#7315=VECTOR('',#8643,1.0);
#7316=CARTESIAN_POINT('',(-0.810613988482816,-0.429091790499898,0.0638749301009977));
#7317=VECTOR('',#8644,1.0);
#7318=CARTESIAN_POINT('',(-0.263411334574457,-0.429091790500134,0.441504883303523));
#7319=CARTESIAN_POINT('',(-0.383741971224987,-0.429091790500083,0.621193566847326));
#7320=VECTOR('',#8645,1.0);
#7321=CARTESIAN_POINT('',(-0.275943485851752,-0.429091790500128,0.433112581061351));
#7322=CARTESIAN_POINT('',(-0.04124961095056,-0.42909179050023,0.590278089917428));
#7323=VECTOR('',#8646,0.999999999999999);
#7324=CARTESIAN_POINT('',(-0.390053638148469,-0.42909179050008,0.64946204514138));
#7325=VECTOR('',#8647,1.0);
#7326=CARTESIAN_POINT('',(-0.390971820622017,-0.429091790500079,0.576179483412094));
#7327=AXIS2_PLACEMENT_3D('',#8648,#8649,#8650);
#7328=CARTESIAN_POINT('',(-0.532750001966841,-0.429091790500019,0.581604474892027));
#7329=CARTESIAN_POINT('',(-0.169319839445093,-0.429091790500175,0.567698205841812));
#7330=VECTOR('',#8651,1.0);
#7331=CARTESIAN_POINT('',(-0.603579470423066,-0.429091790499988,0.52762986749634));
#7332=AXIS2_PLACEMENT_3D('',#8652,#8653,#8654);
#7333=CARTESIAN_POINT('',(-0.526718897673748,-0.429091790500022,0.855550732255906));
#7334=VECTOR('',#8655,0.999999999999999);
#7335=CARTESIAN_POINT('',(-0.0467644236079146,-0.499091790500227,0.651466450420485));
#7336=VECTOR('',#8656,1.0);
#7337=CARTESIAN_POINT('',(-0.0849332586454743,-0.499091790500211,0.655510497599952));
#7338=VECTOR('',#8657,1.0);
#7339=CARTESIAN_POINT('',(-0.120221217342131,-0.499091790500196,0.708205696592089));
#7340=VECTOR('',#8658,1.0);
#7341=CARTESIAN_POINT('',(-0.197747670374801,-0.499091790500163,0.823975268440352));
#7342=VECTOR('',#8659,1.0);
#7343=CARTESIAN_POINT('',(-0.239264645062629,-0.499091790500145,0.614131865998825));
#7344=VECTOR('',#8660,1.0);
#7345=CARTESIAN_POINT('',(-0.196298718281456,-0.499091790500163,0.549971224657162));
#7346=VECTOR('',#8661,1.0);
#7347=CARTESIAN_POINT('',(-0.188044057696867,-0.499091790500166,0.508693330422419));
#7348=VECTOR('',#8662,1.0);
#7349=CARTESIAN_POINT('',(-0.20664865805621,-0.499091790500158,0.414658235865928));
#7350=VECTOR('',#8663,1.0);
#7351=CARTESIAN_POINT('',(-0.229999610506942,-0.499091790500148,0.379633430463684));
#7352=VECTOR('',#8664,1.0);
#7353=CARTESIAN_POINT('',(-0.626520220950894,-0.499091790499977,0.114098748152168));
#7354=VECTOR('',#8665,1.0);
#7355=CARTESIAN_POINT('',(-0.895712884900263,-0.499091790499861,-0.036234262967156));
#7356=CARTESIAN_POINT('',(-0.810613988482846,-0.499091790499898,0.0638749301009975));
#7357=VECTOR('',#8666,0.999999999999999);
#7358=CARTESIAN_POINT('',(-0.895712884900233,-0.429091790499861,-0.0362342629671558));
#7359=CARTESIAN_POINT('',(-0.895712884900263,-0.499091790499861,-0.036234262967156));
#7360=VECTOR('',#8667,1.0);
#7361=CARTESIAN_POINT('',(-0.810613988482816,-0.429091790499898,0.0638749301009977));
#7362=VECTOR('',#8668,0.999999999999999);
#7363=CARTESIAN_POINT('',(-0.94126202956258,-0.429091790499841,-0.139647377578506));
#7364=CARTESIAN_POINT('',(-0.895712884900233,-0.429091790499861,-0.0362342629671558));
#7365=VECTOR('',#8669,1.0);
#7366=CARTESIAN_POINT('',(-0.94126202956261,-0.499091790499841,-0.139647377578506));
#7367=CARTESIAN_POINT('',(-0.895712884900263,-0.499091790499861,-0.036234262967156));
#7368=VECTOR('',#8670,1.0);
#7369=CARTESIAN_POINT('',(-0.94126202956261,-0.499091790499841,-0.139647377578506));
#7370=VECTOR('',#8671,1.0);
#7371=CARTESIAN_POINT('',(-1.03155604627231,-0.499091790499803,0.0044836174943183));
#7372=VECTOR('',#8672,1.0);
#7373=CARTESIAN_POINT('',(-0.952666448990879,-0.499091790499837,0.151529889911177));
#7374=VECTOR('',#8673,1.0);
#7375=CARTESIAN_POINT('',(-0.986201562342357,-0.499091790499823,0.182729759179298));
#7376=VECTOR('',#8674,1.0);
#7377=CARTESIAN_POINT('',(-0.998758313145332,-0.499091790499817,0.183593281679433));
#7378=VECTOR('',#8675,1.0);
#7379=CARTESIAN_POINT('',(-1.10358312807318,-0.499091790499772,0.124353265862109));
#7380=VECTOR('',#8676,1.0);
#7381=CARTESIAN_POINT('',(-1.12004120514326,-0.499091790499765,0.159541862207267));
#7382=VECTOR('',#8677,1.0);
#7383=CARTESIAN_POINT('',(-1.11483075137849,-0.499091790499768,0.19268638367638));
#7384=VECTOR('',#8678,1.0);
#7385=CARTESIAN_POINT('',(-1.0333286861625,-0.499091790499803,0.280288705721696));
#7386=VECTOR('',#8679,1.0);
#7387=CARTESIAN_POINT('',(-1.002126882139,-0.499091790499816,0.288396390628402));
#7388=VECTOR('',#8680,1.0);
#7389=CARTESIAN_POINT('',(-0.972320023773445,-0.499091790499829,0.278749493521765));
#7390=VECTOR('',#8681,1.0);
#7391=CARTESIAN_POINT('',(-0.929493742208527,-0.499091790499847,0.2280156711947));
#7392=VECTOR('',#8682,1.0);
#7393=CARTESIAN_POINT('',(-0.228574848889206,-0.49909179050015,0.977841070569484));
#7394=VECTOR('',#8683,1.0);
#7395=AXIS2_PLACEMENT_3D('',#8684,#8685,#8686);
#7396=AXIS2_PLACEMENT_3D('',#8687,#8688,#8689);
#7397=AXIS2_PLACEMENT_3D('',#8690,#8691,#8692);
#7398=AXIS2_PLACEMENT_3D('',#8693,#8694,#8695);
#7399=AXIS2_PLACEMENT_3D('',#8696,#8697,#8698);
#7400=AXIS2_PLACEMENT_3D('',#8699,#8700,#8701);
#7401=AXIS2_PLACEMENT_3D('',#8702,#8703,#8704);
#7402=CARTESIAN_POINT('',(-1.03155604627231,-0.499091790499803,0.0044836174943183));
#7403=VECTOR('',#8705,1.0);
#7404=CARTESIAN_POINT('',(-1.03155604627228,-0.429091790499803,0.00448361749431853));
#7405=VECTOR('',#8706,1.0);
#7406=CARTESIAN_POINT('',(-1.03155604627188,0.495908209500197,0.00448361749432163));
#7407=VECTOR('',#8707,1.0);
#7408=CARTESIAN_POINT('',(-1.03155604627191,0.425908209500197,0.00448361749432141));
#7409=VECTOR('',#8708,1.0);
#7410=CARTESIAN_POINT('',(-0.275943485851867,-0.701591790500128,0.43311258106135));
#7411=VECTOR('',#8709,1.0);
#7412=CARTESIAN_POINT('',(-0.263411334574574,-0.701591790500134,0.441504883303522));
#7413=VECTOR('',#8710,1.0);
#7414=CARTESIAN_POINT('',(-0.690858342292685,-0.701591790499949,0.155259975952156));
#7415=VECTOR('',#8711,1.0);
#7416=CARTESIAN_POINT('',(-0.603579470423183,-0.701591790499988,0.527629867496339));
#7417=VECTOR('',#8712,1.0);
#7418=CARTESIAN_POINT('',(-0.390971820622134,-0.70159179050008,0.576179483412093));
#7419=VECTOR('',#8713,1.0);
#7420=CARTESIAN_POINT('',(-0.532750001966958,-0.701591790500019,0.581604474892027));
#7421=VECTOR('',#8714,1.0);
#7422=CARTESIAN_POINT('',(0.818340828633078,0.358408209499405,-0.746319006414171));
#7423=CARTESIAN_POINT('',(0.811563210705728,0.358408209499408,-0.727502420771954));
#7424=CARTESIAN_POINT('',(0.81495201966941,0.358408209499407,-0.736910713593083));
#7425=VECTOR('',#8715,1.0);
#7426=CARTESIAN_POINT('',(0.865382292738746,0.653408209499385,-0.729374961595797));
#7427=AXIS2_PLACEMENT_3D('',#8716,#8717,#8718);
#7428=CARTESIAN_POINT('',(0.858604674811397,0.653408209499388,-0.710558375953581));
#7429=CARTESIAN_POINT('',(0.865382292738746,0.653408209499385,-0.729374961595797));
#7430=VECTOR('',#8719,1.0);
#7431=AXIS2_PLACEMENT_3D('',#8720,#8721,#8722);
#7432=CARTESIAN_POINT('',(0.818340828632769,-0.361591790500595,-0.746319006414174));
#7433=CARTESIAN_POINT('',(0.811563210705419,-0.361591790500592,-0.727502420771957));
#7434=CARTESIAN_POINT('',(0.814952019669101,-0.361591790500593,-0.736910713593085));
#7435=VECTOR('',#8723,1.0);
#7436=CARTESIAN_POINT('',(0.865382292738436,-0.0665917905006147,-0.7293749615958));
#7437=AXIS2_PLACEMENT_3D('',#8724,#8725,#8726);
#7438=CARTESIAN_POINT('',(0.858604674811088,-0.0665917905006118,-0.710558375953583));
#7439=CARTESIAN_POINT('',(0.865382292738436,-0.0665917905006147,-0.7293749615958));
#7440=VECTOR('',#8727,1.0);
#7441=AXIS2_PLACEMENT_3D('',#8728,#8729,#8730);
#7442=CARTESIAN_POINT('',(0.858604674811144,0.0634082094993881,-0.710558375953583));
#7443=CARTESIAN_POINT('',(0.858604674811144,0.0634082094993881,-0.710558375953583));
#7444=VECTOR('',#8731,1.0);
#7445=CARTESIAN_POINT('',(0.865382292738493,0.0634082094993852,-0.729374961595799));
#7446=CARTESIAN_POINT('',(0.865382292738493,0.0634082094993852,-0.729374961595799));
#7447=VECTOR('',#8732,1.0);
#7448=CARTESIAN_POINT('',(0.865382292738493,0.0634082094993852,-0.729374961595799));
#7449=VECTOR('',#8733,1.0);
#7450=CARTESIAN_POINT('',(0.858604674810835,-0.656591790500612,-0.710558375953586));
#7451=AXIS2_PLACEMENT_3D('',#8734,#8735,#8736);
#7452=CARTESIAN_POINT('',(0.865382292738184,-0.656591790500615,-0.729374961595802));
#7453=CARTESIAN_POINT('',(0.865382292738184,-0.656591790500615,-0.729374961595802));
#7454=VECTOR('',#8737,1.0);
#7455=AXIS2_PLACEMENT_3D('',#8738,#8739,#8740);
#7456=AXIS2_PLACEMENT_3D('',#8741,#8742,#8743);
#7457=AXIS2_PLACEMENT_3D('',#8744,#8745,#8746);
#7458=CARTESIAN_POINT('',(0.745813435469735,-0.656591790500563,-0.751185083707145));
#7459=CARTESIAN_POINT('',(0.745813435469735,-0.656591790500563,-0.751185083707145));
#7460=VECTOR('',#8747,1.0);
#7461=CARTESIAN_POINT('',(0.752591053397084,-0.656591790500566,-0.770001669349361));
#7462=CARTESIAN_POINT('',(0.752591053397084,-0.656591790500566,-0.770001669349361));
#7463=VECTOR('',#8748,1.0);
#7464=CARTESIAN_POINT('',(0.752591053397084,-0.656591790500566,-0.770001669349361));
#7465=VECTOR('',#8749,1.0);
#7466=CARTESIAN_POINT('',(0.745813435470296,0.653408209499437,-0.75118508370714));
#7467=CARTESIAN_POINT('',(0.745813435470296,0.653408209499437,-0.75118508370714));
#7468=VECTOR('',#8750,1.0);
#7469=CARTESIAN_POINT('',(0.752591053397646,0.653408209499434,-0.770001669349357));
#7470=CARTESIAN_POINT('',(0.752591053397646,0.653408209499434,-0.770001669349357));
#7471=VECTOR('',#8751,1.0);
#7472=CARTESIAN_POINT('',(0.752591053397646,0.653408209499434,-0.770001669349357));
#7473=VECTOR('',#8752,1.0);
#7474=CARTESIAN_POINT('',(0.745813435470296,0.653408209499437,-0.75118508370714));
#7475=VECTOR('',#8753,0.999999999999999);
#7476=CARTESIAN_POINT('',(0.752591053397646,0.653408209499434,-0.770001669349357));
#7477=VECTOR('',#8754,0.999999999999999);
#7478=DIRECTION('',(4.29E-13,1.0,3.26943875618435E-15));
#7479=CARTESIAN_POINT('',(-0.393648337585727,-0.429091790500078,0.50623067172138));
#7480=DIRECTION('',(-4.29E-13,-1.0,-3.26943875618435E-15));
#7481=DIRECTION('',(0.830899922755727,-3.58275254150323E-13,0.556421888825851));
#7482=DIRECTION('',(4.29E-13,1.0,3.26943875618435E-15));
#7483=CARTESIAN_POINT('',(-0.393648337585361,0.425908209499922,0.506230671721383));
#7484=DIRECTION('',(-4.29E-13,-1.0,-3.26943875618435E-15));
#7485=DIRECTION('',(0.830899922755727,-3.58275254150323E-13,0.556421888825851));
#7486=CARTESIAN_POINT('',(-0.92916118669011,-0.519091790499847,0.154750399310003));
#7487=DIRECTION('',(0.556421888825851,-2.35988413896322E-13,-0.830899922755726));
#7488=DIRECTION('',(0.830899922755726,-3.58275254150323E-13,0.556421888825851));
#7489=CARTESIAN_POINT('',(-0.947165653478834,-0.519091790499839,0.142693496735432));
#7490=DIRECTION('',(-4.29E-13,-1.0,-3.26943875618441E-15));
#7491=DIRECTION('',(0.830899922755727,-3.58275254150323E-13,0.556421888825851));
#7492=CARTESIAN_POINT('',(-0.932772060634232,-0.519091790499846,0.158890848650568));
#7493=DIRECTION('',(0.747502195597506,-3.17449039620005E-13,-0.664259337591056));
#7494=DIRECTION('',(0.664259337591056,-2.87336976168321E-13,0.747502195597506));
#7495=CARTESIAN_POINT('',(-0.947165653478846,-0.549091790499839,0.142693496735432));
#7496=DIRECTION('',(-4.29E-13,-1.0,-3.26943875618433E-15));
#7497=DIRECTION('',(0.830899922755727,-3.58275254150323E-13,0.556421888825851));
#7498=DIRECTION('',(4.29E-13,1.0,3.26943875618435E-15));
#7499=CARTESIAN_POINT('',(-0.185751782647472,-0.499091790500168,0.787652022640542));
#7500=DIRECTION('',(-4.29E-13,-1.0,-3.26943875618434E-15));
#7501=DIRECTION('',(0.830899922755727,-3.58275254150323E-13,0.556421888825851));
#7502=DIRECTION('',(4.29E-13,1.0,3.26943875618435E-15));
#7503=CARTESIAN_POINT('',(-0.185751782647442,-0.429091790500168,0.787652022640542));
#7504=DIRECTION('',(-4.29E-13,-1.0,-3.26943875618434E-15));
#7505=DIRECTION('',(0.830899922755727,-3.58275254150323E-13,0.556421888825851));
#7506=DIRECTION('',(4.29E-13,1.0,3.26943875618435E-15));
#7507=CARTESIAN_POINT('',(-0.874410322233373,-0.499091790499871,0.262523885344963));
#7508=DIRECTION('',(4.29E-13,1.0,3.26943875618432E-15));
#7509=DIRECTION('',(0.830899922755727,-3.58275254150323E-13,0.556421888825851));
#7510=DIRECTION('',(4.29E-13,1.0,3.26943875618435E-15));
#7511=CARTESIAN_POINT('',(-0.874410322233343,-0.429091790499871,0.262523885344963));
#7512=DIRECTION('',(4.29E-13,1.0,3.26943875618432E-15));
#7513=DIRECTION('',(0.830899922755727,-3.58275254150323E-13,0.556421888825851));
#7514=DIRECTION('',(4.29E-13,1.0,3.26943875618435E-15));
#7515=CARTESIAN_POINT('',(-0.984636882414526,-0.499091790499824,0.240693022413481));
#7516=DIRECTION('',(-4.29E-13,-1.0,-3.26943875618434E-15));
#7517=DIRECTION('',(0.830899922755727,-3.58275254150323E-13,0.556421888825851));
#7518=DIRECTION('',(4.29E-13,1.0,3.26943875618435E-15));
#7519=CARTESIAN_POINT('',(-0.984636882414497,-0.429091790499824,0.240693022413482));
#7520=DIRECTION('',(-4.29E-13,-1.0,-3.26943875618434E-15));
#7521=DIRECTION('',(0.830899922755727,-3.58275254150323E-13,0.556421888825851));
#7522=DIRECTION('',(-4.29E-13,-1.0,-3.26943875618435E-15));
#7523=CARTESIAN_POINT('',(-1.09452492347067,-0.429091790499776,0.128589883543642));
#7524=DIRECTION('',(-4.29E-13,-1.0,-3.26943875618436E-15));
#7525=DIRECTION('',(-0.830899922755727,3.58275254150323E-13,-0.556421888825851));
#7526=DIRECTION('',(4.29E-13,1.0,3.26943875618435E-15));
#7527=CARTESIAN_POINT('',(-1.0945249234707,-0.499091790499776,0.128589883543642));
#7528=DIRECTION('',(-4.29E-13,-1.0,-3.26943875618436E-15));
#7529=DIRECTION('',(-0.830899922755727,3.58275254150323E-13,-0.556421888825851));
#7530=DIRECTION('',(-4.29E-13,-1.0,-3.26943875618435E-15));
#7531=CARTESIAN_POINT('',(-0.959478005132347,-0.429091790499834,0.144208503230288));
#7532=DIRECTION('',(4.29E-13,1.0,3.26943875618435E-15));
#7533=DIRECTION('',(0.830899922755727,-3.58275254150323E-13,0.556421888825851));
#7534=DIRECTION('',(4.29E-13,1.0,3.26943875618435E-15));
#7535=CARTESIAN_POINT('',(-0.959478005132377,-0.499091790499834,0.144208503230288));
#7536=DIRECTION('',(4.29E-13,1.0,3.26943875618435E-15));
#7537=DIRECTION('',(0.830899922755727,-3.58275254150323E-13,0.556421888825851));
#7538=DIRECTION('',(-4.29E-13,-1.0,-3.26943875618435E-15));
#7539=CARTESIAN_POINT('',(-0.161580247601091,-0.429091790500178,0.769966773461231));
#7540=DIRECTION('',(4.29E-13,1.0,3.26943875618436E-15));
#7541=DIRECTION('',(0.830899922755727,-3.58275254150323E-13,0.556421888825851));
#7542=DIRECTION('',(4.29E-13,1.0,3.26943875618435E-15));
#7543=CARTESIAN_POINT('',(-0.161580247601121,-0.499091790500178,0.76996677346123));
#7544=DIRECTION('',(4.29E-13,1.0,3.26943875618436E-15));
#7545=DIRECTION('',(0.830899922755727,-3.58275254150323E-13,0.556421888825851));
#7546=DIRECTION('',(4.29E-13,1.0,3.26943875618435E-15));
#7547=CARTESIAN_POINT('',(-0.947165653478834,-0.519091790499839,0.142693496735432));
#7548=DIRECTION('',(-4.29E-13,-1.0,-3.26943875618441E-15));
#7549=DIRECTION('',(0.830899922755727,-3.58275254150323E-13,0.556421888825851));
#7550=DIRECTION('',(4.29E-13,1.0,3.26943875618435E-15));
#7551=CARTESIAN_POINT('',(-0.947165653478825,-0.499091790499839,0.142693496735432));
#7552=DIRECTION('',(-4.29E-13,-1.0,-3.26943875618441E-15));
#7553=DIRECTION('',(0.830899922755727,-3.58275254150323E-13,0.556421888825851));
#7554=DIRECTION('',(-4.29E-13,-1.0,-3.26943875618435E-15));
#7555=CARTESIAN_POINT('',(-0.947165653478827,-0.499091790499839,0.142693496735431));
#7556=DIRECTION('',(-4.29E-13,-1.0,-3.26943875618439E-15));
#7557=DIRECTION('',(0.830899922755727,-3.58275254150323E-13,0.556421888825851));
#7558=DIRECTION('',(4.29E-13,1.0,3.26943875618435E-15));
#7559=CARTESIAN_POINT('',(-0.947165653478837,-0.524091790499839,0.142693496735431));
#7560=DIRECTION('',(4.29E-13,1.0,3.26943875618439E-15));
#7561=DIRECTION('',(-0.830899922755727,3.58275254150323E-13,-0.556421888825851));
#7562=DIRECTION('',(4.29E-13,1.0,3.26943875618435E-15));
#7563=CARTESIAN_POINT('',(-0.393648337585844,-0.701591790500078,0.506230671721379));
#7564=DIRECTION('',(-4.29E-13,-1.0,-3.26943875618435E-15));
#7565=DIRECTION('',(0.830899922755727,-3.58275254150323E-13,0.556421888825851));
#7566=DIRECTION('',(4.29E-13,1.0,3.26943875618435E-15));
#7567=CARTESIAN_POINT('',(-0.393648337585757,-0.499091790500078,0.50623067172138));
#7568=DIRECTION('',(-4.29E-13,-1.0,-3.26943875618435E-15));
#7569=DIRECTION('',(0.830899922755727,-3.58275254150323E-13,0.556421888825851));
#7570=DIRECTION('',(4.29E-13,1.0,3.26943875618435E-15));
#7571=CARTESIAN_POINT('',(-0.185751782647074,0.425908209499832,0.787652022640545));
#7572=DIRECTION('',(-4.29E-13,-1.0,-3.26943875618434E-15));
#7573=DIRECTION('',(0.830899922755727,-3.58275254150323E-13,0.556421888825851));
#7574=DIRECTION('',(-4.29E-13,-1.0,-3.26943875618435E-15));
#7575=CARTESIAN_POINT('',(-0.185751782647044,0.495908209499832,0.787652022640545));
#7576=DIRECTION('',(-4.29E-13,-1.0,-3.26943875618434E-15));
#7577=DIRECTION('',(0.830899922755727,-3.58275254150323E-13,0.556421888825851));
#7578=DIRECTION('',(4.29E-13,1.0,3.26943875618435E-15));
#7579=CARTESIAN_POINT('',(-0.874410322232976,0.425908209500129,0.262523885344966));
#7580=DIRECTION('',(4.29E-13,1.0,3.26943875618432E-15));
#7581=DIRECTION('',(0.830899922755727,-3.58275254150323E-13,0.556421888825851));
#7582=DIRECTION('',(-4.29E-13,-1.0,-3.26943875618435E-15));
#7583=CARTESIAN_POINT('',(-0.874410322232945,0.495908209500129,0.262523885344966));
#7584=DIRECTION('',(4.29E-13,1.0,3.26943875618432E-15));
#7585=DIRECTION('',(0.830899922755727,-3.58275254150323E-13,0.556421888825851));
#7586=DIRECTION('',(4.29E-13,1.0,3.26943875618435E-15));
#7587=CARTESIAN_POINT('',(-0.984636882414129,0.425908209500176,0.240693022413484));
#7588=DIRECTION('',(-4.29E-13,-1.0,-3.26943875618434E-15));
#7589=DIRECTION('',(0.830899922755727,-3.58275254150323E-13,0.556421888825851));
#7590=DIRECTION('',(-4.29E-13,-1.0,-3.26943875618435E-15));
#7591=CARTESIAN_POINT('',(-0.984636882414099,0.495908209500176,0.240693022413484));
#7592=DIRECTION('',(-4.29E-13,-1.0,-3.26943875618434E-15));
#7593=DIRECTION('',(0.830899922755727,-3.58275254150323E-13,0.556421888825851));
#7594=DIRECTION('',(-4.29E-13,-1.0,-3.26943875618435E-15));
#7595=CARTESIAN_POINT('',(-1.09452492347027,0.495908209500224,0.128589883543645));
#7596=DIRECTION('',(-4.29E-13,-1.0,-3.26943875618436E-15));
#7597=DIRECTION('',(-0.830899922755727,3.58275254150323E-13,-0.556421888825851));
#7598=DIRECTION('',(-4.29E-13,-1.0,-3.26943875618435E-15));
#7599=CARTESIAN_POINT('',(-1.0945249234703,0.425908209500224,0.128589883543645));
#7600=DIRECTION('',(-4.29E-13,-1.0,-3.26943875618436E-15));
#7601=DIRECTION('',(-0.830899922755727,3.58275254150323E-13,-0.556421888825851));
#7602=DIRECTION('',(-4.29E-13,-1.0,-3.26943875618435E-15));
#7603=CARTESIAN_POINT('',(-0.959478005131951,0.495908209500166,0.144208503230291));
#7604=DIRECTION('',(4.29E-13,1.0,3.26943875618435E-15));
#7605=DIRECTION('',(0.830899922755727,-3.58275254150323E-13,0.556421888825851));
#7606=DIRECTION('',(-4.29E-13,-1.0,-3.26943875618435E-15));
#7607=CARTESIAN_POINT('',(-0.959478005131981,0.425908209500166,0.144208503230291));
#7608=DIRECTION('',(4.29E-13,1.0,3.26943875618435E-15));
#7609=DIRECTION('',(0.830899922755727,-3.58275254150323E-13,0.556421888825851));
#7610=DIRECTION('',(-4.29E-13,-1.0,-3.26943875618435E-15));
#7611=CARTESIAN_POINT('',(-0.161580247600694,0.495908209499822,0.769966773461234));
#7612=DIRECTION('',(4.29E-13,1.0,3.26943875618436E-15));
#7613=DIRECTION('',(0.830899922755727,-3.58275254150323E-13,0.556421888825851));
#7614=DIRECTION('',(-4.29E-13,-1.0,-3.26943875618435E-15));
#7615=CARTESIAN_POINT('',(-0.161580247600725,0.425908209499821,0.769966773461233));
#7616=DIRECTION('',(4.29E-13,1.0,3.26943875618436E-15));
#7617=DIRECTION('',(0.830899922755727,-3.58275254150323E-13,0.556421888825851));
#7618=DIRECTION('',(4.29E-13,1.0,3.26943875618435E-15));
#7619=CARTESIAN_POINT('',(-0.9471656534784,0.495908209500161,0.142693496735435));
#7620=DIRECTION('',(-4.29E-13,-1.0,-3.26943875618439E-15));
#7621=DIRECTION('',(0.830899922755727,-3.58275254150323E-13,0.556421888825851));
#7622=DIRECTION('',(-4.29E-13,-1.0,-3.26943875618435E-15));
#7623=CARTESIAN_POINT('',(-0.94716565347839,0.520908209500161,0.142693496735435));
#7624=DIRECTION('',(4.29E-13,1.0,3.26943875618439E-15));
#7625=DIRECTION('',(-0.830899922755727,3.58275254150323E-13,-0.556421888825851));
#7626=DIRECTION('',(-4.29E-13,-1.0,-3.26943875618435E-15));
#7627=CARTESIAN_POINT('',(-0.94716565347839,0.51590820950016,0.142693496735436));
#7628=DIRECTION('',(-4.29E-13,-1.0,-3.26943875618441E-15));
#7629=DIRECTION('',(0.830899922755727,-3.58275254150323E-13,0.556421888825851));
#7630=DIRECTION('',(-4.29E-13,-1.0,-3.26943875618435E-15));
#7631=CARTESIAN_POINT('',(-0.947165653478399,0.495908209500161,0.142693496735436));
#7632=DIRECTION('',(-4.29E-13,-1.0,-3.26943875618441E-15));
#7633=DIRECTION('',(0.830899922755727,-3.58275254150323E-13,0.556421888825851));
#7634=CARTESIAN_POINT('',(-0.929161186689666,0.515908209500153,0.154750399310006));
#7635=DIRECTION('',(-0.556421888825851,2.35988413896322E-13,0.830899922755726));
#7636=DIRECTION('',(0.830899922755726,-3.58275254150323E-13,0.556421888825851));
#7637=CARTESIAN_POINT('',(-0.94716565347839,0.51590820950016,0.142693496735436));
#7638=DIRECTION('',(-4.29E-13,-1.0,-3.26943875618441E-15));
#7639=DIRECTION('',(0.830899922755727,-3.58275254150323E-13,0.556421888825851));
#7640=CARTESIAN_POINT('',(-0.927960954958623,0.515908209500152,0.13265809545777));
#7641=DIRECTION('',(0.463130302290194,-2.04688471042496E-13,0.886290202529958));
#7642=DIRECTION('',(0.886290202529958,-3.78963329265908E-13,-0.463130302290194));
#7643=CARTESIAN_POINT('',(-0.947165653478377,0.545908209500161,0.142693496735436));
#7644=DIRECTION('',(-4.29E-13,-1.0,-3.26943875618433E-15));
#7645=DIRECTION('',(0.830899922755727,-3.58275254150323E-13,0.556421888825851));
#7646=DIRECTION('',(-4.29E-13,-1.0,-3.26943875618435E-15));
#7647=CARTESIAN_POINT('',(-0.525285339952871,-0.701591790500019,-0.335619305811145));
#7648=DIRECTION('',(-4.29E-13,-1.0,-3.26943875618435E-15));
#7649=DIRECTION('',(0.830899922755727,-3.58275254150323E-13,0.556421888825851));
#7650=DIRECTION('',(4.29E-13,1.0,3.26943875618435E-15));
#7651=CARTESIAN_POINT('',(-0.52528533995288,-0.721591790500019,-0.335619305811145));
#7652=DIRECTION('',(-4.29E-13,-1.0,-3.26943875618435E-15));
#7653=DIRECTION('',(0.830899922755727,-3.58275254150323E-13,0.556421888825851));
#7654=DIRECTION('',(4.29E-13,1.0,3.26943875618435E-15));
#7655=CARTESIAN_POINT('',(0.73036006531084,-0.741591790500559,0.057811955128443));
#7656=DIRECTION('',(4.29E-13,1.0,3.26943875618436E-15));
#7657=DIRECTION('',(0.830899922755727,-3.58275254150323E-13,0.556421888825851));
#7658=DIRECTION('',(4.29E-13,1.0,3.26943875618435E-15));
#7659=CARTESIAN_POINT('',(0.730360065310857,-0.701591790500559,0.0578119551284432));
#7660=DIRECTION('',(-4.29E-13,-1.0,-3.26943875618436E-15));
#7661=DIRECTION('',(0.830899922755727,-3.58275254150323E-13,0.556421888825851));
#7662=DIRECTION('',(4.29E-13,1.0,3.26943875618435E-15));
#7663=CARTESIAN_POINT('',(-0.378269236791992,-0.741591790500085,0.530660501686102));
#7664=DIRECTION('',(-4.29E-13,-1.0,-3.26943875618433E-15));
#7665=DIRECTION('',(0.830899922755727,-3.58275254150323E-13,0.556421888825851));
#7666=DIRECTION('',(4.29E-13,1.0,3.26943875618435E-15));
#7667=CARTESIAN_POINT('',(-0.378269236791974,-0.701591790500085,0.530660501686102));
#7668=DIRECTION('',(-4.29E-13,-1.0,-3.26943875618441E-15));
#7669=DIRECTION('',(0.830899922755727,-3.58275254150323E-13,0.556421888825851));
#7670=DIRECTION('',(-4.29E-13,-1.0,-3.26943875618435E-15));
#7671=CARTESIAN_POINT('',(-0.525285339952262,0.718408209499981,-0.33561930581114));
#7672=DIRECTION('',(-4.29E-13,-1.0,-3.26943875618435E-15));
#7673=DIRECTION('',(0.830899922755727,-3.58275254150323E-13,0.556421888825851));
#7674=DIRECTION('',(-4.29E-13,-1.0,-3.26943875618435E-15));
#7675=CARTESIAN_POINT('',(-0.525285339952271,0.698408209499981,-0.33561930581114));
#7676=DIRECTION('',(-4.29E-13,-1.0,-3.26943875618435E-15));
#7677=DIRECTION('',(0.830899922755727,-3.58275254150323E-13,0.556421888825851));
#7678=DIRECTION('',(4.29E-13,1.0,3.26943875618435E-15));
#7679=CARTESIAN_POINT('',(-0.525285339952871,-0.701591790500019,-0.335619305811145));
#7680=DIRECTION('',(4.29E-13,1.0,3.26943875618435E-15));
#7681=DIRECTION('',(0.830899922755727,-3.58275254150323E-13,0.556421888825851));
#7682=DIRECTION('',(4.29E-13,1.0,3.26943875618435E-15));
#7683=CARTESIAN_POINT('',(-0.525285339952271,0.698408209499981,-0.33561930581114));
#7684=DIRECTION('',(4.29E-13,1.0,3.26943875618435E-15));
#7685=DIRECTION('',(0.830899922755727,-3.58275254150323E-13,0.556421888825851));
#7686=DIRECTION('',(-4.29E-13,-1.0,-3.26943875618435E-15));
#7687=CARTESIAN_POINT('',(-0.525285339952271,0.698408209499981,-0.33561930581114));
#7688=DIRECTION('',(-4.29E-13,-1.0,-3.2694387561843E-15));
#7689=DIRECTION('',(0.830899922755727,-3.58275254150323E-13,0.556421888825851));
#7690=DIRECTION('',(4.29E-13,1.0,3.26943875618435E-15));
#7691=CARTESIAN_POINT('',(-0.525285339952871,-0.701591790500019,-0.335619305811145));
#7692=DIRECTION('',(-4.29E-13,-1.0,-3.2694387561843E-15));
#7693=DIRECTION('',(0.830899922755727,-3.58275254150323E-13,0.556421888825851));
#7694=DIRECTION('',(4.29E-13,1.0,3.26943875618435E-15));
#7695=CARTESIAN_POINT('',(-0.393648337585331,0.495908209499922,0.506230671721383));
#7696=DIRECTION('',(-4.29E-13,-1.0,-3.26943875618435E-15));
#7697=DIRECTION('',(0.830899922755727,-3.58275254150323E-13,0.556421888825851));
#7698=DIRECTION('',(4.29E-13,1.0,3.26943875618435E-15));
#7699=CARTESIAN_POINT('',(-0.393648337585244,0.698408209499922,0.506230671721384));
#7700=DIRECTION('',(-4.29E-13,-1.0,-3.26943875618435E-15));
#7701=DIRECTION('',(0.830899922755727,-3.58275254150323E-13,0.556421888825851));
#7702=DIRECTION('',(4.29E-13,1.0,3.26943875618435E-15));
#7703=CARTESIAN_POINT('',(0.730360065311458,0.698408209499441,0.0578119551284477));
#7704=DIRECTION('',(-4.29E-13,-1.0,-3.26943875618436E-15));
#7705=DIRECTION('',(0.830899922755727,-3.58275254150323E-13,0.556421888825851));
#7706=DIRECTION('',(-4.29E-13,-1.0,-3.26943875618435E-15));
#7707=CARTESIAN_POINT('',(0.730360065311475,0.738408209499441,0.0578119551284479));
#7708=DIRECTION('',(4.29E-13,1.0,3.26943875618436E-15));
#7709=DIRECTION('',(0.830899922755727,-3.58275254150323E-13,0.556421888825851));
#7710=DIRECTION('',(4.29E-13,1.0,3.26943875618435E-15));
#7711=CARTESIAN_POINT('',(-0.378269236791374,0.698408209499915,0.530660501686107));
#7712=DIRECTION('',(-4.29E-13,-1.0,-3.26943875618441E-15));
#7713=DIRECTION('',(0.830899922755727,-3.58275254150323E-13,0.556421888825851));
#7714=DIRECTION('',(-4.29E-13,-1.0,-3.26943875618435E-15));
#7715=CARTESIAN_POINT('',(-0.378269236791356,0.738408209499915,0.530660501686107));
#7716=DIRECTION('',(-4.29E-13,-1.0,-3.26943875618433E-15));
#7717=DIRECTION('',(0.830899922755727,-3.58275254150323E-13,0.556421888825851));
#7718=DIRECTION('',(0.999268738438771,-4.28734681019011E-13,-0.0382359566244517));
#7719=DIRECTION('',(-4.29E-13,-1.0,-3.26943875618435E-15));
#7720=DIRECTION('',(-0.999268738438771,4.28734681019011E-13,0.0382359566244525));
#7721=DIRECTION('',(-4.29E-13,-1.0,-3.26943875618435E-15));
#7722=CARTESIAN_POINT('',(-0.378269236791356,0.738408209499915,0.530660501686107));
#7723=DIRECTION('',(-4.29E-13,-1.0,-3.26943875618433E-15));
#7724=DIRECTION('',(0.830899922755727,-3.58275254150323E-13,0.556421888825851));
#7725=CARTESIAN_POINT('',(-0.378269236791374,0.698408209499915,0.530660501686107));
#7726=DIRECTION('',(-4.29E-13,-1.0,-3.26943875618441E-15));
#7727=DIRECTION('',(0.830899922755727,-3.58275254150323E-13,0.556421888825851));
#7728=CARTESIAN_POINT('',(-0.549838429755368,0.698408209499989,0.537225414574818));
#7729=DIRECTION('',(-4.29E-13,-1.0,-3.26943875618441E-15));
#7730=DIRECTION('',(0.830899922755727,-3.58275254150323E-13,0.556421888825851));
#7731=CARTESIAN_POINT('',(-0.549838429755351,0.738408209499989,0.537225414574819));
#7732=DIRECTION('',(-4.29E-13,-1.0,-3.26943875618437E-15));
#7733=DIRECTION('',(0.830899922755727,-3.58275254150323E-13,0.556421888825851));
#7734=DIRECTION('',(-4.29E-13,-1.0,-3.26943875618435E-15));
#7735=DIRECTION('',(-0.221696682687097,9.21952111667278E-14,0.975115675643427));
#7736=DIRECTION('',(-4.29E-13,-1.0,-3.26943875618435E-15));
#7737=DIRECTION('',(-0.221696682687097,9.21952111667278E-14,0.975115675643427));
#7738=DIRECTION('',(-4.29E-13,-1.0,-3.26943875618435E-15));
#7739=DIRECTION('',(-4.29E-13,-1.0,-3.26943875618435E-15));
#7740=DIRECTION('',(0.221696682687097,-9.21952111667278E-14,-0.975115675643427));
#7741=DIRECTION('',(-4.29E-13,-1.0,-3.26943875618435E-15));
#7742=DIRECTION('',(0.221696682687097,-9.21952111667278E-14,-0.975115675643427));
#7743=DIRECTION('',(0.228202918500373,-1.00881025923033E-13,0.973613592750179));
#7744=DIRECTION('',(0.466521059444609,-1.975390765297E-13,-0.88451009100783));
#7745=CARTESIAN_POINT('',(-0.0313202205705014,0.718408209499766,0.66863558153135));
#7746=DIRECTION('',(-4.29E-13,-1.0,-3.26943875618432E-15));
#7747=DIRECTION('',(0.830899922755727,-3.58275254150323E-13,0.556421888825851));
#7748=CARTESIAN_POINT('',(-0.525285339952262,0.718408209499981,-0.33561930581114));
#7749=DIRECTION('',(-4.29E-13,-1.0,-3.26943875618435E-15));
#7750=DIRECTION('',(0.830899922755727,-3.58275254150323E-13,0.556421888825851));
#7751=CARTESIAN_POINT('',(-1.24954915437804,0.718408209500289,0.531757156351293));
#7752=DIRECTION('',(-4.29E-13,-1.0,-3.26943875618432E-15));
#7753=DIRECTION('',(0.830899922755727,-3.58275254150323E-13,0.556421888825851));
#7754=DIRECTION('',(-4.29E-13,-1.0,-3.26943875618435E-15));
#7755=CARTESIAN_POINT('',(1.13397199477414,0.653408209499273,-1.83542845872773));
#7756=DIRECTION('',(-4.29E-13,-1.0,-3.26943875618437E-15));
#7757=DIRECTION('',(-0.830899922755727,3.58275254150323E-13,-0.556421888825851));
#7758=CARTESIAN_POINT('',(1.1339719947742,0.783408209499273,-1.83542845872773));
#7759=DIRECTION('',(-4.29E-13,-1.0,-3.26943875618437E-15));
#7760=DIRECTION('',(-0.830899922755727,3.58275254150323E-13,-0.556421888825851));
#7761=DIRECTION('',(-4.29E-13,-1.0,-3.26943875618435E-15));
#7762=CARTESIAN_POINT('',(1.13397199477418,0.738408209499273,-1.83542845872773));
#7763=DIRECTION('',(4.29E-13,1.0,3.26943875618437E-15));
#7764=DIRECTION('',(-0.830899922755727,3.58275254150323E-13,-0.556421888825851));
#7765=DIRECTION('',(-4.29E-13,-1.0,-3.26943875618435E-15));
#7766=CARTESIAN_POINT('',(1.13397199477416,0.698408209499274,-1.83542845872773));
#7767=DIRECTION('',(4.29E-13,1.0,3.26943875618437E-15));
#7768=DIRECTION('',(-0.830899922755727,3.58275254150323E-13,-0.556421888825851));
#7769=DIRECTION('',(4.29E-13,1.0,3.26943875618435E-15));
#7770=DIRECTION('',(-0.221696682687097,9.21952111667275E-14,0.975115675643427));
#7771=DIRECTION('',(-4.29E-13,-1.0,-3.26943875618435E-15));
#7772=DIRECTION('',(-0.221696682687097,9.21952111667275E-14,0.975115675643427));
#7773=DIRECTION('',(0.221696682687097,-9.21952111667274E-14,-0.975115675643427));
#7774=DIRECTION('',(-4.29E-13,-1.0,-3.26943875618435E-15));
#7775=DIRECTION('',(0.221696682687097,-9.21952111667274E-14,-0.975115675643427));
#7776=CARTESIAN_POINT('',(-0.0313202205704943,0.738408209499766,0.66863558153135));
#7777=DIRECTION('',(-4.29E-13,-1.0,-3.26943875618432E-15));
#7778=DIRECTION('',(0.830899922755727,-3.58275254150323E-13,0.556421888825851));
#7779=DIRECTION('',(0.466521059444609,-1.975390765297E-13,-0.88451009100783));
#7780=DIRECTION('',(-0.228202918500373,1.00881025923033E-13,-0.973613592750179));
#7781=DIRECTION('',(-0.466521059444609,1.975390765297E-13,0.88451009100783));
#7782=CARTESIAN_POINT('',(0.730360065311475,0.738408209499441,0.0578119551284479));
#7783=DIRECTION('',(4.29E-13,1.0,3.26943875618436E-15));
#7784=DIRECTION('',(0.830899922755727,-3.58275254150323E-13,0.556421888825851));
#7785=DIRECTION('',(-0.889485825464728,3.80353428650485E-13,0.456962762484353));
#7786=DIRECTION('',(-4.29E-13,-1.0,-3.26943875618435E-15));
#7787=DIRECTION('',(-4.29E-13,-1.0,-3.26943875618435E-15));
#7788=CARTESIAN_POINT('',(-0.0313202205705103,0.698408209499766,0.66863558153135));
#7789=DIRECTION('',(-4.29E-13,-1.0,-3.26943875618432E-15));
#7790=DIRECTION('',(0.830899922755727,-3.58275254150323E-13,0.556421888825851));
#7791=CARTESIAN_POINT('',(-0.0313202205705103,0.698408209499766,0.66863558153135));
#7792=DIRECTION('',(-4.29E-13,-1.0,-3.26943875618431E-15));
#7793=DIRECTION('',(0.830899922755727,-3.58275254150323E-13,0.556421888825851));
#7794=CARTESIAN_POINT('',(-0.525285339952271,0.698408209499981,-0.33561930581114));
#7795=DIRECTION('',(-4.29E-13,-1.0,-3.2694387561843E-15));
#7796=DIRECTION('',(0.830899922755727,-3.58275254150323E-13,0.556421888825851));
#7797=DIRECTION('',(-0.830899922755727,3.58275254150323E-13,-0.556421888825851));
#7798=DIRECTION('',(-0.228202918500374,1.00881025923033E-13,-0.973613592750179));
#7799=CARTESIAN_POINT('',(-0.53542651893007,0.698408209499983,0.511655663201317));
#7800=DIRECTION('',(-4.29E-13,-1.0,-3.26943875618439E-15));
#7801=DIRECTION('',(-0.830899922755727,3.58275254150323E-13,-0.556421888825851));
#7802=DIRECTION('',(-0.999268738438771,4.28734681019011E-13,0.0382359566244521));
#7803=CARTESIAN_POINT('',(-0.393648337585244,0.698408209499922,0.506230671721384));
#7804=DIRECTION('',(-4.29E-13,-1.0,-3.26943875618435E-15));
#7805=DIRECTION('',(0.830899922755727,-3.58275254150323E-13,0.556421888825851));
#7806=DIRECTION('',(-0.466521059444607,1.975390765297E-13,0.884510091007831));
#7807=DIRECTION('',(-0.830899922755727,3.58275254150323E-13,-0.556421888825851));
#7808=DIRECTION('',(-0.556421888825851,2.36283423590032E-13,0.830899922755727));
#7809=DIRECTION('',(0.830899922755727,-3.58275254150323E-13,0.556421888825851));
#7810=CARTESIAN_POINT('',(-0.525285339952271,0.698408209499981,-0.33561930581114));
#7811=DIRECTION('',(4.29E-13,1.0,3.26943875618435E-15));
#7812=DIRECTION('',(0.830899922755727,-3.58275254150323E-13,0.556421888825851));
#7813=CARTESIAN_POINT('',(-0.0313202205705103,0.698408209499766,0.66863558153135));
#7814=DIRECTION('',(4.29E-13,1.0,3.26943875618432E-15));
#7815=DIRECTION('',(0.830899922755727,-3.58275254150323E-13,0.556421888825851));
#7816=DIRECTION('',(0.889485825464728,-3.80353428650485E-13,-0.456962762484353));
#7817=CARTESIAN_POINT('',(0.730360065311458,0.698408209499441,0.0578119551284477));
#7818=DIRECTION('',(-4.29E-13,-1.0,-3.26943875618436E-15));
#7819=DIRECTION('',(0.830899922755727,-3.58275254150323E-13,0.556421888825851));
#7820=DIRECTION('',(0.466521059444608,-1.975390765297E-13,-0.88451009100783));
#7821=DIRECTION('',(0.228202918500373,-1.00881025923033E-13,0.973613592750179));
#7822=CARTESIAN_POINT('',(-1.24954915437805,0.698408209500289,0.531757156351293));
#7823=DIRECTION('',(-4.29E-13,-1.0,-3.26943875618432E-15));
#7824=DIRECTION('',(0.830899922755727,-3.58275254150323E-13,0.556421888825851));
#7825=CARTESIAN_POINT('',(-0.525285339952271,0.698408209499981,-0.33561930581114));
#7826=DIRECTION('',(-4.29E-13,-1.0,-3.26943875618435E-15));
#7827=DIRECTION('',(0.830899922755727,-3.58275254150323E-13,0.556421888825851));
#7828=DIRECTION('',(-4.29E-13,-1.0,-3.26943875618435E-15));
#7829=CARTESIAN_POINT('',(-0.0313202205705299,0.653408209499766,0.66863558153135));
#7830=DIRECTION('',(-4.29E-13,-1.0,-3.26943875618431E-15));
#7831=DIRECTION('',(0.830899922755727,-3.58275254150323E-13,0.556421888825851));
#7832=DIRECTION('',(0.975115675643427,-4.19155170596556E-13,0.221696682687097));
#7833=CARTESIAN_POINT('',(-0.0313202205705299,0.653408209499766,0.66863558153135));
#7834=DIRECTION('',(-4.29E-13,-1.0,-3.26943875618432E-15));
#7835=DIRECTION('',(0.830899922755727,-3.58275254150323E-13,0.556421888825851));
#7836=DIRECTION('',(-0.940829282110834,4.04795081666185E-13,-0.338880896367459));
#7837=DIRECTION('',(-0.284431449682955,1.19168381234177E-13,0.958696380733365));
#7838=DIRECTION('',(0.940829282110835,-4.04795081666185E-13,0.338880896367458));
#7839=DIRECTION('',(0.975115675643427,-4.19155170596556E-13,0.221696682687097));
#7840=DIRECTION('',(-0.999922365546952,4.29168516263455E-13,-0.0124604525996403));
#7841=DIRECTION('',(-4.29E-13,-1.0,-3.26943875618435E-15));
#7842=DIRECTION('',(-0.999922365546952,4.29168516263455E-13,-0.0124604525996403));
#7843=DIRECTION('',(-0.221696682687097,9.21952111667278E-14,0.975115675643427));
#7844=DIRECTION('',(-4.29E-13,-1.0,-3.26943875618435E-15));
#7845=DIRECTION('',(-0.221696682687097,9.21952111667278E-14,0.975115675643427));
#7846=DIRECTION('',(0.907018557750782,-3.90533359101226E-13,0.421090650449154));
#7847=DIRECTION('',(0.907018557750782,-3.90533359101226E-13,0.421090650449154));
#7848=DIRECTION('',(-4.29E-13,-1.0,-3.26943875618435E-15));
#7849=DIRECTION('',(4.29E-13,1.0,3.26943875618435E-15));
#7850=DIRECTION('',(4.29E-13,1.0,3.26943875618435E-15));
#7851=DIRECTION('',(-0.940829282110835,4.04795081666185E-13,-0.338880896367458));
#7852=DIRECTION('',(4.29E-13,1.0,3.26943875618435E-15));
#7853=DIRECTION('',(-0.940829282110835,4.04795081666185E-13,-0.338880896367458));
#7854=DIRECTION('',(4.29E-13,1.0,3.26943875618435E-15));
#7855=DIRECTION('',(-0.940829282110835,4.04795081666185E-13,-0.338880896367458));
#7856=DIRECTION('',(4.29E-13,1.0,3.26943875618435E-15));
#7857=DIRECTION('',(4.29E-13,1.0,3.26943875618435E-15));
#7858=DIRECTION('',(0.940829282110834,-4.04795081666185E-13,0.338880896367459));
#7859=DIRECTION('',(4.29E-13,1.0,3.26943875618435E-15));
#7860=DIRECTION('',(0.940829282110834,-4.04795081666185E-13,0.338880896367459));
#7861=DIRECTION('',(4.29E-13,1.0,3.26943875618435E-15));
#7862=DIRECTION('',(0.940829282110834,-4.04795081666185E-13,0.338880896367459));
#7863=CARTESIAN_POINT('',(-0.0313202205710912,-0.656591790500234,0.668635581531346));
#7864=DIRECTION('',(4.29E-13,1.0,3.26943875618431E-15));
#7865=DIRECTION('',(-0.830899922755727,3.58275254150323E-13,-0.556421888825851));
#7866=DIRECTION('',(4.29E-13,1.0,3.26943875618435E-15));
#7867=CARTESIAN_POINT('',(-0.0313202205711107,-0.701591790500234,0.668635581531346));
#7868=DIRECTION('',(-4.29E-13,-1.0,-3.26943875618431E-15));
#7869=DIRECTION('',(0.830899922755727,-3.58275254150323E-13,0.556421888825851));
#7870=CARTESIAN_POINT('',(-0.0313202205711107,-0.701591790500234,0.668635581531346));
#7871=DIRECTION('',(4.29E-13,1.0,3.26943875618432E-15));
#7872=DIRECTION('',(0.830899922755727,-3.58275254150323E-13,0.556421888825851));
#7873=DIRECTION('',(4.29E-13,1.0,3.26943875618435E-15));
#7874=CARTESIAN_POINT('',(-0.0313202205710912,-0.656591790500234,0.668635581531346));
#7875=DIRECTION('',(4.29E-13,1.0,3.26943875618432E-15));
#7876=DIRECTION('',(-0.830899922755727,3.58275254150323E-13,-0.556421888825851));
#7877=DIRECTION('',(-0.466521059444607,1.975390765297E-13,0.884510091007831));
#7878=DIRECTION('',(4.29E-13,1.0,3.26943875618435E-15));
#7879=DIRECTION('',(4.29E-13,1.0,3.26943875618435E-15));
#7880=CARTESIAN_POINT('',(-0.393648337585331,0.495908209499922,0.506230671721383));
#7881=DIRECTION('',(-4.29E-13,-1.0,-3.26943875618435E-15));
#7882=DIRECTION('',(0.830899922755727,-3.58275254150323E-13,0.556421888825851));
#7883=DIRECTION('',(-0.999268738438771,4.28734681019011E-13,0.038235956624452));
#7884=DIRECTION('',(4.29E-13,1.0,3.26943875618435E-15));
#7885=CARTESIAN_POINT('',(-0.535426518930157,0.495908209499983,0.511655663201317));
#7886=DIRECTION('',(-4.29E-13,-1.0,-3.26943875618439E-15));
#7887=DIRECTION('',(0.830899922755727,-3.58275254150323E-13,0.556421888825851));
#7888=DIRECTION('',(4.29E-13,1.0,3.26943875618435E-15));
#7889=DIRECTION('',(-0.228202918500374,1.00881025923033E-13,-0.973613592750179));
#7890=DIRECTION('',(4.29E-13,1.0,3.26943875618435E-15));
#7891=DIRECTION('',(4.29E-13,1.0,3.26943875618435E-15));
#7892=DIRECTION('',(0.556421888825851,-2.36283423590032E-13,-0.830899922755727));
#7893=DIRECTION('',(4.29E-13,1.0,3.26943875618435E-15));
#7894=DIRECTION('',(-0.830899922755727,3.58275254150323E-13,-0.556421888825851));
#7895=DIRECTION('',(4.29E-13,1.0,3.26943875618435E-15));
#7896=DIRECTION('',(0.830899922755727,-3.58275254150323E-13,0.556421888825851));
#7897=DIRECTION('',(4.29E-13,1.0,3.26943875618435E-15));
#7898=DIRECTION('',(-0.830899922755727,3.58275254150323E-13,-0.556421888825851));
#7899=DIRECTION('',(4.29E-13,1.0,3.26943875618435E-15));
#7900=DIRECTION('',(-0.830899922755727,3.58275254150323E-13,-0.556421888825851));
#7901=DIRECTION('',(4.29E-13,1.0,3.26943875618435E-15));
#7902=DIRECTION('',(-0.830899922755727,3.58275254150323E-13,-0.556421888825851));
#7903=DIRECTION('',(-4.29E-13,-1.0,-3.26943875618435E-15));
#7904=CARTESIAN_POINT('',(-0.525285339952871,-0.701591790500019,-0.335619305811145));
#7905=DIRECTION('',(-4.29E-13,-1.0,-3.2694387561843E-15));
#7906=DIRECTION('',(0.830899922755727,-3.58275254150323E-13,0.556421888825851));
#7907=DIRECTION('',(4.29E-13,1.0,3.26943875618435E-15));
#7908=CARTESIAN_POINT('',(-0.525285339952784,-0.499091790500019,-0.335619305811144));
#7909=DIRECTION('',(-4.29E-13,-1.0,-3.2694387561843E-15));
#7910=DIRECTION('',(0.830899922755727,-3.58275254150323E-13,0.556421888825851));
#7911=DIRECTION('',(4.29E-13,1.0,3.26943875618435E-15));
#7912=CARTESIAN_POINT('',(-0.525285339952754,-0.429091790500019,-0.335619305811144));
#7913=DIRECTION('',(-4.29E-13,-1.0,-3.2694387561843E-15));
#7914=DIRECTION('',(0.830899922755727,-3.58275254150323E-13,0.556421888825851));
#7915=DIRECTION('',(4.29E-13,1.0,3.26943875618435E-15));
#7916=CARTESIAN_POINT('',(-0.525285339952388,0.425908209499981,-0.335619305811141));
#7917=DIRECTION('',(-4.29E-13,-1.0,-3.2694387561843E-15));
#7918=DIRECTION('',(0.830899922755727,-3.58275254150323E-13,0.556421888825851));
#7919=DIRECTION('',(4.29E-13,1.0,3.26943875618435E-15));
#7920=CARTESIAN_POINT('',(-0.525285339952358,0.495908209499981,-0.335619305811141));
#7921=DIRECTION('',(-4.29E-13,-1.0,-3.2694387561843E-15));
#7922=DIRECTION('',(0.830899922755727,-3.58275254150323E-13,0.556421888825851));
#7923=DIRECTION('',(4.29E-13,1.0,3.26943875618435E-15));
#7924=CARTESIAN_POINT('',(-0.525285339952871,-0.701591790500019,-0.335619305811145));
#7925=DIRECTION('',(4.29E-13,1.0,3.26943875618435E-15));
#7926=DIRECTION('',(0.830899922755727,-3.58275254150323E-13,0.556421888825851));
#7927=DIRECTION('',(4.29E-13,1.0,3.26943875618435E-15));
#7928=CARTESIAN_POINT('',(-0.525285339952358,0.495908209499981,-0.335619305811141));
#7929=DIRECTION('',(-4.29E-13,-1.0,-3.26943875618435E-15));
#7930=DIRECTION('',(0.830899922755727,-3.58275254150323E-13,0.556421888825851));
#7931=DIRECTION('',(4.29E-13,1.0,3.26943875618435E-15));
#7932=CARTESIAN_POINT('',(-0.525285339952388,0.425908209499981,-0.335619305811141));
#7933=DIRECTION('',(-4.29E-13,-1.0,-3.26943875618435E-15));
#7934=DIRECTION('',(0.830899922755727,-3.58275254150323E-13,0.556421888825851));
#7935=CARTESIAN_POINT('',(-0.525285339952754,-0.429091790500019,-0.335619305811144));
#7936=DIRECTION('',(-4.29E-13,-1.0,-3.26943875618435E-15));
#7937=DIRECTION('',(0.830899922755727,-3.58275254150323E-13,0.556421888825851));
#7938=DIRECTION('',(4.29E-13,1.0,3.26943875618435E-15));
#7939=CARTESIAN_POINT('',(-0.525285339952784,-0.499091790500019,-0.335619305811144));
#7940=DIRECTION('',(-4.29E-13,-1.0,-3.26943875618435E-15));
#7941=DIRECTION('',(0.830899922755727,-3.58275254150323E-13,0.556421888825851));
#7942=DIRECTION('',(4.29E-13,1.0,3.26943875618435E-15));
#7943=DIRECTION('',(0.830899922755727,-3.58275254150323E-13,0.556421888825851));
#7944=DIRECTION('',(0.830899922755727,-3.58275254150323E-13,0.556421888825851));
#7945=DIRECTION('',(0.284431449682955,-1.19168381234177E-13,-0.958696380733365));
#7946=DIRECTION('',(-4.29E-13,-1.0,-3.26943875618435E-15));
#7947=DIRECTION('',(-0.999922365546952,4.29168516263455E-13,-0.0124604525996403));
#7948=DIRECTION('',(0.221696682687097,-9.21952111667278E-14,-0.975115675643427));
#7949=DIRECTION('',(0.907018557750782,-3.90533359101226E-13,0.421090650449154));
#7950=DIRECTION('',(-0.221696682687097,9.21952111667278E-14,0.975115675643427));
#7951=DIRECTION('',(-0.999922365546952,4.29168516263455E-13,-0.0124604525996403));
#7952=DIRECTION('',(-0.221696682687097,9.21952111667278E-14,0.975115675643427));
#7953=DIRECTION('',(0.907018557750782,-3.90533359101226E-13,0.421090650449154));
#7954=DIRECTION('',(0.221696682687097,-9.21952111667278E-14,-0.975115675643427));
#7955=DIRECTION('',(4.29E-13,1.0,3.26943875618435E-15));
#7956=DIRECTION('',(4.29E-13,1.0,3.26943875618435E-15));
#7957=DIRECTION('',(4.29E-13,1.0,3.26943875618435E-15));
#7958=DIRECTION('',(4.29E-13,1.0,3.26943875618435E-15));
#7959=DIRECTION('',(0.907018557750781,-3.90533359101225E-13,0.421090650449156));
#7960=DIRECTION('',(-0.221696682687097,9.21952111667278E-14,0.975115675643427));
#7961=DIRECTION('',(-0.999922365546952,4.29168516263455E-13,-0.0124604525996397));
#7962=DIRECTION('',(0.221696682687097,-9.21952111667275E-14,-0.975115675643427));
#7963=DIRECTION('',(0.907018557750781,-3.90533359101225E-13,0.421090650449156));
#7964=DIRECTION('',(0.221696682687097,-9.21952111667275E-14,-0.975115675643427));
#7965=DIRECTION('',(-0.999922365546952,4.29168516263455E-13,-0.0124604525996397));
#7966=DIRECTION('',(-0.221696682687097,9.21952111667278E-14,0.975115675643427));
#7967=DIRECTION('',(4.29E-13,1.0,3.26943875618435E-15));
#7968=DIRECTION('',(4.29E-13,1.0,3.26943875618435E-15));
#7969=DIRECTION('',(4.29E-13,1.0,3.26943875618435E-15));
#7970=DIRECTION('',(4.29E-13,1.0,3.26943875618435E-15));
#7971=DIRECTION('',(0.284431449682955,-1.19168381234177E-13,-0.958696380733365));
#7972=CARTESIAN_POINT('',(1.19144827493596,-0.0665917905007523,-1.50081119884175));
#7973=DIRECTION('',(-4.29E-13,-1.0,-3.26943875618437E-15));
#7974=DIRECTION('',(-0.830899922755727,3.58275254150323E-13,-0.556421888825851));
#7975=DIRECTION('',(0.221696682687097,-9.21952111667276E-14,-0.975115675643427));
#7976=DIRECTION('',(0.975115675643427,-4.19155170596556E-13,0.221696682687097));
#7977=DIRECTION('',(-0.221696682687097,9.21952111667278E-14,0.975115675643427));
#7978=CARTESIAN_POINT('',(1.19144827493596,-0.0665917905007523,-1.50081119884175));
#7979=DIRECTION('',(-4.29E-13,-1.0,-3.26943875618437E-15));
#7980=DIRECTION('',(-0.830899922755727,3.58275254150323E-13,-0.556421888825851));
#7981=CARTESIAN_POINT('',(1.19144827493601,0.0634082094992477,-1.50081119884175));
#7982=DIRECTION('',(-4.29E-13,-1.0,-3.26943875618437E-15));
#7983=DIRECTION('',(-0.830899922755727,3.58275254150323E-13,-0.556421888825851));
#7984=DIRECTION('',(-0.221696682687097,9.21952111667278E-14,0.975115675643427));
#7985=DIRECTION('',(0.975115675643427,-4.19155170596556E-13,0.221696682687097));
#7986=DIRECTION('',(0.221696682687097,-9.21952111667276E-14,-0.975115675643427));
#7987=CARTESIAN_POINT('',(1.19144827493601,0.0634082094992477,-1.50081119884175));
#7988=DIRECTION('',(-4.29E-13,-1.0,-3.26943875618437E-15));
#7989=DIRECTION('',(-0.830899922755727,3.58275254150323E-13,-0.556421888825851));
#7990=DIRECTION('',(4.29E-13,1.0,3.26943875618435E-15));
#7991=DIRECTION('',(4.29E-13,1.0,3.26943875618435E-15));
#7992=DIRECTION('',(4.29E-13,1.0,3.26943875618435E-15));
#7993=DIRECTION('',(4.29E-13,1.0,3.26943875618435E-15));
#7994=DIRECTION('',(0.221696682687097,-9.21952111667274E-14,-0.975115675643427));
#7995=DIRECTION('',(0.975115675643427,-4.19155170596556E-13,0.221696682687097));
#7996=DIRECTION('',(-0.221696682687097,9.21952111667278E-14,0.975115675643427));
#7997=CARTESIAN_POINT('',(1.13397199477352,-0.786591790500727,-1.83542845872774));
#7998=DIRECTION('',(-4.29E-13,-1.0,-3.26943875618437E-15));
#7999=DIRECTION('',(-0.830899922755727,3.58275254150323E-13,-0.556421888825851));
#8000=DIRECTION('',(0.284431449682955,-1.19168381234177E-13,-0.958696380733365));
#8001=CARTESIAN_POINT('',(1.13397199477358,-0.656591790500727,-1.83542845872774));
#8002=DIRECTION('',(-4.29E-13,-1.0,-3.26943875618437E-15));
#8003=DIRECTION('',(-0.830899922755727,3.58275254150323E-13,-0.556421888825851));
#8004=DIRECTION('',(-0.221696682687097,9.21952111667278E-14,0.975115675643427));
#8005=DIRECTION('',(0.975115675643427,-4.19155170596556E-13,0.221696682687097));
#8006=DIRECTION('',(0.221696682687097,-9.21952111667274E-14,-0.975115675643427));
#8007=CARTESIAN_POINT('',(1.13397199477356,-0.701591790500727,-1.83542845872774));
#8008=DIRECTION('',(-4.29E-13,-1.0,-3.26943875618437E-15));
#8009=DIRECTION('',(0.830899922755727,-3.58275254150323E-13,0.556421888825851));
#8010=DIRECTION('',(4.29E-13,1.0,3.26943875618435E-15));
#8011=CARTESIAN_POINT('',(1.13397199477354,-0.741591790500727,-1.83542845872774));
#8012=DIRECTION('',(-4.29E-13,-1.0,-3.26943875618437E-15));
#8013=DIRECTION('',(0.830899922755727,-3.58275254150323E-13,0.556421888825851));
#8014=DIRECTION('',(4.29E-13,1.0,3.26943875618435E-15));
#8015=DIRECTION('',(4.29E-13,1.0,3.26943875618435E-15));
#8016=DIRECTION('',(4.29E-13,1.0,3.26943875618435E-15));
#8017=DIRECTION('',(4.29E-13,1.0,3.26943875618435E-15));
#8018=DIRECTION('',(-0.221696682687097,9.21952111667275E-14,0.975115675643427));
#8019=DIRECTION('',(-0.221696682687097,9.21952111667275E-14,0.975115675643427));
#8020=DIRECTION('',(4.29E-13,1.0,3.26943875618435E-15));
#8021=CARTESIAN_POINT('',(-0.0313202205711285,-0.741591790500234,0.668635581531346));
#8022=DIRECTION('',(-4.29E-13,-1.0,-3.26943875618432E-15));
#8023=DIRECTION('',(0.830899922755727,-3.58275254150323E-13,0.556421888825851));
#8024=DIRECTION('',(-0.889485825464728,3.80353428650485E-13,0.456962762484353));
#8025=CARTESIAN_POINT('',(0.73036006531084,-0.741591790500559,0.057811955128443));
#8026=DIRECTION('',(4.29E-13,1.0,3.26943875618436E-15));
#8027=DIRECTION('',(0.830899922755727,-3.58275254150323E-13,0.556421888825851));
#8028=DIRECTION('',(-0.466521059444609,1.975390765297E-13,0.88451009100783));
#8029=CARTESIAN_POINT('',(-0.378269236791992,-0.741591790500085,0.530660501686102));
#8030=DIRECTION('',(-4.29E-13,-1.0,-3.26943875618433E-15));
#8031=DIRECTION('',(0.830899922755727,-3.58275254150323E-13,0.556421888825851));
#8032=DIRECTION('',(-0.999268738438771,4.28734681019011E-13,0.0382359566244525));
#8033=CARTESIAN_POINT('',(-0.549838429755985,-0.741591790500011,0.537225414574814));
#8034=DIRECTION('',(-4.29E-13,-1.0,-3.26943875618437E-15));
#8035=DIRECTION('',(0.830899922755727,-3.58275254150323E-13,0.556421888825851));
#8036=DIRECTION('',(-0.228202918500373,1.00881025923033E-13,-0.973613592750179));
#8037=DIRECTION('',(0.466521059444609,-1.975390765297E-13,-0.88451009100783));
#8038=DIRECTION('',(0.466521059444609,-1.975390765297E-13,-0.88451009100783));
#8039=DIRECTION('',(4.29E-13,1.0,3.26943875618435E-15));
#8040=DIRECTION('',(4.29E-13,1.0,3.26943875618435E-15));
#8041=DIRECTION('',(0.228202918500373,-1.00881025923033E-13,0.973613592750179));
#8042=CARTESIAN_POINT('',(-1.24954915437866,-0.721591790499711,0.531757156351288));
#8043=DIRECTION('',(-4.29E-13,-1.0,-3.26943875618432E-15));
#8044=DIRECTION('',(0.830899922755727,-3.58275254150323E-13,0.556421888825851));
#8045=CARTESIAN_POINT('',(-0.52528533995288,-0.721591790500019,-0.335619305811145));
#8046=DIRECTION('',(-4.29E-13,-1.0,-3.26943875618435E-15));
#8047=DIRECTION('',(0.830899922755727,-3.58275254150323E-13,0.556421888825851));
#8048=CARTESIAN_POINT('',(-0.0313202205711196,-0.721591790500234,0.668635581531346));
#8049=DIRECTION('',(-4.29E-13,-1.0,-3.26943875618432E-15));
#8050=DIRECTION('',(0.830899922755727,-3.58275254150323E-13,0.556421888825851));
#8051=CARTESIAN_POINT('',(-0.0313202205711107,-0.701591790500234,0.668635581531346));
#8052=DIRECTION('',(-4.29E-13,-1.0,-3.26943875618432E-15));
#8053=DIRECTION('',(0.830899922755727,-3.58275254150323E-13,0.556421888825851));
#8054=CARTESIAN_POINT('',(-0.525285339952871,-0.701591790500019,-0.335619305811145));
#8055=DIRECTION('',(-4.29E-13,-1.0,-3.26943875618435E-15));
#8056=DIRECTION('',(0.830899922755727,-3.58275254150323E-13,0.556421888825851));
#8057=CARTESIAN_POINT('',(-1.24954915437865,-0.701591790499711,0.531757156351288));
#8058=DIRECTION('',(-4.29E-13,-1.0,-3.26943875618432E-15));
#8059=DIRECTION('',(0.830899922755727,-3.58275254150323E-13,0.556421888825851));
#8060=DIRECTION('',(0.228202918500373,-1.00881025923033E-13,0.973613592750179));
#8061=CARTESIAN_POINT('',(-0.549838429755969,-0.701591790500011,0.537225414574814));
#8062=DIRECTION('',(-4.29E-13,-1.0,-3.26943875618441E-15));
#8063=DIRECTION('',(0.830899922755727,-3.58275254150323E-13,0.556421888825851));
#8064=DIRECTION('',(0.999268738438771,-4.28734681019011E-13,-0.0382359566244517));
#8065=CARTESIAN_POINT('',(-0.378269236791974,-0.701591790500085,0.530660501686102));
#8066=DIRECTION('',(-4.29E-13,-1.0,-3.26943875618441E-15));
#8067=DIRECTION('',(0.830899922755727,-3.58275254150323E-13,0.556421888825851));
#8068=DIRECTION('',(0.466521059444608,-1.975390765297E-13,-0.88451009100783));
#8069=CARTESIAN_POINT('',(0.730360065310857,-0.701591790500559,0.0578119551284432));
#8070=DIRECTION('',(-4.29E-13,-1.0,-3.26943875618436E-15));
#8071=DIRECTION('',(0.830899922755727,-3.58275254150323E-13,0.556421888825851));
#8072=DIRECTION('',(0.889485825464728,-3.80353428650485E-13,-0.456962762484353));
#8073=DIRECTION('',(-0.556421888825851,2.36283423590032E-13,0.830899922755727));
#8074=DIRECTION('',(-0.830899922755727,3.58275254150323E-13,-0.556421888825851));
#8075=DIRECTION('',(-0.466521059444607,1.975390765297E-13,0.884510091007831));
#8076=CARTESIAN_POINT('',(-0.393648337585844,-0.701591790500078,0.506230671721379));
#8077=DIRECTION('',(-4.29E-13,-1.0,-3.26943875618435E-15));
#8078=DIRECTION('',(0.830899922755727,-3.58275254150323E-13,0.556421888825851));
#8079=DIRECTION('',(-0.999268738438771,4.28734681019011E-13,0.0382359566244521));
#8080=CARTESIAN_POINT('',(-0.53542651893067,-0.701591790500017,0.511655663201313));
#8081=DIRECTION('',(-4.29E-13,-1.0,-3.26943875618439E-15));
#8082=DIRECTION('',(-0.830899922755727,3.58275254150323E-13,-0.556421888825851));
#8083=DIRECTION('',(-0.228202918500374,1.00881025923033E-13,-0.973613592750179));
#8084=DIRECTION('',(-0.830899922755727,3.58275254150323E-13,-0.556421888825851));
#8085=DIRECTION('',(4.29E-13,1.0,3.26943875618435E-15));
#8086=DIRECTION('',(4.29E-13,1.0,3.26943875618435E-15));
#8087=DIRECTION('',(4.29E-13,1.0,3.26943875618435E-15));
#8088=DIRECTION('',(4.29E-13,1.0,3.26943875618435E-15));
#8089=DIRECTION('',(4.29E-13,1.0,3.26943875618435E-15));
#8090=DIRECTION('',(4.29E-13,1.0,3.26943875618435E-15));
#8091=DIRECTION('',(0.830899922755727,-3.58275254150323E-13,0.556421888825851));
#8092=DIRECTION('',(4.29E-13,1.0,3.26943875618435E-15));
#8093=DIRECTION('',(0.556421888825851,-2.36283423590032E-13,-0.830899922755727));
#8094=DIRECTION('',(4.29E-13,1.0,3.26943875618435E-15));
#8095=CARTESIAN_POINT('',(-1.03475630575251,0.520908209500198,0.192437848833597));
#8096=DIRECTION('',(4.29E-13,1.0,3.26943875618438E-15));
#8097=DIRECTION('',(-0.830899922755727,3.58275254150323E-13,-0.556421888825851));
#8098=DIRECTION('',(-0.664259337591057,2.87336976168321E-13,-0.747502195597504));
#8099=DIRECTION('',(0.747502195597506,-3.18792214657685E-13,-0.664259337591055));
#8100=DIRECTION('',(0.664259337591057,-2.87336976168321E-13,0.747502195597505));
#8101=CARTESIAN_POINT('',(-0.957190186127043,0.520908209500165,0.123509597458042));
#8102=DIRECTION('',(4.29E-13,1.0,3.26943875618435E-15));
#8103=DIRECTION('',(-0.830899922755727,3.58275254150323E-13,-0.556421888825851));
#8104=DIRECTION('',(-0.463130302290194,2.01439343405415E-13,-0.886290202529958));
#8105=CARTESIAN_POINT('',(-0.94716565347839,0.520908209500161,0.142693496735435));
#8106=DIRECTION('',(4.29E-13,1.0,3.26943875618439E-15));
#8107=DIRECTION('',(-0.830899922755727,3.58275254150323E-13,-0.556421888825851));
#8108=DIRECTION('',(-0.747502195597505,3.18792214657684E-13,0.664259337591057));
#8109=CARTESIAN_POINT('',(-1.01688341257904,0.52090820950019,0.204647391655459));
#8110=DIRECTION('',(4.29E-13,1.0,3.26943875618431E-15));
#8111=DIRECTION('',(-0.830899922755727,3.58275254150323E-13,-0.556421888825851));
#8112=DIRECTION('',(-0.825722126740752,3.56076281482857E-13,-0.564077095272206));
#8113=DIRECTION('',(-4.29E-13,-1.0,-3.26943875618435E-15));
#8114=DIRECTION('',(0.747502195597505,-3.18792214657684E-13,-0.664259337591056));
#8115=DIRECTION('',(-4.29E-13,-1.0,-3.26943875618435E-15));
#8116=DIRECTION('',(-4.29E-13,-1.0,-3.26943875618435E-15));
#8117=DIRECTION('',(0.74750219559749,-3.18792214657678E-13,-0.664259337591073));
#8118=DIRECTION('',(-4.29E-13,-1.0,-3.26943875618435E-15));
#8119=CARTESIAN_POINT('',(-1.1020753750146,0.515908209500227,0.149303314037361));
#8120=DIRECTION('',(-0.664259337591073,2.87336976168328E-13,-0.74750219559749));
#8121=DIRECTION('',(-0.74750219559749,3.18792214657678E-13,0.664259337591073));
#8122=DIRECTION('',(0.74750219559749,-3.18792214657678E-13,-0.664259337591073));
#8123=CARTESIAN_POINT('',(-0.992114551558858,0.51590820950018,0.0515878769725983));
#8124=DIRECTION('',(-0.664259337591073,2.87336976168328E-13,-0.74750219559749));
#8125=DIRECTION('',(-0.74750219559749,3.18792214657678E-13,0.664259337591073));
#8126=DIRECTION('',(0.664259337591071,-2.87336976168327E-13,0.747502195597492));
#8127=CARTESIAN_POINT('',(-1.0347563057525,0.545908209500198,0.192437848833597));
#8128=DIRECTION('',(-4.29E-13,-1.0,-3.26943875618439E-15));
#8129=DIRECTION('',(0.830899922755727,-3.58275254150323E-13,0.556421888825851));
#8130=DIRECTION('',(0.825722126740751,-3.56076281482857E-13,0.564077095272207));
#8131=CARTESIAN_POINT('',(-1.01688341257903,0.54590820950019,0.20464739165546));
#8132=DIRECTION('',(-4.29E-13,-1.0,-3.26943875618435E-15));
#8133=DIRECTION('',(0.830899922755727,-3.58275254150323E-13,0.556421888825851));
#8134=DIRECTION('',(0.747502195597506,-3.18792214657684E-13,-0.664259337591056));
#8135=CARTESIAN_POINT('',(-0.947165653478377,0.545908209500161,0.142693496735436));
#8136=DIRECTION('',(-4.29E-13,-1.0,-3.26943875618433E-15));
#8137=DIRECTION('',(0.830899922755727,-3.58275254150323E-13,0.556421888825851));
#8138=DIRECTION('',(0.463130302290195,-2.01439343405415E-13,0.886290202529957));
#8139=CARTESIAN_POINT('',(-0.957190186127031,0.545908209500165,0.123509597458044));
#8140=DIRECTION('',(-4.29E-13,-1.0,-3.26943875618432E-15));
#8141=DIRECTION('',(0.830899922755727,-3.58275254150323E-13,0.556421888825851));
#8142=DIRECTION('',(0.664259337591056,-2.8733697616832E-13,0.747502195597506));
#8143=CARTESIAN_POINT('',(-0.940992834211908,0.515908209500158,0.109116004613441));
#8144=DIRECTION('',(0.664259337591056,-2.87104300177542E-13,0.747502195597505));
#8145=DIRECTION('',(0.747502195597505,-3.18792214657684E-13,-0.664259337591056));
#8146=DIRECTION('',(0.664259337591056,-2.8733697616832E-13,0.747502195597506));
#8147=CARTESIAN_POINT('',(-0.937985487607277,0.515908209500157,0.113474196180378));
#8148=DIRECTION('',(0.463130302290197,-2.02989519301739E-13,0.886290202529956));
#8149=DIRECTION('',(0.886290202529956,-3.78963329265907E-13,-0.463130302290197));
#8150=CARTESIAN_POINT('',(-0.957190186127043,0.515908209500165,0.123509597458044));
#8151=DIRECTION('',(-4.29E-13,-1.0,-3.26943875618438E-15));
#8152=DIRECTION('',(0.830899922755727,-3.58275254150323E-13,0.556421888825851));
#8153=DIRECTION('',(0.463130302290195,-2.01439343405415E-13,0.886290202529957));
#8154=CARTESIAN_POINT('',(-0.932772060633788,0.515908209500154,0.158890848650571));
#8155=DIRECTION('',(-0.747502195597506,3.20135389695364E-13,0.664259337591056));
#8156=DIRECTION('',(0.664259337591056,-2.87336976168321E-13,0.747502195597506));
#8157=CARTESIAN_POINT('',(-1.00248981973444,0.515908209500184,0.220844743570595));
#8158=DIRECTION('',(-0.747502195597505,3.20918908467344E-13,0.664259337591057));
#8159=DIRECTION('',(0.664259337591057,-2.87336976168321E-13,0.747502195597505));
#8160=DIRECTION('',(0.747502195597506,-3.18792214657684E-13,-0.664259337591056));
#8161=CARTESIAN_POINT('',(-1.02910619302464,0.515908209500195,0.222539662674467));
#8162=DIRECTION('',(-0.825722126740751,3.48675110739021E-13,-0.564077095272208));
#8163=DIRECTION('',(-0.564077095272208,2.39584423043834E-13,0.825722126740751));
#8164=CARTESIAN_POINT('',(-1.01688341257905,0.51590820950019,0.20464739165546));
#8165=DIRECTION('',(-4.29E-13,-1.0,-3.26943875618434E-15));
#8166=DIRECTION('',(0.830899922755727,-3.58275254150323E-13,0.556421888825851));
#8167=CARTESIAN_POINT('',(-1.04697908619811,0.515908209500203,0.210330119852605));
#8168=DIRECTION('',(-0.825722126740755,3.6347852101868E-13,-0.564077095272201));
#8169=DIRECTION('',(-0.564077095272202,2.39584423043831E-13,0.825722126740755));
#8170=DIRECTION('',(0.825722126740751,-3.56076281482857E-13,0.564077095272207));
#8171=CARTESIAN_POINT('',(-1.05095365766765,0.515908209500205,0.2068314416782));
#8172=DIRECTION('',(-0.664259337591073,2.86929793184464E-13,-0.74750219559749));
#8173=DIRECTION('',(-0.74750219559749,3.18792214657678E-13,0.664259337591073));
#8174=CARTESIAN_POINT('',(-1.03475630575251,0.515908209500198,0.192437848833597));
#8175=DIRECTION('',(-4.29E-13,-1.0,-3.26943875618438E-15));
#8176=DIRECTION('',(0.830899922755727,-3.58275254150323E-13,0.556421888825851));
#8177=CARTESIAN_POINT('',(-1.11536056176642,0.515908209500233,0.134353270125411));
#8178=DIRECTION('',(-0.998266153535951,4.28598061108184E-13,-0.0588615893816831));
#8179=DIRECTION('',(-0.0588615893816831,2.2242212439658E-14,0.99826615353595));
#8180=DIRECTION('',(0.664259337591071,-2.87336976168327E-13,0.747502195597492));
#8181=DIRECTION('',(0.0588615893816831,-2.2242212439658E-14,-0.998266153535951));
#8182=DIRECTION('',(-4.29E-13,-1.0,-3.26943875618435E-15));
#8183=DIRECTION('',(0.664259337591071,-2.87336976168327E-13,0.747502195597492));
#8184=DIRECTION('',(-4.29E-13,-1.0,-3.26943875618435E-15));
#8185=CARTESIAN_POINT('',(-1.03475630575252,0.495908209500198,0.192437848833597));
#8186=DIRECTION('',(-4.29E-13,-1.0,-3.26943875618438E-15));
#8187=DIRECTION('',(0.830899922755727,-3.58275254150323E-13,0.556421888825851));
#8188=DIRECTION('',(-4.29E-13,-1.0,-3.26943875618435E-15));
#8189=DIRECTION('',(0.825722126740751,-3.56076281482857E-13,0.564077095272207));
#8190=DIRECTION('',(-4.29E-13,-1.0,-3.26943875618435E-15));
#8191=CARTESIAN_POINT('',(-1.01688341257906,0.49590820950019,0.20464739165546));
#8192=DIRECTION('',(-4.29E-13,-1.0,-3.26943875618434E-15));
#8193=DIRECTION('',(0.830899922755727,-3.58275254150323E-13,0.556421888825851));
#8194=DIRECTION('',(-4.29E-13,-1.0,-3.26943875618435E-15));
#8195=DIRECTION('',(0.747502195597506,-3.18792214657684E-13,-0.664259337591056));
#8196=CARTESIAN_POINT('',(-0.947165653478399,0.495908209500161,0.142693496735436));
#8197=DIRECTION('',(-4.29E-13,-1.0,-3.26943875618441E-15));
#8198=DIRECTION('',(0.830899922755727,-3.58275254150323E-13,0.556421888825851));
#8199=DIRECTION('',(-4.29E-13,-1.0,-3.26943875618435E-15));
#8200=DIRECTION('',(0.463130302290195,-2.01439343405415E-13,0.886290202529957));
#8201=DIRECTION('',(-4.29E-13,-1.0,-3.26943875618435E-15));
#8202=CARTESIAN_POINT('',(-0.957190186127052,0.495908209500165,0.123509597458044));
#8203=DIRECTION('',(-4.29E-13,-1.0,-3.26943875618438E-15));
#8204=DIRECTION('',(0.830899922755727,-3.58275254150323E-13,0.556421888825851));
#8205=DIRECTION('',(-4.29E-13,-1.0,-3.26943875618435E-15));
#8206=DIRECTION('',(0.664259337591056,-2.8733697616832E-13,0.747502195597506));
#8207=DIRECTION('',(0.664259337591056,-2.87336976168321E-13,0.747502195597505));
#8208=DIRECTION('',(-4.29E-13,-1.0,-3.26943875618435E-15));
#8209=CARTESIAN_POINT('',(-0.957190186127054,0.495908209500165,0.123509597458042));
#8210=DIRECTION('',(-4.29E-13,-1.0,-3.26943875618435E-15));
#8211=DIRECTION('',(0.830899922755727,-3.58275254150323E-13,0.556421888825851));
#8212=DIRECTION('',(-4.29E-13,-1.0,-3.26943875618435E-15));
#8213=DIRECTION('',(0.463130302290194,-2.01439343405415E-13,0.886290202529958));
#8214=DIRECTION('',(-4.29E-13,-1.0,-3.26943875618435E-15));
#8215=CARTESIAN_POINT('',(-0.9471656534784,0.495908209500161,0.142693496735435));
#8216=DIRECTION('',(-4.29E-13,-1.0,-3.26943875618439E-15));
#8217=DIRECTION('',(0.830899922755727,-3.58275254150323E-13,0.556421888825851));
#8218=DIRECTION('',(0.747502195597505,-3.18792214657684E-13,-0.664259337591057));
#8219=DIRECTION('',(-4.29E-13,-1.0,-3.26943875618435E-15));
#8220=CARTESIAN_POINT('',(-1.01688341257906,0.49590820950019,0.204647391655459));
#8221=DIRECTION('',(-4.29E-13,-1.0,-3.26943875618431E-15));
#8222=DIRECTION('',(0.830899922755727,-3.58275254150323E-13,0.556421888825851));
#8223=DIRECTION('',(-4.29E-13,-1.0,-3.26943875618435E-15));
#8224=DIRECTION('',(0.825722126740752,-3.56076281482857E-13,0.564077095272206));
#8225=DIRECTION('',(-4.29E-13,-1.0,-3.26943875618435E-15));
#8226=CARTESIAN_POINT('',(-1.03475630575252,0.495908209500198,0.192437848833597));
#8227=DIRECTION('',(-4.29E-13,-1.0,-3.26943875618438E-15));
#8228=DIRECTION('',(0.830899922755727,-3.58275254150323E-13,0.556421888825851));
#8229=DIRECTION('',(-4.29E-13,-1.0,-3.26943875618435E-15));
#8230=DIRECTION('',(0.664259337591071,-2.87336976168327E-13,0.747502195597492));
#8231=DIRECTION('',(0.530895602311796,-2.25278442508133E-13,-0.847437230387004));
#8232=DIRECTION('',(-0.514050541311886,2.23206199858129E-13,-0.857759897044014));
#8233=CARTESIAN_POINT('',(-0.959478005131951,0.495908209500166,0.144208503230291));
#8234=DIRECTION('',(4.29E-13,1.0,3.26943875618435E-15));
#8235=DIRECTION('',(0.830899922755727,-3.58275254150323E-13,0.556421888825851));
#8236=DIRECTION('',(0.732138668089341,-3.12147639769496E-13,-0.681155614150221));
#8237=CARTESIAN_POINT('',(-0.993013118483429,0.49590820950018,0.175408372498412));
#8238=DIRECTION('',(4.29E-13,1.0,3.26943875618434E-15));
#8239=DIRECTION('',(-0.830899922755727,3.58275254150323E-13,-0.556421888825851));
#8240=DIRECTION('',(0.818490918102926,-3.53004486996629E-13,0.57451946614804));
#8241=CARTESIAN_POINT('',(-1.09452492347027,0.495908209500224,0.128589883543645));
#8242=DIRECTION('',(-4.29E-13,-1.0,-3.26943875618436E-15));
#8243=DIRECTION('',(-0.830899922755727,3.58275254150323E-13,-0.556421888825851));
#8244=DIRECTION('',(0.423661768153509,-1.79080955945406E-13,-0.905820460248631));
#8245=CARTESIAN_POINT('',(-1.09286659133538,0.495908209500223,0.172251715251876));
#8246=DIRECTION('',(-4.29E-13,-1.0,-3.26943875618433E-15));
#8247=DIRECTION('',(0.830899922755727,-3.58275254150323E-13,0.556421888825851));
#8248=DIRECTION('',(-0.681155614150245,2.94541788183347E-13,-0.73213866808932));
#8249=CARTESIAN_POINT('',(-1.01136452611939,0.495908209500188,0.259854037297192));
#8250=DIRECTION('',(-4.29E-13,-1.0,-3.26943875618437E-15));
#8251=DIRECTION('',(-0.830899922755727,3.58275254150323E-13,-0.556421888825851));
#8252=DIRECTION('',(-0.951411777707088,4.07380575160241E-13,0.307921466027035));
#8253=CARTESIAN_POINT('',(-0.984636882414099,0.495908209500176,0.240693022413484));
#8254=DIRECTION('',(-4.29E-13,-1.0,-3.26943875618434E-15));
#8255=DIRECTION('',(0.830899922755727,-3.58275254150323E-13,0.556421888825851));
#8256=DIRECTION('',(-0.530895602311896,2.25278442508177E-13,0.847437230386941));
#8257=CARTESIAN_POINT('',(-0.874410322232945,0.495908209500129,0.262523885344966));
#8258=DIRECTION('',(4.29E-13,1.0,3.26943875618432E-15));
#8259=DIRECTION('',(0.830899922755727,-3.58275254150323E-13,0.556421888825851));
#8260=CARTESIAN_POINT('',(-0.0650519323715155,0.495908209499782,0.251590698131835));
#8261=DIRECTION('',(-4.29E-13,-1.0,-3.26943875618437E-15));
#8262=DIRECTION('',(0.830899922755727,-3.58275254150323E-13,0.556421888825851));
#8263=CARTESIAN_POINT('',(-0.185751782647044,0.495908209499832,0.787652022640545));
#8264=DIRECTION('',(-4.29E-13,-1.0,-3.26943875618434E-15));
#8265=DIRECTION('',(0.830899922755727,-3.58275254150323E-13,0.556421888825851));
#8266=CARTESIAN_POINT('',(-0.161580247600694,0.495908209499822,0.769966773461234));
#8267=DIRECTION('',(-4.29E-13,-1.0,-3.26943875618433E-15));
#8268=DIRECTION('',(0.830899922755727,-3.58275254150323E-13,0.556421888825851));
#8269=CARTESIAN_POINT('',(-0.0641607605761543,0.49590820949978,0.669421044820601));
#8270=DIRECTION('',(-4.29E-13,-1.0,-3.26943875618437E-15));
#8271=DIRECTION('',(0.830899922755727,-3.58275254150323E-13,0.556421888825851));
#8272=DIRECTION('',(0.556421888825851,-2.36283423590032E-13,-0.830899922755727));
#8273=CARTESIAN_POINT('',(-0.111912218114147,0.4959082094998,0.713769915480351));
#8274=DIRECTION('',(-4.29E-13,-1.0,-3.26943875618438E-15));
#8275=DIRECTION('',(-0.830899922755727,3.58275254150323E-13,-0.556421888825851));
#8276=CARTESIAN_POINT('',(-0.161580247600694,0.495908209499822,0.769966773461234));
#8277=DIRECTION('',(4.29E-13,1.0,3.26943875618436E-15));
#8278=DIRECTION('',(0.830899922755727,-3.58275254150323E-13,0.556421888825851));
#8279=CARTESIAN_POINT('',(-0.113584456497525,0.495908209499801,0.698295079875678));
#8280=DIRECTION('',(4.29E-13,1.0,3.26943875618434E-15));
#8281=DIRECTION('',(-0.830899922755727,3.58275254150323E-13,-0.556421888825851));
#8282=DIRECTION('',(-0.556421888825851,2.36283423590032E-13,0.830899922755727));
#8283=CARTESIAN_POINT('',(-0.241998214032593,0.495908209499857,0.519368020771744));
#8284=DIRECTION('',(-4.29E-13,-1.0,-3.26943875618435E-15));
#8285=DIRECTION('',(-0.830899922755727,3.58275254150323E-13,-0.556421888825851));
#8286=DIRECTION('',(0.194085279078564,-8.62612506385415E-14,0.98098466065734));
#8287=CARTESIAN_POINT('',(-0.260602814391936,0.495908209499865,0.425332926215252));
#8288=DIRECTION('',(-4.29E-13,-1.0,-3.26943875618437E-15));
#8289=DIRECTION('',(0.830899922755727,-3.58275254150323E-13,0.556421888825851));
#8290=DIRECTION('',(0.830899922755725,-3.58275254150322E-13,0.556421888825854));
#8291=DIRECTION('',(0.964741965545421,-4.14828657766576E-13,0.263197530223136));
#8292=DIRECTION('',(0.830899922755727,-3.58275254150323E-13,0.556421888825851));
#8293=DIRECTION('',(-0.228202918500374,1.00881025923033E-13,-0.973613592750179));
#8294=CARTESIAN_POINT('',(-0.535426518930185,0.425908209499983,0.511655663201316));
#8295=DIRECTION('',(-4.29E-13,-1.0,-3.26943875618439E-15));
#8296=DIRECTION('',(0.830899922755727,-3.58275254150323E-13,0.556421888825851));
#8297=DIRECTION('',(-0.999268738438771,4.28734681019011E-13,0.038235956624452));
#8298=CARTESIAN_POINT('',(-0.393648337585361,0.425908209499922,0.506230671721383));
#8299=DIRECTION('',(-4.29E-13,-1.0,-3.26943875618435E-15));
#8300=DIRECTION('',(0.830899922755727,-3.58275254150323E-13,0.556421888825851));
#8301=DIRECTION('',(-0.466521059444607,1.975390765297E-13,0.884510091007831));
#8302=DIRECTION('',(0.830899922755727,-3.58275254150323E-13,0.556421888825851));
#8303=DIRECTION('',(0.556421888825851,-2.36283423590032E-13,-0.830899922755727));
#8304=DIRECTION('',(0.964741965545421,-4.14828657766576E-13,0.263197530223136));
#8305=DIRECTION('',(0.830899922755725,-3.58275254150322E-13,0.556421888825854));
#8306=CARTESIAN_POINT('',(-0.260602814391966,0.425908209499865,0.425332926215252));
#8307=DIRECTION('',(-4.29E-13,-1.0,-3.26943875618437E-15));
#8308=DIRECTION('',(0.830899922755727,-3.58275254150323E-13,0.556421888825851));
#8309=DIRECTION('',(0.194085279078564,-8.62612506385415E-14,0.98098466065734));
#8310=CARTESIAN_POINT('',(-0.241998214032623,0.425908209499857,0.519368020771744));
#8311=DIRECTION('',(-4.29E-13,-1.0,-3.26943875618435E-15));
#8312=DIRECTION('',(-0.830899922755727,3.58275254150323E-13,-0.556421888825851));
#8313=DIRECTION('',(-0.556421888825851,2.36283423590032E-13,0.830899922755727));
#8314=CARTESIAN_POINT('',(-0.113584456497556,0.425908209499801,0.698295079875678));
#8315=DIRECTION('',(4.29E-13,1.0,3.26943875618434E-15));
#8316=DIRECTION('',(-0.830899922755727,3.58275254150323E-13,-0.556421888825851));
#8317=CARTESIAN_POINT('',(-0.161580247600725,0.425908209499821,0.769966773461233));
#8318=DIRECTION('',(4.29E-13,1.0,3.26943875618436E-15));
#8319=DIRECTION('',(0.830899922755727,-3.58275254150323E-13,0.556421888825851));
#8320=CARTESIAN_POINT('',(-0.111912218114178,0.4259082094998,0.713769915480351));
#8321=DIRECTION('',(-4.29E-13,-1.0,-3.26943875618438E-15));
#8322=DIRECTION('',(-0.830899922755727,3.58275254150323E-13,-0.556421888825851));
#8323=DIRECTION('',(0.556421888825851,-2.36283423590032E-13,-0.830899922755727));
#8324=CARTESIAN_POINT('',(-0.0641607605761845,0.42590820949978,0.669421044820601));
#8325=DIRECTION('',(-4.29E-13,-1.0,-3.26943875618437E-15));
#8326=DIRECTION('',(0.830899922755727,-3.58275254150323E-13,0.556421888825851));
#8327=CARTESIAN_POINT('',(-0.161580247600725,0.425908209499821,0.769966773461233));
#8328=DIRECTION('',(-4.29E-13,-1.0,-3.26943875618433E-15));
#8329=DIRECTION('',(0.830899922755727,-3.58275254150323E-13,0.556421888825851));
#8330=CARTESIAN_POINT('',(-0.185751782647074,0.425908209499832,0.787652022640545));
#8331=DIRECTION('',(-4.29E-13,-1.0,-3.26943875618434E-15));
#8332=DIRECTION('',(0.830899922755727,-3.58275254150323E-13,0.556421888825851));
#8333=CARTESIAN_POINT('',(-0.0650519323715457,0.425908209499782,0.251590698131834));
#8334=DIRECTION('',(-4.29E-13,-1.0,-3.26943875618437E-15));
#8335=DIRECTION('',(0.830899922755727,-3.58275254150323E-13,0.556421888825851));
#8336=CARTESIAN_POINT('',(-0.874410322232976,0.425908209500129,0.262523885344966));
#8337=DIRECTION('',(4.29E-13,1.0,3.26943875618432E-15));
#8338=DIRECTION('',(0.830899922755727,-3.58275254150323E-13,0.556421888825851));
#8339=DIRECTION('',(-0.530895602311896,2.25278442508177E-13,0.847437230386941));
#8340=CARTESIAN_POINT('',(-0.984636882414129,0.425908209500176,0.240693022413484));
#8341=DIRECTION('',(-4.29E-13,-1.0,-3.26943875618434E-15));
#8342=DIRECTION('',(0.830899922755727,-3.58275254150323E-13,0.556421888825851));
#8343=DIRECTION('',(-0.951411777707088,4.07380575160241E-13,0.307921466027035));
#8344=CARTESIAN_POINT('',(-1.01136452611942,0.425908209500188,0.259854037297192));
#8345=DIRECTION('',(-4.29E-13,-1.0,-3.26943875618437E-15));
#8346=DIRECTION('',(-0.830899922755727,3.58275254150323E-13,-0.556421888825851));
#8347=DIRECTION('',(-0.681155614150245,2.94541788183347E-13,-0.73213866808932));
#8348=CARTESIAN_POINT('',(-1.09286659133541,0.425908209500223,0.172251715251875));
#8349=DIRECTION('',(-4.29E-13,-1.0,-3.26943875618433E-15));
#8350=DIRECTION('',(0.830899922755727,-3.58275254150323E-13,0.556421888825851));
#8351=DIRECTION('',(0.423661768153509,-1.79080955945406E-13,-0.905820460248631));
#8352=CARTESIAN_POINT('',(-1.0945249234703,0.425908209500224,0.128589883543645));
#8353=DIRECTION('',(-4.29E-13,-1.0,-3.26943875618436E-15));
#8354=DIRECTION('',(-0.830899922755727,3.58275254150323E-13,-0.556421888825851));
#8355=DIRECTION('',(0.818490918102926,-3.53004486996629E-13,0.57451946614804));
#8356=CARTESIAN_POINT('',(-0.993013118483459,0.42590820950018,0.175408372498412));
#8357=DIRECTION('',(4.29E-13,1.0,3.26943875618434E-15));
#8358=DIRECTION('',(-0.830899922755727,3.58275254150323E-13,-0.556421888825851));
#8359=DIRECTION('',(0.732138668089341,-3.12147639769496E-13,-0.681155614150221));
#8360=CARTESIAN_POINT('',(-0.959478005131981,0.425908209500166,0.144208503230291));
#8361=DIRECTION('',(4.29E-13,1.0,3.26943875618435E-15));
#8362=DIRECTION('',(0.830899922755727,-3.58275254150323E-13,0.556421888825851));
#8363=DIRECTION('',(-0.514050541311886,2.23206199858129E-13,-0.857759897044014));
#8364=DIRECTION('',(0.530895602311796,-2.25278442508133E-13,-0.847437230387004));
#8365=DIRECTION('',(-4.29E-13,-1.0,-3.26943875618435E-15));
#8366=DIRECTION('',(-4.29E-13,-1.0,-3.26943875618435E-15));
#8367=DIRECTION('',(-4.29E-13,-1.0,-3.26943875618435E-15));
#8368=DIRECTION('',(-4.29E-13,-1.0,-3.26943875618435E-15));
#8369=DIRECTION('',(-4.29E-13,-1.0,-3.26943875618435E-15));
#8370=DIRECTION('',(-4.29E-13,-1.0,-3.26943875618435E-15));
#8371=DIRECTION('',(-4.29E-13,-1.0,-3.26943875618435E-15));
#8372=DIRECTION('',(-4.29E-13,-1.0,-3.26943875618435E-15));
#8373=DIRECTION('',(-4.29E-13,-1.0,-3.26943875618435E-15));
#8374=DIRECTION('',(-4.29E-13,-1.0,-3.26943875618435E-15));
#8375=DIRECTION('',(0.647675294334647,-2.8026329266423E-13,0.761916473839835));
#8376=DIRECTION('',(0.647675294334647,-2.8026329266423E-13,0.761916473839835));
#8377=DIRECTION('',(-4.29E-13,-1.0,-3.26943875618435E-15));
#8378=DIRECTION('',(0.403089825443542,-1.75759435838275E-13,0.915160419065365));
#8379=DIRECTION('',(-4.29E-13,-1.0,-3.26943875618435E-15));
#8380=DIRECTION('',(0.403089825443542,-1.75759435838275E-13,0.915160419065365));
#8381=DIRECTION('',(-4.29E-13,-1.0,-3.26943875618435E-15));
#8382=DIRECTION('',(-4.29E-13,-1.0,-3.26943875618435E-15));
#8383=DIRECTION('',(-4.29E-13,-1.0,-3.26943875618435E-15));
#8384=DIRECTION('',(-4.29E-13,-1.0,-3.26943875618435E-15));
#8385=DIRECTION('',(-4.29E-13,-1.0,-3.26943875618435E-15));
#8386=DIRECTION('',(-4.29E-13,-1.0,-3.26943875618435E-15));
#8387=DIRECTION('',(-4.29E-13,-1.0,-3.26943875618435E-15));
#8388=DIRECTION('',(-4.29E-13,-1.0,-3.26943875618435E-15));
#8389=DIRECTION('',(-4.29E-13,-1.0,-3.26943875618435E-15));
#8390=DIRECTION('',(-4.29E-13,-1.0,-3.26943875618435E-15));
#8391=DIRECTION('',(-4.29E-13,-1.0,-3.26943875618435E-15));
#8392=DIRECTION('',(-4.29E-13,-1.0,-3.26943875618435E-15));
#8393=DIRECTION('',(0.228202918500374,-1.00881025923033E-13,0.973613592750179));
#8394=DIRECTION('',(4.29E-13,1.0,3.26943875618435E-15));
#8395=CARTESIAN_POINT('',(-0.535426518930583,-0.499091790500017,0.511655663201313));
#8396=DIRECTION('',(-4.29E-13,-1.0,-3.26943875618439E-15));
#8397=DIRECTION('',(0.830899922755727,-3.58275254150323E-13,0.556421888825851));
#8398=DIRECTION('',(4.29E-13,1.0,3.26943875618435E-15));
#8399=DIRECTION('',(0.999268738438771,-4.28734681019011E-13,-0.038235956624452));
#8400=DIRECTION('',(4.29E-13,1.0,3.26943875618435E-15));
#8401=CARTESIAN_POINT('',(-0.393648337585757,-0.499091790500078,0.50623067172138));
#8402=DIRECTION('',(-4.29E-13,-1.0,-3.26943875618435E-15));
#8403=DIRECTION('',(0.830899922755727,-3.58275254150323E-13,0.556421888825851));
#8404=DIRECTION('',(0.466521059444607,-1.975390765297E-13,-0.884510091007831));
#8405=DIRECTION('',(4.29E-13,1.0,3.26943875618435E-15));
#8406=CARTESIAN_POINT('',(-1.03475630575296,-0.524091790499802,0.192437848833594));
#8407=DIRECTION('',(4.29E-13,1.0,3.26943875618438E-15));
#8408=DIRECTION('',(-0.830899922755727,3.58275254150323E-13,-0.556421888825851));
#8409=DIRECTION('',(-0.825722126740752,3.56076281482857E-13,-0.564077095272206));
#8410=CARTESIAN_POINT('',(-1.01688341257949,-0.52409179049981,0.204647391655456));
#8411=DIRECTION('',(4.29E-13,1.0,3.26943875618431E-15));
#8412=DIRECTION('',(-0.830899922755727,3.58275254150323E-13,-0.556421888825851));
#8413=DIRECTION('',(-0.747502195597505,3.18792214657684E-13,0.664259337591057));
#8414=CARTESIAN_POINT('',(-0.947165653478837,-0.524091790499839,0.142693496735431));
#8415=DIRECTION('',(4.29E-13,1.0,3.26943875618439E-15));
#8416=DIRECTION('',(-0.830899922755727,3.58275254150323E-13,-0.556421888825851));
#8417=DIRECTION('',(-0.463130302290194,2.01439343405415E-13,-0.886290202529958));
#8418=CARTESIAN_POINT('',(-0.957190186127493,-0.524091790499835,0.123509597458039));
#8419=DIRECTION('',(4.29E-13,1.0,3.26943875618435E-15));
#8420=DIRECTION('',(-0.830899922755727,3.58275254150323E-13,-0.556421888825851));
#8421=DIRECTION('',(0.664259337591057,-2.87336976168321E-13,0.747502195597505));
#8422=DIRECTION('',(0.747502195597506,-3.18792214657685E-13,-0.664259337591055));
#8423=DIRECTION('',(-0.664259337591057,2.87336976168321E-13,-0.747502195597504));
#8424=DIRECTION('',(0.74750219559749,-3.18792214657678E-13,-0.664259337591073));
#8425=DIRECTION('',(0.664259337591056,-2.8733697616832E-13,0.747502195597506));
#8426=CARTESIAN_POINT('',(-0.9571901861275,-0.549091790499835,0.12350959745804));
#8427=DIRECTION('',(-4.29E-13,-1.0,-3.26943875618432E-15));
#8428=DIRECTION('',(0.830899922755727,-3.58275254150323E-13,0.556421888825851));
#8429=DIRECTION('',(0.463130302290195,-2.01439343405415E-13,0.886290202529957));
#8430=CARTESIAN_POINT('',(-0.947165653478846,-0.549091790499839,0.142693496735432));
#8431=DIRECTION('',(-4.29E-13,-1.0,-3.26943875618433E-15));
#8432=DIRECTION('',(0.830899922755727,-3.58275254150323E-13,0.556421888825851));
#8433=DIRECTION('',(0.747502195597506,-3.18792214657684E-13,-0.664259337591056));
#8434=CARTESIAN_POINT('',(-1.0168834125795,-0.54909179049981,0.204647391655456));
#8435=DIRECTION('',(-4.29E-13,-1.0,-3.26943875618435E-15));
#8436=DIRECTION('',(0.830899922755727,-3.58275254150323E-13,0.556421888825851));
#8437=DIRECTION('',(0.825722126740751,-3.56076281482857E-13,0.564077095272207));
#8438=CARTESIAN_POINT('',(-1.03475630575297,-0.549091790499802,0.192437848833594));
#8439=DIRECTION('',(-4.29E-13,-1.0,-3.26943875618439E-15));
#8440=DIRECTION('',(0.830899922755727,-3.58275254150323E-13,0.556421888825851));
#8441=DIRECTION('',(0.664259337591071,-2.87336976168327E-13,0.747502195597492));
#8442=DIRECTION('',(4.29E-13,1.0,3.26943875618435E-15));
#8443=DIRECTION('',(0.664259337591056,-2.87336976168321E-13,0.747502195597505));
#8444=DIRECTION('',(4.29E-13,1.0,3.26943875618435E-15));
#8445=DIRECTION('',(4.29E-13,1.0,3.26943875618435E-15));
#8446=CARTESIAN_POINT('',(-0.95719018612748,-0.499091790499835,0.123509597458039));
#8447=DIRECTION('',(-4.29E-13,-1.0,-3.26943875618435E-15));
#8448=DIRECTION('',(0.830899922755727,-3.58275254150323E-13,0.556421888825851));
#8449=DIRECTION('',(0.463130302290194,-2.01439343405415E-13,0.886290202529958));
#8450=DIRECTION('',(4.29E-13,1.0,3.26943875618435E-15));
#8451=CARTESIAN_POINT('',(-0.947165653478827,-0.499091790499839,0.142693496735431));
#8452=DIRECTION('',(-4.29E-13,-1.0,-3.26943875618439E-15));
#8453=DIRECTION('',(0.830899922755727,-3.58275254150323E-13,0.556421888825851));
#8454=DIRECTION('',(4.29E-13,1.0,3.26943875618435E-15));
#8455=DIRECTION('',(0.747502195597505,-3.18792214657684E-13,-0.664259337591057));
#8456=DIRECTION('',(4.29E-13,1.0,3.26943875618435E-15));
#8457=CARTESIAN_POINT('',(-1.01688341257948,-0.49909179049981,0.204647391655456));
#8458=DIRECTION('',(-4.29E-13,-1.0,-3.26943875618431E-15));
#8459=DIRECTION('',(0.830899922755727,-3.58275254150323E-13,0.556421888825851));
#8460=DIRECTION('',(4.29E-13,1.0,3.26943875618435E-15));
#8461=DIRECTION('',(0.825722126740752,-3.56076281482857E-13,0.564077095272206));
#8462=DIRECTION('',(4.29E-13,1.0,3.26943875618435E-15));
#8463=CARTESIAN_POINT('',(-1.03475630575295,-0.499091790499802,0.192437848833594));
#8464=DIRECTION('',(-4.29E-13,-1.0,-3.26943875618438E-15));
#8465=DIRECTION('',(0.830899922755727,-3.58275254150323E-13,0.556421888825851));
#8466=DIRECTION('',(4.29E-13,1.0,3.26943875618435E-15));
#8467=DIRECTION('',(0.664259337591071,-2.87336976168327E-13,0.747502195597492));
#8468=DIRECTION('',(4.29E-13,1.0,3.26943875618435E-15));
#8469=CARTESIAN_POINT('',(-0.992114551559302,-0.51909179049982,0.0515878769725948));
#8470=DIRECTION('',(0.664259337591073,-2.87336976168328E-13,0.74750219559749));
#8471=DIRECTION('',(-0.74750219559749,3.18792214657678E-13,0.664259337591073));
#8472=CARTESIAN_POINT('',(-1.10207537501504,-0.519091790499773,0.149303314037358));
#8473=DIRECTION('',(0.664259337591073,-2.87336976168328E-13,0.74750219559749));
#8474=DIRECTION('',(-0.74750219559749,3.18792214657678E-13,0.664259337591073));
#8475=DIRECTION('',(4.29E-13,1.0,3.26943875618435E-15));
#8476=DIRECTION('',(0.74750219559749,-3.18792214657678E-13,-0.664259337591073));
#8477=DIRECTION('',(0.747502195597505,-3.18792214657684E-13,-0.664259337591056));
#8478=CARTESIAN_POINT('',(-1.11536056176686,-0.519091790499767,0.134353270125407));
#8479=DIRECTION('',(0.998266153535951,-4.28598061108184E-13,0.0588615893816831));
#8480=DIRECTION('',(-0.0588615893816831,2.2242212439658E-14,0.99826615353595));
#8481=DIRECTION('',(4.29E-13,1.0,3.26943875618435E-15));
#8482=DIRECTION('',(0.0588615893816831,-2.2242212439658E-14,-0.998266153535951));
#8483=DIRECTION('',(0.664259337591071,-2.87336976168327E-13,0.747502195597492));
#8484=DIRECTION('',(4.29E-13,1.0,3.26943875618435E-15));
#8485=DIRECTION('',(0.664259337591071,-2.87336976168327E-13,0.747502195597492));
#8486=CARTESIAN_POINT('',(-1.03475630575296,-0.519091790499802,0.192437848833594));
#8487=DIRECTION('',(-4.29E-13,-1.0,-3.26943875618438E-15));
#8488=DIRECTION('',(0.830899922755727,-3.58275254150323E-13,0.556421888825851));
#8489=DIRECTION('',(4.29E-13,1.0,3.26943875618435E-15));
#8490=CARTESIAN_POINT('',(-1.03475630575295,-0.499091790499802,0.192437848833594));
#8491=DIRECTION('',(-4.29E-13,-1.0,-3.26943875618438E-15));
#8492=DIRECTION('',(0.830899922755727,-3.58275254150323E-13,0.556421888825851));
#8493=DIRECTION('',(0.825722126740751,-3.56076281482857E-13,0.564077095272207));
#8494=DIRECTION('',(4.29E-13,1.0,3.26943875618435E-15));
#8495=DIRECTION('',(0.825722126740751,-3.56076281482857E-13,0.564077095272207));
#8496=CARTESIAN_POINT('',(-1.01688341257949,-0.51909179049981,0.204647391655456));
#8497=DIRECTION('',(-4.29E-13,-1.0,-3.26943875618434E-15));
#8498=DIRECTION('',(0.830899922755727,-3.58275254150323E-13,0.556421888825851));
#8499=DIRECTION('',(4.29E-13,1.0,3.26943875618435E-15));
#8500=CARTESIAN_POINT('',(-1.01688341257948,-0.49909179049981,0.204647391655456));
#8501=DIRECTION('',(-4.29E-13,-1.0,-3.26943875618434E-15));
#8502=DIRECTION('',(0.830899922755727,-3.58275254150323E-13,0.556421888825851));
#8503=DIRECTION('',(0.747502195597506,-3.18792214657684E-13,-0.664259337591056));
#8504=DIRECTION('',(4.29E-13,1.0,3.26943875618435E-15));
#8505=DIRECTION('',(0.747502195597506,-3.18792214657684E-13,-0.664259337591056));
#8506=CARTESIAN_POINT('',(-0.947165653478825,-0.499091790499839,0.142693496735432));
#8507=DIRECTION('',(-4.29E-13,-1.0,-3.26943875618441E-15));
#8508=DIRECTION('',(0.830899922755727,-3.58275254150323E-13,0.556421888825851));
#8509=DIRECTION('',(0.463130302290195,-2.01439343405415E-13,0.886290202529957));
#8510=DIRECTION('',(4.29E-13,1.0,3.26943875618435E-15));
#8511=DIRECTION('',(0.463130302290195,-2.01439343405415E-13,0.886290202529957));
#8512=CARTESIAN_POINT('',(-0.957190186127487,-0.519091790499835,0.12350959745804));
#8513=DIRECTION('',(-4.29E-13,-1.0,-3.26943875618438E-15));
#8514=DIRECTION('',(0.830899922755727,-3.58275254150323E-13,0.556421888825851));
#8515=DIRECTION('',(4.29E-13,1.0,3.26943875618435E-15));
#8516=CARTESIAN_POINT('',(-0.957190186127479,-0.499091790499835,0.12350959745804));
#8517=DIRECTION('',(-4.29E-13,-1.0,-3.26943875618438E-15));
#8518=DIRECTION('',(0.830899922755727,-3.58275254150323E-13,0.556421888825851));
#8519=DIRECTION('',(0.664259337591056,-2.8733697616832E-13,0.747502195597506));
#8520=DIRECTION('',(0.664259337591056,-2.8733697616832E-13,0.747502195597506));
#8521=DIRECTION('',(0.830899922755727,-3.58275254150323E-13,0.556421888825851));
#8522=DIRECTION('',(0.964741965545421,-4.14828657766576E-13,0.263197530223136));
#8523=DIRECTION('',(0.830899922755725,-3.58275254150322E-13,0.556421888825854));
#8524=CARTESIAN_POINT('',(-0.260602814392364,-0.499091790500135,0.425332926215249));
#8525=DIRECTION('',(-4.29E-13,-1.0,-3.26943875618437E-15));
#8526=DIRECTION('',(0.830899922755727,-3.58275254150323E-13,0.556421888825851));
#8527=DIRECTION('',(0.194085279078564,-8.62612506385415E-14,0.98098466065734));
#8528=CARTESIAN_POINT('',(-0.241998214033019,-0.499091790500143,0.519368020771741));
#8529=DIRECTION('',(-4.29E-13,-1.0,-3.26943875618435E-15));
#8530=DIRECTION('',(-0.830899922755727,3.58275254150323E-13,-0.556421888825851));
#8531=DIRECTION('',(-0.556421888825851,2.36283423590032E-13,0.830899922755727));
#8532=CARTESIAN_POINT('',(-0.113584456497954,-0.499091790500199,0.698295079875675));
#8533=DIRECTION('',(4.29E-13,1.0,3.26943875618434E-15));
#8534=DIRECTION('',(-0.830899922755727,3.58275254150323E-13,-0.556421888825851));
#8535=CARTESIAN_POINT('',(-0.161580247601121,-0.499091790500178,0.76996677346123));
#8536=DIRECTION('',(4.29E-13,1.0,3.26943875618436E-15));
#8537=DIRECTION('',(0.830899922755727,-3.58275254150323E-13,0.556421888825851));
#8538=CARTESIAN_POINT('',(-0.111912218114574,-0.4990917905002,0.713769915480347));
#8539=DIRECTION('',(-4.29E-13,-1.0,-3.26943875618438E-15));
#8540=DIRECTION('',(-0.830899922755727,3.58275254150323E-13,-0.556421888825851));
#8541=DIRECTION('',(0.556421888825851,-2.36283423590032E-13,-0.830899922755727));
#8542=CARTESIAN_POINT('',(-0.0641607605765824,-0.49909179050022,0.669421044820598));
#8543=DIRECTION('',(-4.29E-13,-1.0,-3.26943875618437E-15));
#8544=DIRECTION('',(0.830899922755727,-3.58275254150323E-13,0.556421888825851));
#8545=CARTESIAN_POINT('',(-0.161580247601121,-0.499091790500178,0.76996677346123));
#8546=DIRECTION('',(-4.29E-13,-1.0,-3.26943875618433E-15));
#8547=DIRECTION('',(0.830899922755727,-3.58275254150323E-13,0.556421888825851));
#8548=CARTESIAN_POINT('',(-0.185751782647472,-0.499091790500168,0.787652022640542));
#8549=DIRECTION('',(-4.29E-13,-1.0,-3.26943875618434E-15));
#8550=DIRECTION('',(0.830899922755727,-3.58275254150323E-13,0.556421888825851));
#8551=CARTESIAN_POINT('',(-0.0650519323719419,-0.499091790500218,0.251590698131831));
#8552=DIRECTION('',(-4.29E-13,-1.0,-3.26943875618437E-15));
#8553=DIRECTION('',(0.830899922755727,-3.58275254150323E-13,0.556421888825851));
#8554=CARTESIAN_POINT('',(-0.874410322233373,-0.499091790499871,0.262523885344963));
#8555=DIRECTION('',(4.29E-13,1.0,3.26943875618432E-15));
#8556=DIRECTION('',(0.830899922755727,-3.58275254150323E-13,0.556421888825851));
#8557=DIRECTION('',(-0.530895602311896,2.25278442508177E-13,0.847437230386941));
#8558=CARTESIAN_POINT('',(-0.984636882414526,-0.499091790499824,0.240693022413481));
#8559=DIRECTION('',(-4.29E-13,-1.0,-3.26943875618434E-15));
#8560=DIRECTION('',(0.830899922755727,-3.58275254150323E-13,0.556421888825851));
#8561=DIRECTION('',(-0.951411777707088,4.07380575160241E-13,0.307921466027035));
#8562=CARTESIAN_POINT('',(-1.01136452611981,-0.499091790499812,0.259854037297189));
#8563=DIRECTION('',(-4.29E-13,-1.0,-3.26943875618437E-15));
#8564=DIRECTION('',(-0.830899922755727,3.58275254150323E-13,-0.556421888825851));
#8565=DIRECTION('',(-0.681155614150245,2.94541788183347E-13,-0.73213866808932));
#8566=CARTESIAN_POINT('',(-1.09286659133581,-0.499091790499777,0.172251715251872));
#8567=DIRECTION('',(-4.29E-13,-1.0,-3.26943875618433E-15));
#8568=DIRECTION('',(0.830899922755727,-3.58275254150323E-13,0.556421888825851));
#8569=DIRECTION('',(0.423661768153509,-1.79080955945406E-13,-0.905820460248631));
#8570=CARTESIAN_POINT('',(-1.0945249234707,-0.499091790499776,0.128589883543642));
#8571=DIRECTION('',(-4.29E-13,-1.0,-3.26943875618436E-15));
#8572=DIRECTION('',(-0.830899922755727,3.58275254150323E-13,-0.556421888825851));
#8573=DIRECTION('',(0.818490918102926,-3.53004486996629E-13,0.57451946614804));
#8574=CARTESIAN_POINT('',(-0.993013118483855,-0.49909179049982,0.175408372498409));
#8575=DIRECTION('',(4.29E-13,1.0,3.26943875618434E-15));
#8576=DIRECTION('',(-0.830899922755727,3.58275254150323E-13,-0.556421888825851));
#8577=DIRECTION('',(0.732138668089341,-3.12147639769496E-13,-0.681155614150221));
#8578=CARTESIAN_POINT('',(-0.959478005132377,-0.499091790499834,0.144208503230288));
#8579=DIRECTION('',(4.29E-13,1.0,3.26943875618435E-15));
#8580=DIRECTION('',(0.830899922755727,-3.58275254150323E-13,0.556421888825851));
#8581=DIRECTION('',(-0.514050541311886,2.23206199858129E-13,-0.857759897044014));
#8582=DIRECTION('',(0.530895602311796,-2.25278442508133E-13,-0.847437230387004));
#8583=DIRECTION('',(0.830899922755727,-3.58275254150323E-13,0.556421888825851));
#8584=DIRECTION('',(0.530895602311796,-2.25278442508133E-13,-0.847437230387004));
#8585=DIRECTION('',(-0.514050541311886,2.23206199858129E-13,-0.857759897044014));
#8586=CARTESIAN_POINT('',(-0.959478005132347,-0.429091790499834,0.144208503230288));
#8587=DIRECTION('',(4.29E-13,1.0,3.26943875618435E-15));
#8588=DIRECTION('',(0.830899922755727,-3.58275254150323E-13,0.556421888825851));
#8589=DIRECTION('',(0.732138668089341,-3.12147639769496E-13,-0.681155614150221));
#8590=CARTESIAN_POINT('',(-0.993013118483825,-0.42909179049982,0.175408372498409));
#8591=DIRECTION('',(4.29E-13,1.0,3.26943875618434E-15));
#8592=DIRECTION('',(-0.830899922755727,3.58275254150323E-13,-0.556421888825851));
#8593=DIRECTION('',(0.818490918102926,-3.53004486996629E-13,0.57451946614804));
#8594=CARTESIAN_POINT('',(-1.09452492347067,-0.429091790499776,0.128589883543642));
#8595=DIRECTION('',(-4.29E-13,-1.0,-3.26943875618436E-15));
#8596=DIRECTION('',(-0.830899922755727,3.58275254150323E-13,-0.556421888825851));
#8597=DIRECTION('',(0.423661768153509,-1.79080955945406E-13,-0.905820460248631));
#8598=CARTESIAN_POINT('',(-1.09286659133578,-0.429091790499777,0.172251715251872));
#8599=DIRECTION('',(-4.29E-13,-1.0,-3.26943875618433E-15));
#8600=DIRECTION('',(0.830899922755727,-3.58275254150323E-13,0.556421888825851));
#8601=DIRECTION('',(-0.681155614150245,2.94541788183347E-13,-0.73213866808932));
#8602=CARTESIAN_POINT('',(-1.01136452611978,-0.429091790499812,0.259854037297189));
#8603=DIRECTION('',(-4.29E-13,-1.0,-3.26943875618437E-15));
#8604=DIRECTION('',(-0.830899922755727,3.58275254150323E-13,-0.556421888825851));
#8605=DIRECTION('',(-0.951411777707088,4.07380575160241E-13,0.307921466027035));
#8606=CARTESIAN_POINT('',(-0.984636882414497,-0.429091790499824,0.240693022413482));
#8607=DIRECTION('',(-4.29E-13,-1.0,-3.26943875618434E-15));
#8608=DIRECTION('',(0.830899922755727,-3.58275254150323E-13,0.556421888825851));
#8609=DIRECTION('',(-0.530895602311896,2.25278442508177E-13,0.847437230386941));
#8610=CARTESIAN_POINT('',(-0.874410322233343,-0.429091790499871,0.262523885344963));
#8611=DIRECTION('',(4.29E-13,1.0,3.26943875618432E-15));
#8612=DIRECTION('',(0.830899922755727,-3.58275254150323E-13,0.556421888825851));
#8613=CARTESIAN_POINT('',(-0.0650519323719117,-0.429091790500218,0.251590698131832));
#8614=DIRECTION('',(-4.29E-13,-1.0,-3.26943875618437E-15));
#8615=DIRECTION('',(0.830899922755727,-3.58275254150323E-13,0.556421888825851));
#8616=CARTESIAN_POINT('',(-0.185751782647442,-0.429091790500168,0.787652022640542));
#8617=DIRECTION('',(-4.29E-13,-1.0,-3.26943875618434E-15));
#8618=DIRECTION('',(0.830899922755727,-3.58275254150323E-13,0.556421888825851));
#8619=CARTESIAN_POINT('',(-0.161580247601091,-0.429091790500178,0.769966773461231));
#8620=DIRECTION('',(-4.29E-13,-1.0,-3.26943875618433E-15));
#8621=DIRECTION('',(0.830899922755727,-3.58275254150323E-13,0.556421888825851));
#8622=CARTESIAN_POINT('',(-0.0641607605765522,-0.42909179050022,0.669421044820598));
#8623=DIRECTION('',(-4.29E-13,-1.0,-3.26943875618437E-15));
#8624=DIRECTION('',(0.830899922755727,-3.58275254150323E-13,0.556421888825851));
#8625=DIRECTION('',(0.556421888825851,-2.36283423590032E-13,-0.830899922755727));
#8626=CARTESIAN_POINT('',(-0.111912218114544,-0.4290917905002,0.713769915480348));
#8627=DIRECTION('',(-4.29E-13,-1.0,-3.26943875618438E-15));
#8628=DIRECTION('',(-0.830899922755727,3.58275254150323E-13,-0.556421888825851));
#8629=CARTESIAN_POINT('',(-0.161580247601091,-0.429091790500178,0.769966773461231));
#8630=DIRECTION('',(4.29E-13,1.0,3.26943875618436E-15));
#8631=DIRECTION('',(0.830899922755727,-3.58275254150323E-13,0.556421888825851));
#8632=CARTESIAN_POINT('',(-0.113584456497923,-0.429091790500199,0.698295079875675));
#8633=DIRECTION('',(4.29E-13,1.0,3.26943875618434E-15));
#8634=DIRECTION('',(-0.830899922755727,3.58275254150323E-13,-0.556421888825851));
#8635=DIRECTION('',(-0.556421888825851,2.36283423590032E-13,0.830899922755727));
#8636=CARTESIAN_POINT('',(-0.241998214032989,-0.429091790500143,0.519368020771741));
#8637=DIRECTION('',(-4.29E-13,-1.0,-3.26943875618435E-15));
#8638=DIRECTION('',(-0.830899922755727,3.58275254150323E-13,-0.556421888825851));
#8639=DIRECTION('',(0.194085279078564,-8.62612506385415E-14,0.98098466065734));
#8640=CARTESIAN_POINT('',(-0.260602814392334,-0.429091790500135,0.425332926215249));
#8641=DIRECTION('',(-4.29E-13,-1.0,-3.26943875618437E-15));
#8642=DIRECTION('',(0.830899922755727,-3.58275254150323E-13,0.556421888825851));
#8643=DIRECTION('',(0.830899922755725,-3.58275254150322E-13,0.556421888825854));
#8644=DIRECTION('',(0.964741965545421,-4.14828657766576E-13,0.263197530223136));
#8645=DIRECTION('',(0.556421888825851,-2.36283423590032E-13,-0.830899922755727));
#8646=DIRECTION('',(0.830899922755727,-3.58275254150323E-13,0.556421888825851));
#8647=DIRECTION('',(0.466521059444607,-1.975390765297E-13,-0.884510091007831));
#8648=CARTESIAN_POINT('',(-0.393648337585727,-0.429091790500078,0.50623067172138));
#8649=DIRECTION('',(-4.29E-13,-1.0,-3.26943875618435E-15));
#8650=DIRECTION('',(0.830899922755727,-3.58275254150323E-13,0.556421888825851));
#8651=DIRECTION('',(0.999268738438771,-4.28734681019011E-13,-0.038235956624452));
#8652=CARTESIAN_POINT('',(-0.535426518930553,-0.429091790500017,0.511655663201313));
#8653=DIRECTION('',(-4.29E-13,-1.0,-3.26943875618439E-15));
#8654=DIRECTION('',(0.830899922755727,-3.58275254150323E-13,0.556421888825851));
#8655=DIRECTION('',(0.228202918500374,-1.00881025923033E-13,0.973613592750179));
#8656=DIRECTION('',(4.29E-13,1.0,3.26943875618435E-15));
#8657=DIRECTION('',(4.29E-13,1.0,3.26943875618435E-15));
#8658=DIRECTION('',(4.29E-13,1.0,3.26943875618435E-15));
#8659=DIRECTION('',(4.29E-13,1.0,3.26943875618435E-15));
#8660=DIRECTION('',(4.29E-13,1.0,3.26943875618435E-15));
#8661=DIRECTION('',(4.29E-13,1.0,3.26943875618435E-15));
#8662=DIRECTION('',(4.29E-13,1.0,3.26943875618435E-15));
#8663=DIRECTION('',(4.29E-13,1.0,3.26943875618435E-15));
#8664=DIRECTION('',(4.29E-13,1.0,3.26943875618435E-15));
#8665=DIRECTION('',(4.29E-13,1.0,3.26943875618435E-15));
#8666=DIRECTION('',(0.647675294334647,-2.8026329266423E-13,0.761916473839835));
#8667=DIRECTION('',(4.29E-13,1.0,3.26943875618435E-15));
#8668=DIRECTION('',(0.647675294334647,-2.8026329266423E-13,0.761916473839835));
#8669=DIRECTION('',(0.403089825443542,-1.75759435838275E-13,0.915160419065365));
#8670=DIRECTION('',(0.403089825443542,-1.75759435838275E-13,0.915160419065365));
#8671=DIRECTION('',(4.29E-13,1.0,3.26943875618435E-15));
#8672=DIRECTION('',(4.29E-13,1.0,3.26943875618435E-15));
#8673=DIRECTION('',(4.29E-13,1.0,3.26943875618435E-15));
#8674=DIRECTION('',(4.29E-13,1.0,3.26943875618435E-15));
#8675=DIRECTION('',(4.29E-13,1.0,3.26943875618435E-15));
#8676=DIRECTION('',(4.29E-13,1.0,3.26943875618435E-15));
#8677=DIRECTION('',(4.29E-13,1.0,3.26943875618435E-15));
#8678=DIRECTION('',(4.29E-13,1.0,3.26943875618435E-15));
#8679=DIRECTION('',(4.29E-13,1.0,3.26943875618435E-15));
#8680=DIRECTION('',(4.29E-13,1.0,3.26943875618435E-15));
#8681=DIRECTION('',(4.29E-13,1.0,3.26943875618435E-15));
#8682=DIRECTION('',(4.29E-13,1.0,3.26943875618435E-15));
#8683=DIRECTION('',(4.29E-13,1.0,3.26943875618435E-15));
#8684=CARTESIAN_POINT('',(-0.940992834212352,-0.519091790499842,0.109116004613438));
#8685=DIRECTION('',(-0.664259337591056,2.875696521591E-13,-0.747502195597505));
#8686=DIRECTION('',(0.747502195597505,-3.18792214657684E-13,-0.664259337591056));
#8687=CARTESIAN_POINT('',(-0.937985487607721,-0.519091790499843,0.113474196180374));
#8688=DIRECTION('',(-0.463130302290197,1.99889167509092E-13,-0.886290202529956));
#8689=DIRECTION('',(0.886290202529956,-3.78963329265907E-13,-0.463130302290197));
#8690=CARTESIAN_POINT('',(-0.927960954959067,-0.519091790499848,0.132658095457766));
#8691=DIRECTION('',(-0.463130302290194,1.98190215768333E-13,-0.886290202529958));
#8692=DIRECTION('',(0.886290202529958,-3.78963329265908E-13,-0.463130302290194));
#8693=CARTESIAN_POINT('',(-1.00248981973489,-0.519091790499816,0.220844743570591));
#8694=DIRECTION('',(0.747502195597505,-3.16665520848025E-13,-0.664259337591057));
#8695=DIRECTION('',(0.664259337591057,-2.87336976168321E-13,0.747502195597505));
#8696=CARTESIAN_POINT('',(-1.02910619302509,-0.519091790499804,0.222539662674464));
#8697=DIRECTION('',(0.825722126740751,-3.63477452226692E-13,0.564077095272208));
#8698=DIRECTION('',(-0.564077095272208,2.39584423043834E-13,0.825722126740751));
#8699=CARTESIAN_POINT('',(-1.04697908619856,-0.519091790499797,0.210330119852602));
#8700=DIRECTION('',(0.825722126740755,-3.48674041947036E-13,0.564077095272201));
#8701=DIRECTION('',(-0.564077095272202,2.39584423043831E-13,0.825722126740755));
#8702=CARTESIAN_POINT('',(-1.05095365766809,-0.519091790499795,0.206831441678197));
#8703=DIRECTION('',(0.664259337591073,-2.87744159152191E-13,0.74750219559749));
#8704=DIRECTION('',(-0.74750219559749,3.18792214657678E-13,0.664259337591073));
#8705=DIRECTION('',(0.530895602311796,-2.25278442508133E-13,-0.847437230387004));
#8706=DIRECTION('',(0.530895602311796,-2.25278442508133E-13,-0.847437230387004));
#8707=DIRECTION('',(0.530895602311796,-2.25278442508133E-13,-0.847437230387004));
#8708=DIRECTION('',(0.530895602311796,-2.25278442508133E-13,-0.847437230387004));
#8709=DIRECTION('',(4.29E-13,1.0,3.26943875618435E-15));
#8710=DIRECTION('',(4.29E-13,1.0,3.26943875618435E-15));
#8711=DIRECTION('',(4.29E-13,1.0,3.26943875618435E-15));
#8712=DIRECTION('',(4.29E-13,1.0,3.26943875618435E-15));
#8713=DIRECTION('',(4.29E-13,1.0,3.26943875618435E-15));
#8714=DIRECTION('',(4.29E-13,1.0,3.26943875618435E-15));
#8715=DIRECTION('',(-0.338880896367456,1.42590167468769E-13,0.940829282110835));
#8716=CARTESIAN_POINT('',(1.6606182434428,0.358408209499043,-0.442935883941206));
#8717=DIRECTION('',(0.338880896367456,-1.42590167468769E-13,-0.940829282110835));
#8718=DIRECTION('',(-0.940829282110835,4.04795081666185E-13,-0.338880896367456));
#8719=DIRECTION('',(-0.338880896367456,1.42590167468769E-13,0.940829282110835));
#8720=CARTESIAN_POINT('',(1.65384062551545,0.358408209499046,-0.424119298298989));
#8721=DIRECTION('',(0.338880896367456,-1.42590167468769E-13,-0.940829282110835));
#8722=DIRECTION('',(-0.940829282110835,4.04795081666185E-13,-0.338880896367456));
#8723=DIRECTION('',(-0.338880896367456,1.42590167468769E-13,0.940829282110835));
#8724=CARTESIAN_POINT('',(1.66061824344249,-0.361591790500957,-0.442935883941208));
#8725=DIRECTION('',(0.338880896367457,-1.42590167468769E-13,-0.940829282110835));
#8726=DIRECTION('',(-0.940829282110835,4.04795081666185E-13,-0.338880896367457));
#8727=DIRECTION('',(-0.338880896367456,1.42590167468769E-13,0.940829282110835));
#8728=CARTESIAN_POINT('',(1.65384062551514,-0.361591790500954,-0.424119298298991));
#8729=DIRECTION('',(0.338880896367457,-1.42590167468769E-13,-0.940829282110835));
#8730=DIRECTION('',(-0.940829282110835,4.04795081666185E-13,-0.338880896367457));
#8731=DIRECTION('',(4.29E-13,1.0,3.26943875618435E-15));
#8732=DIRECTION('',(4.29E-13,1.0,3.26943875618435E-15));
#8733=DIRECTION('',(-0.338880896367456,1.42590167468769E-13,0.940829282110835));
#8734=CARTESIAN_POINT('',(1.65384062551514,-0.361591790500954,-0.424119298298991));
#8735=DIRECTION('',(0.338880896367457,-1.42590167468769E-13,-0.940829282110835));
#8736=DIRECTION('',(-0.940829282110835,4.04795081666185E-13,-0.338880896367457));
#8737=DIRECTION('',(-0.338880896367456,1.42590167468769E-13,0.940829282110835));
#8738=CARTESIAN_POINT('',(1.66061824344249,-0.361591790500957,-0.442935883941208));
#8739=DIRECTION('',(0.338880896367457,-1.42590167468769E-13,-0.940829282110835));
#8740=DIRECTION('',(-0.940829282110835,4.04795081666185E-13,-0.338880896367457));
#8741=CARTESIAN_POINT('',(1.65384062551545,0.358408209499046,-0.424119298298989));
#8742=DIRECTION('',(0.338880896367456,-1.42590167468769E-13,-0.940829282110835));
#8743=DIRECTION('',(-0.940829282110835,4.04795081666185E-13,-0.338880896367456));
#8744=CARTESIAN_POINT('',(1.6606182434428,0.358408209499043,-0.442935883941206));
#8745=DIRECTION('',(0.338880896367456,-1.42590167468769E-13,-0.940829282110835));
#8746=DIRECTION('',(-0.940829282110835,4.04795081666185E-13,-0.338880896367456));
#8747=DIRECTION('',(0.940829282110835,-4.04795081666185E-13,0.338880896367457));
#8748=DIRECTION('',(-0.338880896367456,1.42590167468769E-13,0.940829282110835));
#8749=DIRECTION('',(0.940829282110835,-4.04795081666185E-13,0.338880896367457));
#8750=DIRECTION('',(-4.2903520932158E-13,-1.0,-3.29301709177137E-15));
#8751=DIRECTION('',(-0.338880896367456,1.42590167468769E-13,0.940829282110835));
#8752=DIRECTION('',(-4.2903520932158E-13,-1.0,-3.29301709177137E-15));
#8753=DIRECTION('',(-0.940829282110835,4.04795081666185E-13,-0.338880896367457));
#8754=DIRECTION('',(-0.940829282110835,4.04795081666185E-13,-0.338880896367457));
#8755=PRESENTATION_LAYER_ASSIGNMENT('9','Layer0',(#28,#30));
ENDSEC;
END-ISO-10303-21;
