#
# Object file
# Created by SpaceClaim
#

mtllib 365bucket.mtl

# 365bucket\Bucket_mesh
v -546.779572963715 698.408186435699 617.166936397552
v -375.210374593735 698.408186435699 610.602021217346
v -375.210374593735 738.408207893372 610.602021217346
v -546.779572963715 738.408207893372 617.166936397552
v -375.210374593735 698.408186435699 610.602021217346
v -348.053216934204 698.408186435699 604.734718799591
v -324.540585279465 698.408186435699 589.933037757874
v -307.508438825607 698.408186435699 567.982196807861
v -307.508438825607 738.408207893372 567.982196807861
v -324.540585279465 738.408207893372 589.933037757874
v -348.053216934204 738.408207893372 604.734718799591
v -375.210374593735 738.408207893372 610.602021217346
v -627.727508544922 698.408186435699 555.481672286987
v -616.976678371429 698.408186435699 580.727756023407
v -598.327159881592 698.408186435699 600.855946540833
v -573.973059654236 698.408186435699 613.498091697693
v -546.779572963715 698.408186435699 617.166936397552
v -546.779572963715 738.408207893372 617.166936397552
v -573.973059654236 738.408207893372 613.498091697693
v -598.327159881592 738.408207893372 600.855946540833
v -616.976678371429 738.408207893372 580.727756023407
v -627.727508544922 738.408207893372 555.481672286987
v 870.713472366333 653.408229351044 -670.381903648376
v 906.18497133255 653.408229351044 -826.400458812714
v 906.18497133255 783.408224582672 -826.400458812714
v 870.713472366333 783.408224582672 -670.381903648376
v 875.14740228653 668.408215045929 -689.88424539566
v 875.14740228653 768.408238887787 -689.88424539566
v 901.751041412354 768.408238887787 -806.89811706543
v 901.751041412354 668.408215045929 -806.89811706543
v -665.381014347076 718.408226966858 394.835412502289
v -656.483709812164 718.408226966858 432.795196771622
v 86.7211297154427 718.408226966858 -976.299107074738
v -87.5700563192368 718.408226966858 -979.569435119629
v -261.232733726501 718.408226966858 -964.424192905426
v -432.326585054398 718.408226966858 -931.032419204712
v -598.939955234528 718.408226966858 -879.767417907715
v -759.211182594299 718.408226966858 -811.201810836792
v -840.913653373718 718.408226966858 -761.387705802917
v -912.327408790588 718.408226966858 -697.694540023804
v -971.124351024628 718.408226966858 -622.198402881622
v -1015.38789272308 718.408226966858 -537.360489368439
v -1043.67518424988 718.408226966858 -445.94618678093
v -1055.0639629364 718.408226966858 -350.935459136963
v -1049.18313026428 718.408226966858 -255.425482988358
v -1026.22437477112 718.408226966858 -162.529647350311
v -986.936151981354 718.408226966858 -75.2761587500572
v -932.599008083344 718.408226966858 3.49069340154529
v -864.984273910522 718.408226966858 71.2032839655876
v -796.04583978653 718.408226966858 138.90253007412
v -738.867878913879 718.408226966858 216.789454221725
v -694.933176040649 718.408226966858 302.844285964966
v 449.63264465332 698.408186435699 -856.491208076477
v 449.63264465332 653.408229351044 -856.491208076477
v 547.622680664063 653.408229351044 -794.835865497589
v 651.121497154236 653.408229351044 -742.95699596405
v 759.156763553619 653.408229351044 -701.342046260834
v 870.713472366333 653.408229351044 -670.381903648376
v 870.713472366333 783.408224582672 -670.381903648376
v 751.914799213409 783.408224582672 -703.761219978333
v 637.194097042084 783.408224582672 -749.219357967377
v 527.775704860687 783.408224582672 -806.271255016327
v 424.827635288239 783.408224582672 -874.307930469513
v 424.827635288239 738.408207893372 -874.307930469513
v 522.836804389954 738.408207893372 -809.196412563324
v 626.776993274689 738.408207893372 -754.0442943573
v 735.639452934265 738.408207893372 -709.386885166168
v 735.639452934265 698.408186435699 -709.386885166168
v 636.012315750122 698.408186435699 -749.760627746582
v 540.41862487793 698.408186435699 -798.928141593933
v 427.095025777817 653.408229351044 -884.280860424042
v 427.095025777817 698.408186435699 -884.280860424042
v 433.759093284607 698.408186435699 -913.592338562012
v 433.759093284607 738.408207893372 -913.592338562012
v 424.827635288239 738.408207893372 -874.307930469513
v 424.827635288239 783.408224582672 -874.307930469513
v 438.129425048828 783.408224582672 -932.814836502075
v 438.129425048828 653.408229351044 -932.814836502075
v 424.827635288239 738.408207893372 -874.307930469513
v 433.759093284607 738.408207893372 -913.592338562012
v 319.672286510468 738.408207893372 -942.745268344879
v 203.796029090881 738.408207893372 -963.683068752289
v 86.7211297154427 738.408207893372 -976.299107074738
v -656.483709812164 738.408207893372 432.795196771622
v -627.727508544922 738.408207893372 555.481672286987
v -616.976678371429 738.408207893372 580.727756023407
v -598.327159881592 738.408207893372 600.855946540833
v -573.973059654236 738.408207893372 613.498091697693
v -546.779572963715 738.408207893372 617.166936397552
v -375.210374593735 738.408207893372 610.602021217346
v -348.053216934204 738.408207893372 604.734718799591
v -324.540585279465 738.408207893372 589.933037757874
v -307.508438825607 738.408207893372 567.982196807861
v 128.893196582794 738.408207893372 -259.422361850739
v 184.152126312256 738.408207893372 -347.227424383163
v 252.125114202499 738.408207893372 -425.604373216629
v 331.229984760284 738.408207893372 -492.728859186172
v 419.625401496887 738.408207893372 -547.038435935974
v 735.639452934265 738.408207893372 -709.386885166168
v 626.776993274689 738.408207893372 -754.0442943573
v 522.836804389954 738.408207893372 -809.196412563324
v 86.7211297154427 718.408226966858 -976.299107074738
v -656.483709812164 718.408226966858 432.795196771622
v -656.483709812164 738.408207893372 432.795196771622
v 86.7211297154427 738.408207893372 -976.299107074738
v -759.211182594299 698.408186435699 -811.201810836792
v -598.332703113556 698.408186435699 -879.989862442017
v -431.071877479553 698.408186435699 -931.346476078033
v -259.311407804489 698.408186435699 -964.693486690521
v -84.9846750497818 698.408186435699 -979.655683040619
v 89.9461284279823 698.408186435699 -976.064503192902
v 263.511955738068 698.408186435699 -953.960478305817
v 433.759093284607 698.408186435699 -913.592338562012
v 427.095025777817 698.408186435699 -884.280860424042
v 259.727627038956 698.408186435699 -924.156069755554
v 89.0740007162094 698.408186435699 -946.046829223633
v -82.9390212893486 698.408186435699 -949.706017971039
v -254.36919927597 698.408186435699 -935.092329978943
v -423.28092455864 698.408186435699 -902.370750904083
v -587.766945362091 698.408186435699 -851.910710334778
v -745.970070362091 698.408186435699 -784.282028675079
v -826.892018318176 698.408186435699 -734.409272670746
v -896.913051605225 698.408186435699 -670.123159885406
v -953.502535820007 698.408186435699 -593.747198581696
v -994.615137577057 698.408186435699 -508.041858673096
v -1018.76497268677 698.408186435699 -416.104733943939
v -1025.07901191711 698.408186435699 -321.258634328842
v -1013.32938671112 698.408186435699 -226.931557059288
v -983.940482139587 698.408186435699 -136.532753705978
v -937.974631786346 698.408186435699 -53.3294454216957
v -877.093076705933 698.408186435699 19.6711663156748
v -803.496301174164 698.408186435699 79.8306539654732
v -690.858364105225 698.408186435699 155.259981751442
v -603.579461574554 698.408186435699 527.629852294922
v -594.172477722168 698.408186435699 549.720227718353
v -577.854156494141 698.408186435699 567.33238697052
v -556.544303894043 698.408186435699 578.39423418045
v -532.750010490417 698.408186435699 581.604480743408
v -390.971809625626 698.408186435699 576.179504394531
v -367.20934510231 698.408186435699 571.045637130737
v -346.635788679123 698.408186435699 558.094143867493
v -331.732630729675 698.408186435699 538.887143135071
v -275.943487882614 698.408186435699 433.112591505051
v -263.411343097687 698.408186435699 441.504895687103
v -252.28288769722 698.408186435699 424.886882305145
v -792.367875576019 698.408186435699 63.2126554846764
v -863.020777702332 698.408186435699 5.45954704284668
v -921.467065811157 698.408186435699 -64.6210387349129
v -965.594291687012 698.408186435699 -144.496217370033
v -993.80761384964 698.408186435699 -231.279075145721
v -1005.08737564087 698.408186435699 -321.833044290543
v -999.025762081146 698.408186435699 -412.885308265686
v -975.84193944931 698.408186435699 -501.145005226135
v -936.373829841614 698.408186435699 -583.422124385834
v -882.047951221466 698.408186435699 -656.742990016937
v -814.827740192413 698.408186435699 -718.457639217377
v -737.1426820755 698.408186435699 -766.335546970367
v -597.355604171753 698.408186435699 -827.001869678497
v -452.428847551346 698.408186435699 -874.087631702423
v -303.67836356163 698.408186435699 -907.165348529816
v -152.454853057861 698.408186435699 -925.934553146362
v -0.131415203213692 698.408186435699 -930.22483587265
v 151.908829808235 698.408186435699 -919.997334480286
v 302.285313606262 698.408186435699 -895.344853401184
v 449.63264465332 698.408186435699 -856.491208076477
v 540.41862487793 698.408186435699 -798.928141593933
v 636.012315750122 698.408186435699 -749.760627746582
v 735.639452934265 698.408186435699 -709.386885166168
v 419.625401496887 698.408186435699 -547.038435935974
v 331.229984760284 698.408186435699 -492.728859186172
v 252.125114202499 698.408186435699 -425.604373216629
v 184.152126312256 698.408186435699 -347.227424383163
v 128.893196582794 698.408186435699 -259.422361850739
v -307.508438825607 698.408186435699 567.982196807861
v -324.540585279465 698.408186435699 589.933037757874
v -348.053216934204 698.408186435699 604.734718799591
v -375.210374593735 698.408186435699 610.602021217346
v -546.779572963715 698.408186435699 617.166936397552
v -573.973059654236 698.408186435699 613.498091697693
v -598.327159881592 698.408186435699 600.855946540833
v -616.976678371429 698.408186435699 580.727756023407
v -627.727508544922 698.408186435699 555.481672286987
v -665.381014347076 698.408186435699 394.835412502289
v -694.933176040649 698.408186435699 302.844285964966
v -738.867878913879 698.408186435699 216.789454221725
v -796.04583978653 698.408186435699 138.90253007412
v -864.984273910522 698.408186435699 71.2032839655876
v -932.599008083344 698.408186435699 3.49069340154529
v -986.936151981354 698.408186435699 -75.2761587500572
v -1026.22437477112 698.408186435699 -162.529647350311
v -1049.18313026428 698.408186435699 -255.425482988358
v -1055.0639629364 698.408186435699 -350.935459136963
v -1043.67518424988 698.408186435699 -445.94618678093
v -1015.38789272308 698.408186435699 -537.360489368439
v -971.124351024628 698.408186435699 -622.198402881622
v -912.327408790588 698.408186435699 -697.694540023804
v -840.913653373718 698.408186435699 -761.387705802917
v 433.759093284607 738.408207893372 -913.592338562012
v 433.759093284607 698.408186435699 -913.592338562012
v 263.511955738068 698.408186435699 -953.960478305817
v 89.9461284279823 698.408186435699 -976.064503192902
v -84.9846750497818 698.408186435699 -979.655683040619
v -259.311407804489 698.408186435699 -964.693486690521
v -431.071877479553 698.408186435699 -931.346476078033
v -598.332703113556 698.408186435699 -879.989862442017
v -759.211182594299 698.408186435699 -811.201810836792
v -759.211182594299 718.408226966858 -811.201810836792
v -598.939955234528 718.408226966858 -879.767417907715
v -432.326585054398 718.408226966858 -931.032419204712
v -261.232733726501 718.408226966858 -964.424192905426
v -87.5700563192368 718.408226966858 -979.569435119629
v 86.7211297154427 718.408226966858 -976.299107074738
v 86.7211297154427 738.408207893372 -976.299107074738
v 203.796029090881 738.408207893372 -963.683068752289
v 319.672286510468 738.408207893372 -942.745268344879
v 419.625401496887 698.408186435699 -547.038435935974
v 735.639452934265 698.408186435699 -709.386885166168
v 735.639452934265 738.408207893372 -709.386885166168
v 419.625401496887 738.408207893372 -547.038435935974
v 128.893196582794 698.408186435699 -259.422361850739
v 184.152126312256 698.408186435699 -347.227424383163
v 252.125114202499 698.408186435699 -425.604373216629
v 331.229984760284 698.408186435699 -492.728859186172
v 419.625401496887 698.408186435699 -547.038435935974
v 419.625401496887 738.408207893372 -547.038435935974
v 331.229984760284 738.408207893372 -492.728859186172
v 252.125114202499 738.408207893372 -425.604373216629
v 184.152126312256 738.408207893372 -347.227424383163
v 128.893196582794 738.408207893372 -259.422361850739
v 184.152126312256 698.408186435699 -347.227424383163
v 184.152126312256 738.408207893372 -347.227424383163
v -307.508438825607 698.408186435699 567.982196807861
v 128.893196582794 698.408186435699 -259.422361850739
v 128.893196582794 738.408207893372 -259.422361850739
v -307.508438825607 738.408207893372 567.982196807861
v 517.383754253387 653.408229351044 -854.721903800964
v 487.482160329819 653.408229351044 -865.163028240204
v 457.382082939148 653.408229351044 -875.017285346985
v 427.095025777817 653.408229351044 -884.280860424042
v 438.129425048828 653.408229351044 -932.814836502075
v 906.18497133255 653.408229351044 -826.400458812714
v 870.713472366333 653.408229351044 -670.381903648376
v 759.156763553619 653.408229351044 -701.342046260834
v 651.121497154236 653.408229351044 -742.95699596405
v 547.622680664063 653.408229351044 -794.835865497589
v 449.63264465332 653.408229351044 -856.491208076477
v 470.048576593399 653.408229351044 -849.902153015137
v 490.37429690361 653.408229351044 -843.039751052856
v 510.606110095978 653.408229351044 -835.905313491821
v 745.813429355621 653.408229351044 -751.185059547424
v 751.51139497757 653.408229351044 -770.390570163727
v 906.18497133255 653.408229351044 -826.400458812714
v 438.129425048828 653.408229351044 -932.814836502075
v 438.129425048828 783.408224582672 -932.814836502075
v 906.18497133255 783.408224582672 -826.400458812714
v 438.129425048828 783.408224582672 -932.814836502075
v 424.827635288239 783.408224582672 -874.307930469513
v 527.775704860687 783.408224582672 -806.271255016327
v 637.194097042084 783.408224582672 -749.219357967377
v 751.914799213409 783.408224582672 -703.761219978333
v 870.713472366333 783.408224582672 -670.381903648376
v 906.18497133255 783.408224582672 -826.400458812714
v 875.14740228653 668.408215045929 -689.88424539566
v 1018.31448078156 668.408215045929 -688.100159168243
v 1018.31448078156 768.408238887787 -688.100159168243
v 875.14740228653 768.408238887787 -689.88424539566
v 1018.31448078156 668.408215045929 -688.100159168243
v 1031.61633014679 668.408215045929 -746.60712480545
v 1031.61633014679 768.408238887787 -746.60712480545
v 1018.31448078156 768.408238887787 -688.100159168243
v 1031.61633014679 668.408215045929 -746.60712480545
v 901.751041412354 668.408215045929 -806.89811706543
v 901.751041412354 768.408238887787 -806.89811706543
v 1031.61633014679 768.408238887787 -746.60712480545
v 875.14740228653 768.408238887787 -689.88424539566
v 1018.31448078156 768.408238887787 -688.100159168243
v 1031.61633014679 768.408238887787 -746.60712480545
v 901.751041412354 768.408238887787 -806.89811706543
v 1018.31448078156 668.408215045929 -688.100159168243
v 875.14740228653 668.408215045929 -689.88424539566
v 901.751041412354 668.408215045929 -806.89811706543
v 1031.61633014679 668.408215045929 -746.60712480545
v -665.381014347076 698.408186435699 394.835412502289
v -627.727508544922 698.408186435699 555.481672286987
v -627.727508544922 738.408207893372 555.481672286987
v -656.483709812164 738.408207893372 432.795196771622
v -656.483709812164 718.408226966858 432.795196771622
v -665.381014347076 718.408226966858 394.835412502289
v 517.383754253387 -656.591773033142 -854.721903800964
v 517.383754253387 653.408229351044 -854.721903800964
v 751.51139497757 653.408229351044 -770.390570163727
v 751.51139497757 63.4082108736038 -770.390570163727
v 646.338522434235 63.4082108736038 -808.273196220398
v 646.338522434235 -66.5917918086052 -808.273196220398
v 751.51139497757 -66.5917918086052 -770.390570163727
v 751.51139497757 -656.591773033142 -770.390570163727
v 745.813429355621 63.4082108736038 -751.185059547424
v 745.813429355621 653.408229351044 -751.185059547424
v 510.606110095978 653.408229351044 -835.905313491821
v 510.606110095978 -656.591773033142 -835.905313491821
v 745.813429355621 -656.591773033142 -751.185059547424
v 745.813429355621 -66.5917918086052 -751.185059547424
v 704.985737800598 -66.5917918086052 -765.890955924988
v 704.985737800598 63.4082108736038 -765.890955924988
v -745.970070362091 698.408186435699 -784.282028675079
v -587.766945362091 698.408186435699 -851.910710334778
v -423.28092455864 698.408186435699 -902.370750904083
v -254.36919927597 698.408186435699 -935.092329978943
v -82.9390212893486 698.408186435699 -949.706017971039
v 89.0740007162094 698.408186435699 -946.046829223633
v 259.727627038956 698.408186435699 -924.156069755554
v 427.095025777817 698.408186435699 -884.280860424042
v 427.095025777817 653.408229351044 -884.280860424042
v 457.382082939148 653.408229351044 -875.017285346985
v 487.482160329819 653.408229351044 -865.163028240204
v 517.383754253387 653.408229351044 -854.721903800964
v 517.383754253387 -656.591773033142 -854.721903800964
v 487.482160329819 -656.591773033142 -865.163028240204
v 457.382082939148 -656.591773033142 -875.017285346985
v 427.095025777817 -656.591773033142 -884.280860424042
v 427.095025777817 -701.591789722443 -884.280860424042
v 259.727627038956 -701.591789722443 -924.156069755554
v 89.0740007162094 -701.591789722443 -946.046829223633
v -82.9390212893486 -701.591789722443 -949.706017971039
v -254.36919927597 -701.591789722443 -935.092329978943
v -423.28092455864 -701.591789722443 -902.370750904083
v -587.766945362091 -701.591789722443 -851.910710334778
v -745.970070362091 -701.591789722443 -784.282028675079
v 510.606110095978 653.408229351044 -835.905313491821
v 490.37429690361 653.408229351044 -843.039751052856
v 470.048576593399 653.408229351044 -849.902153015137
v 449.63264465332 653.408229351044 -856.491208076477
v 449.63264465332 698.408186435699 -856.491208076477
v 302.285313606262 698.408186435699 -895.344853401184
v 151.908829808235 698.408186435699 -919.997334480286
v -0.131415203213692 698.408186435699 -930.22483587265
v -152.454853057861 698.408186435699 -925.934553146362
v -303.67836356163 698.408186435699 -907.165348529816
v -452.428847551346 698.408186435699 -874.087631702423
v -597.355604171753 698.408186435699 -827.001869678497
v -737.1426820755 698.408186435699 -766.335546970367
v -737.1426820755 -701.591789722443 -766.335546970367
v -597.355604171753 -701.591789722443 -827.001869678497
v -452.428847551346 -701.591789722443 -874.087631702423
v -303.67836356163 -701.591789722443 -907.165348529816
v -152.454853057861 -701.591789722443 -925.934553146362
v -0.131415203213692 -701.591789722443 -930.22483587265
v 151.908829808235 -701.591789722443 -919.997334480286
v 302.285313606262 -701.591789722443 -895.344853401184
v 449.63264465332 -701.591789722443 -856.491208076477
v 449.63264465332 -656.591773033142 -856.491208076477
v 470.048576593399 -656.591773033142 -849.902153015137
v 490.37429690361 -656.591773033142 -843.039751052856
v 510.606110095978 -656.591773033142 -835.905313491821
v -331.732630729675 495.908200740814 538.887143135071
v -275.943487882614 495.908200740814 433.112591505051
v -275.943487882614 698.408186435699 433.112591505051
v -331.732630729675 698.408186435699 538.887143135071
v -390.971809625626 495.908200740814 576.179504394531
v -367.20934510231 495.908200740814 571.045637130737
v -346.635788679123 495.908200740814 558.094143867493
v -331.732630729675 495.908200740814 538.887143135071
v -331.732630729675 698.408186435699 538.887143135071
v -346.635788679123 698.408186435699 558.094143867493
v -367.20934510231 698.408186435699 571.045637130737
v -390.971809625626 698.408186435699 576.179504394531
v -532.750010490417 495.908200740814 581.604480743408
v -390.971809625626 495.908200740814 576.179504394531
v -390.971809625626 698.408186435699 576.179504394531
v -532.750010490417 698.408186435699 581.604480743408
v -603.579461574554 495.908200740814 527.629852294922
v -594.172477722168 495.908200740814 549.720227718353
v -577.854156494141 495.908200740814 567.33238697052
v -556.544303894043 495.908200740814 578.39423418045
v -532.750010490417 495.908200740814 581.604480743408
v -532.750010490417 698.408186435699 581.604480743408
v -556.544303894043 698.408186435699 578.39423418045
v -577.854156494141 698.408186435699 567.33238697052
v -594.172477722168 698.408186435699 549.720227718353
v -603.579461574554 698.408186435699 527.629852294922
v -690.858364105225 495.908200740814 155.259981751442
v -603.579461574554 495.908200740814 527.629852294922
v -603.579461574554 698.408186435699 527.629852294922
v -690.858364105225 698.408186435699 155.259981751442
v -263.411343097687 698.408186435699 441.504895687103
v -263.411343097687 495.908200740814 441.504895687103
v -252.28288769722 495.908200740814 424.886882305145
v -252.28288769722 698.408186435699 424.886882305145
v -778.155446052551 -499.091804027557 72.730153799057
v -252.28288769722 -499.091804027557 424.886882305145
v -252.28288769722 -701.591789722443 424.886882305145
v -792.367875576019 -701.591789722443 63.2126554846764
v -792.367875576019 698.408186435699 63.2126554846764
v -252.28288769722 698.408186435699 424.886882305145
v -252.28288769722 495.908200740814 424.886882305145
v -778.155446052551 495.908200740814 72.730153799057
v -778.155446052551 425.908207893372 72.730153799057
v -252.28288769722 425.908207893372 424.886882305145
v -252.28288769722 -429.091781377792 424.886882305145
v -778.155446052551 -429.091781377792 72.730153799057
v -803.496301174164 -499.091804027557 79.8306539654732
v -867.307782173157 -499.091804027557 29.1006471961737
v -922.027707099915 -499.091804027557 -31.3242636620998
v -966.201543807983 -499.091804027557 -99.8378768563271
v -966.201543807983 -429.091781377792 -99.8378768563271
v -922.027707099915 -429.091781377792 -31.3242636620998
v -867.307782173157 -429.091781377792 29.1006471961737
v -803.496301174164 -429.091781377792 79.8306539654732
v -803.496301174164 425.908207893372 79.8306539654732
v -867.307782173157 425.908207893372 29.1006471961737
v -922.027707099915 425.908207893372 -31.3242636620998
v -966.201543807983 425.908207893372 -99.8378768563271
v -966.201543807983 495.908200740814 -99.8378768563271
v -922.027707099915 495.908200740814 -31.3242636620998
v -867.307782173157 495.908200740814 29.1006471961737
v -803.496301174164 495.908200740814 79.8306539654732
v -803.496301174164 698.408186435699 79.8306539654732
v -877.093076705933 698.408186435699 19.6711663156748
v -937.974631786346 698.408186435699 -53.3294454216957
v -983.940482139587 698.408186435699 -136.532753705978
v -1013.32938671112 698.408186435699 -226.931557059288
v -1025.07901191711 698.408186435699 -321.258634328842
v -1018.76497268677 698.408186435699 -416.104733943939
v -994.615137577057 698.408186435699 -508.041858673096
v -953.502535820007 698.408186435699 -593.747198581696
v -896.913051605225 698.408186435699 -670.123159885406
v -826.892018318176 698.408186435699 -734.409272670746
v -745.970070362091 698.408186435699 -784.282028675079
v -745.970070362091 -701.591789722443 -784.282028675079
v -826.892018318176 -701.591789722443 -734.409272670746
v -896.913051605225 -701.591789722443 -670.123159885406
v -953.502535820007 -701.591789722443 -593.747198581696
v -994.615137577057 -701.591789722443 -508.041858673096
v -1018.76497268677 -701.591789722443 -416.104733943939
v -1025.07901191711 -701.591789722443 -321.258634328842
v -1013.32938671112 -701.591789722443 -226.931557059288
v -983.940482139587 -701.591789722443 -136.532753705978
v -937.974631786346 -701.591789722443 -53.3294454216957
v -877.093076705933 -701.591789722443 19.6711663156748
v -803.496301174164 -701.591789722443 79.8306539654732
v -737.1426820755 698.408186435699 -766.335546970367
v -814.827740192413 698.408186435699 -718.457639217377
v -882.047951221466 698.408186435699 -656.742990016937
v -936.373829841614 698.408186435699 -583.422124385834
v -975.84193944931 698.408186435699 -501.145005226135
v -999.025762081146 698.408186435699 -412.885308265686
v -1005.08737564087 698.408186435699 -321.833044290543
v -993.80761384964 698.408186435699 -231.279075145721
v -965.594291687012 698.408186435699 -144.496217370033
v -921.467065811157 698.408186435699 -64.6210387349129
v -863.020777702332 698.408186435699 5.45954704284668
v -792.367875576019 698.408186435699 63.2126554846764
v -792.367875576019 -701.591789722443 63.2126554846764
v -863.020777702332 -701.591789722443 5.45954704284668
v -921.467065811157 -701.591789722443 -64.6210387349129
v -965.594291687012 -701.591789722443 -144.496217370033
v -993.80761384964 -701.591789722443 -231.279075145721
v -1005.08737564087 -701.591789722443 -321.833044290543
v -999.025762081146 -701.591789722443 -412.885308265686
v -975.84193944931 -701.591789722443 -501.145005226135
v -936.373829841614 -701.591789722443 -583.422124385834
v -882.047951221466 -701.591789722443 -656.742990016937
v -814.827740192413 -701.591789722443 -718.457639217377
v -737.1426820755 -701.591789722443 -766.335546970367
v -848.712265491486 425.908207893372 19.0566536039114
v -848.712265491486 495.908200740814 19.0566536039114
v -889.306247234344 495.908200740814 -22.7474831044674
v -924.535572528839 495.908200740814 -69.1624879837036
v -953.881084918976 495.908200740814 -119.504325091839
v -953.881084918976 425.908207893372 -119.504325091839
v -924.535572528839 425.908207893372 -69.1624879837036
v -889.306247234344 425.908207893372 -22.7474831044674
v -848.712265491486 -429.091781377792 19.0566536039114
v -889.306247234344 -429.091781377792 -22.7474831044674
v -924.535572528839 -429.091781377792 -69.1624879837036
v -953.881084918976 -429.091781377792 -119.504325091839
v -953.881084918976 -499.091804027557 -119.504325091839
v -924.535572528839 -499.091804027557 -69.1624879837036
v -889.306247234344 -499.091804027557 -22.7474831044674
v -848.712265491486 -499.091804027557 19.0566536039114
v -803.496301174164 698.408186435699 79.8306539654732
v -803.496301174164 495.908200740814 79.8306539654732
v -690.858364105225 495.908200740814 155.259981751442
v -690.858364105225 698.408186435699 155.259981751442
v -275.943487882614 698.408186435699 433.112591505051
v -275.943487882614 495.908200740814 433.112591505051
v -263.411343097687 495.908200740814 441.504895687103
v -263.411343097687 698.408186435699 441.504895687103
v 751.51139497757 63.4082108736038 -770.390570163727
v 751.51139497757 653.408229351044 -770.390570163727
v 745.813429355621 653.408229351044 -751.185059547424
v 745.813429355621 63.4082108736038 -751.185059547424
v -759.211182594299 698.408186435699 -811.201810836792
v -840.913653373718 698.408186435699 -761.387705802917
v -912.327408790588 698.408186435699 -697.694540023804
v -971.124351024628 698.408186435699 -622.198402881622
v -1015.38789272308 698.408186435699 -537.360489368439
v -1043.67518424988 698.408186435699 -445.94618678093
v -1055.0639629364 698.408186435699 -350.935459136963
v -1049.18313026428 698.408186435699 -255.425482988358
v -1026.22437477112 698.408186435699 -162.529647350311
v -986.936151981354 698.408186435699 -75.2761587500572
v -932.599008083344 698.408186435699 3.49069340154529
v -864.984273910522 698.408186435699 71.2032839655876
v -864.984273910522 718.408226966858 71.2032839655876
v -932.599008083344 718.408226966858 3.49069340154529
v -986.936151981354 718.408226966858 -75.2761587500572
v -1026.22437477112 718.408226966858 -162.529647350311
v -1049.18313026428 718.408226966858 -255.425482988358
v -1055.0639629364 718.408226966858 -350.935459136963
v -1043.67518424988 718.408226966858 -445.94618678093
v -1015.38789272308 718.408226966858 -537.360489368439
v -971.124351024628 718.408226966858 -622.198402881622
v -912.327408790588 718.408226966858 -697.694540023804
v -840.913653373718 718.408226966858 -761.387705802917
v -759.211182594299 718.408226966858 -811.201810836792
v -971.124351024628 718.408226966858 -622.198402881622
v -971.124351024628 698.408186435699 -622.198402881622
v -864.984273910522 698.408186435699 71.2032839655876
v -796.04583978653 698.408186435699 138.90253007412
v -738.867878913879 698.408186435699 216.789454221725
v -694.933176040649 698.408186435699 302.844285964966
v -665.381014347076 698.408186435699 394.835412502289
v -665.381014347076 718.408226966858 394.835412502289
v -694.933176040649 718.408226966858 302.844285964966
v -738.867878913879 718.408226966858 216.789454221725
v -796.04583978653 718.408226966858 138.90253007412
v -864.984273910522 718.408226966858 71.2032839655876
v 1018.31448078156 -771.591782569885 -688.100159168243
v 875.14740228653 -771.591782569885 -689.88424539566
v 901.751041412354 -771.591782569885 -806.89811706543
v 1031.61633014679 -771.591782569885 -746.60712480545
v 875.14740228653 -671.591818332672 -689.88424539566
v 1018.31448078156 -671.591818332672 -688.100159168243
v 1031.61633014679 -671.591818332672 -746.60712480545
v 901.751041412354 -671.591818332672 -806.89811706543
v 1031.61633014679 -671.591818332672 -746.60712480545
v 1018.31448078156 -671.591818332672 -688.100159168243
v 1018.31448078156 -771.591782569885 -688.100159168243
v 1031.61633014679 -771.591782569885 -746.60712480545
v 901.751041412354 -671.591818332672 -806.89811706543
v 1031.61633014679 -671.591818332672 -746.60712480545
v 1031.61633014679 -771.591782569885 -746.60712480545
v 901.751041412354 -771.591782569885 -806.89811706543
v 1018.31448078156 -671.591818332672 -688.100159168243
v 875.14740228653 -671.591818332672 -689.88424539566
v 875.14740228653 -771.591782569885 -689.88424539566
v 1018.31448078156 -771.591782569885 -688.100159168243
v 999.730169773102 -51.5917912125587 -786.785185337067
v 1129.59551811218 -51.5917912125587 -726.494193077087
v 1116.29366874695 -51.5917912125587 -667.98722743988
v 973.126590251923 -51.5917912125587 -669.771313667297
v 1129.59551811218 48.4082102775574 -726.494193077087
v 999.730169773102 48.4082102775574 -786.785185337067
v 973.126590251923 48.4082102775574 -669.771313667297
v 1116.29366874695 48.4082102775574 -667.98722743988
v 1116.29366874695 48.4082102775574 -667.98722743988
v 973.126590251923 48.4082102775574 -669.771313667297
v 973.126590251923 -51.5917912125587 -669.771313667297
v 1116.29366874695 -51.5917912125587 -667.98722743988
v 1129.59551811218 48.4082102775574 -726.494193077087
v 1116.29366874695 48.4082102775574 -667.98722743988
v 1116.29366874695 -51.5917912125587 -667.98722743988
v 1129.59551811218 -51.5917912125587 -726.494193077087
v 999.730169773102 48.4082102775574 -786.785185337067
v 1129.59551811218 48.4082102775574 -726.494193077087
v 1129.59551811218 -51.5917912125587 -726.494193077087
v 999.730169773102 -51.5917912125587 -786.785185337067
v 745.813429355621 -66.5917918086052 -751.185059547424
v 751.51139497757 -66.5917918086052 -770.390570163727
v 646.338522434235 -66.5917918086052 -808.273196220398
v 637.415885925293 -66.5917918086052 -815.390408039093
v 628.586113452911 -66.5917918086052 -822.622656822205
v 619.850754737854 -66.5917918086052 -829.968571662903
v 633.152544498444 -66.5917918086052 -888.47553730011
v 1003.69656085968 -66.5917918086052 -804.230749607086
v 968.225061893463 -66.5917918086052 -648.212254047394
v 876.348853111267 -66.5917918086052 -677.728056907654
v 788.250327110291 -66.5917918086052 -717.111647129059
v 704.985737800598 -66.5917918086052 -765.890955924988
v 646.338522434235 63.4082108736038 -808.273196220398
v 751.51139497757 63.4082108736038 -770.390570163727
v 745.813429355621 63.4082108736038 -751.185059547424
v 704.985737800598 63.4082108736038 -765.890955924988
v 788.250327110291 63.4082108736038 -717.111647129059
v 876.348853111267 63.4082108736038 -677.728056907654
v 968.225061893463 63.4082108736038 -648.212254047394
v 1003.69656085968 63.4082108736038 -804.230749607086
v 633.152544498444 63.4082108736038 -888.47553730011
v 619.850754737854 63.4082108736038 -829.968571662903
v 628.586113452911 63.4082108736038 -822.622656822205
v 637.415885925293 63.4082108736038 -815.390408039093
v 619.850754737854 -66.5917918086052 -829.968571662903
v 628.586113452911 -66.5917918086052 -822.622656822205
v 637.415885925293 -66.5917918086052 -815.390408039093
v 646.338522434235 -66.5917918086052 -808.273196220398
v 646.338522434235 63.4082108736038 -808.273196220398
v 637.415885925293 63.4082108736038 -815.390408039093
v 628.586113452911 63.4082108736038 -822.622656822205
v 619.850754737854 63.4082108736038 -829.968571662903
v 999.730169773102 48.4082102775574 -786.785185337067
v 999.730169773102 -51.5917912125587 -786.785185337067
v 973.126590251923 -51.5917912125587 -669.771313667297
v 973.126590251923 48.4082102775574 -669.771313667297
v 1003.69656085968 63.4082108736038 -804.230749607086
v 968.225061893463 63.4082108736038 -648.212254047394
v 968.225061893463 -66.5917918086052 -648.212254047394
v 1003.69656085968 -66.5917918086052 -804.230749607086
v 633.152544498444 63.4082108736038 -888.47553730011
v 1003.69656085968 63.4082108736038 -804.230749607086
v 1003.69656085968 -66.5917918086052 -804.230749607086
v 633.152544498444 -66.5917918086052 -888.47553730011
v 619.850754737854 63.4082108736038 -829.968571662903
v 633.152544498444 63.4082108736038 -888.47553730011
v 633.152544498444 -66.5917918086052 -888.47553730011
v 619.850754737854 -66.5917918086052 -829.968571662903
v 424.827635288239 -786.591768264771 -874.307930469513
v 438.129425048828 -786.591768264771 -932.814836502075
v 906.18497133255 -786.591768264771 -826.400458812714
v 870.713472366333 -786.591768264771 -670.381903648376
v 751.914799213409 -786.591768264771 -703.761219978333
v 637.194097042084 -786.591768264771 -749.219357967377
v 527.775704860687 -786.591768264771 -806.271255016327
v 427.095025777817 -656.591773033142 -884.280860424042
v 457.382082939148 -656.591773033142 -875.017285346985
v 487.482160329819 -656.591773033142 -865.163028240204
v 517.383754253387 -656.591773033142 -854.721903800964
v 751.51139497757 -656.591773033142 -770.390570163727
v 745.813429355621 -656.591773033142 -751.185059547424
v 510.606110095978 -656.591773033142 -835.905313491821
v 490.37429690361 -656.591773033142 -843.039751052856
v 470.048576593399 -656.591773033142 -849.902153015137
v 449.63264465332 -656.591773033142 -856.491208076477
v 547.622680664063 -656.591773033142 -794.835865497589
v 651.121497154236 -656.591773033142 -742.95699596405
v 759.156763553619 -656.591773033142 -701.342046260834
v 870.713472366333 -656.591773033142 -670.381903648376
v 906.18497133255 -656.591773033142 -826.400458812714
v 438.129425048828 -656.591773033142 -932.814836502075
v 870.713472366333 -656.591773033142 -670.381903648376
v 759.156763553619 -656.591773033142 -701.342046260834
v 651.121497154236 -656.591773033142 -742.95699596405
v 547.622680664063 -656.591773033142 -794.835865497589
v 449.63264465332 -656.591773033142 -856.491208076477
v 449.63264465332 -701.591789722443 -856.491208076477
v 540.41862487793 -701.591789722443 -798.928141593933
v 636.012315750122 -701.591789722443 -749.760627746582
v 735.639452934265 -701.591789722443 -709.386885166168
v 735.639452934265 -741.591811180115 -709.386885166168
v 626.776993274689 -741.591811180115 -754.0442943573
v 522.836804389954 -741.591811180115 -809.196412563324
v 424.827635288239 -741.591811180115 -874.307930469513
v 424.827635288239 -786.591768264771 -874.307930469513
v 527.775704860687 -786.591768264771 -806.271255016327
v 637.194097042084 -786.591768264771 -749.219357967377
v 751.914799213409 -786.591768264771 -703.761219978333
v 870.713472366333 -786.591768264771 -670.381903648376
v 906.18497133255 -656.591773033142 -826.400458812714
v 870.713472366333 -656.591773033142 -670.381903648376
v 870.713472366333 -786.591768264771 -670.381903648376
v 906.18497133255 -786.591768264771 -826.400458812714
v 901.751041412354 -771.591782569885 -806.89811706543
v 875.14740228653 -771.591782569885 -689.88424539566
v 875.14740228653 -671.591818332672 -689.88424539566
v 901.751041412354 -671.591818332672 -806.89811706543
v 438.129425048828 -656.591773033142 -932.814836502075
v 906.18497133255 -656.591773033142 -826.400458812714
v 906.18497133255 -786.591768264771 -826.400458812714
v 438.129425048828 -786.591768264771 -932.814836502075
v 433.759093284607 -701.591789722443 -913.592338562012
v 427.095025777817 -701.591789722443 -884.280860424042
v 427.095025777817 -656.591773033142 -884.280860424042
v 438.129425048828 -656.591773033142 -932.814836502075
v 438.129425048828 -786.591768264771 -932.814836502075
v 424.827635288239 -786.591768264771 -874.307930469513
v 424.827635288239 -741.591811180115 -874.307930469513
v 433.759093284607 -741.591811180115 -913.592338562012
v 86.7211297154427 -741.591811180115 -976.299107074738
v 203.796029090881 -741.591811180115 -963.683068752289
v 319.672286510468 -741.591811180115 -942.745268344879
v 433.759093284607 -741.591811180115 -913.592338562012
v 424.827635288239 -741.591811180115 -874.307930469513
v 522.836804389954 -741.591811180115 -809.196412563324
v 626.776993274689 -741.591811180115 -754.0442943573
v 735.639452934265 -741.591811180115 -709.386885166168
v 419.625401496887 -741.591811180115 -547.038435935974
v 331.229984760284 -741.591811180115 -492.728859186172
v 252.125114202499 -741.591811180115 -425.604373216629
v 184.152126312256 -741.591811180115 -347.227424383163
v 128.893196582794 -741.591811180115 -259.422361850739
v -307.508438825607 -741.591811180115 567.982196807861
v -324.540585279465 -741.591811180115 589.933037757874
v -348.053216934204 -741.591811180115 604.734718799591
v -375.210374593735 -741.591811180115 610.602021217346
v -546.779572963715 -741.591811180115 617.166936397552
v -573.973059654236 -741.591811180115 613.498091697693
v -598.327159881592 -741.591811180115 600.855946540833
v -616.976678371429 -741.591811180115 580.727756023407
v -627.727508544922 -741.591811180115 555.481672286987
v -656.483709812164 -741.591811180115 432.795196771622
v -656.483709812164 -721.591770648956 432.795196771622
v 86.7211297154427 -721.591770648956 -976.299107074738
v 86.7211297154427 -741.591811180115 -976.299107074738
v -656.483709812164 -741.591811180115 432.795196771622
v 86.7211297154427 -721.591770648956 -976.299107074738
v -656.483709812164 -721.591770648956 432.795196771622
v -665.381014347076 -721.591770648956 394.835412502289
v -694.933176040649 -721.591770648956 302.844285964966
v -738.867878913879 -721.591770648956 216.789454221725
v -796.04583978653 -721.591770648956 138.90253007412
v -864.984273910522 -721.591770648956 71.2032839655876
v -932.599008083344 -721.591770648956 3.49069340154529
v -986.936151981354 -721.591770648956 -75.2761587500572
v -1026.22437477112 -721.591770648956 -162.529647350311
v -1049.18313026428 -721.591770648956 -255.425482988358
v -1055.0639629364 -721.591770648956 -350.935459136963
v -1043.67518424988 -721.591770648956 -445.94618678093
v -1015.38789272308 -721.591770648956 -537.360489368439
v -971.124351024628 -721.591770648956 -622.198402881622
v -912.327408790588 -721.591770648956 -697.694540023804
v -840.913653373718 -721.591770648956 -761.387705802917
v -759.211182594299 -721.591770648956 -811.201810836792
v -598.939955234528 -721.591770648956 -879.767417907715
v -432.326585054398 -721.591770648956 -931.032419204712
v -261.232733726501 -721.591770648956 -964.424192905426
v -87.5700563192368 -721.591770648956 -979.569435119629
v 427.095025777817 -701.591789722443 -884.280860424042
v 433.759093284607 -701.591789722443 -913.592338562012
v 263.511955738068 -701.591789722443 -953.960478305817
v 89.9461284279823 -701.591789722443 -976.064503192902
v -84.9846750497818 -701.591789722443 -979.655683040619
v -259.311407804489 -701.591789722443 -964.693486690521
v -431.071877479553 -701.591789722443 -931.346476078033
v -598.332703113556 -701.591789722443 -879.989862442017
v -759.211182594299 -701.591789722443 -811.201810836792
v -840.913653373718 -701.591789722443 -761.387705802917
v -912.327408790588 -701.591789722443 -697.694540023804
v -971.124351024628 -701.591789722443 -622.198402881622
v -1015.38789272308 -701.591789722443 -537.360489368439
v -1043.67518424988 -701.591789722443 -445.94618678093
v -1055.0639629364 -701.591789722443 -350.935459136963
v -1049.18313026428 -701.591789722443 -255.425482988358
v -1026.22437477112 -701.591789722443 -162.529647350311
v -986.936151981354 -701.591789722443 -75.2761587500572
v -932.599008083344 -701.591789722443 3.49069340154529
v -864.984273910522 -701.591789722443 71.2032839655876
v -796.04583978653 -701.591789722443 138.90253007412
v -738.867878913879 -701.591789722443 216.789454221725
v -694.933176040649 -701.591789722443 302.844285964966
v -665.381014347076 -701.591789722443 394.835412502289
v -627.727508544922 -701.591789722443 555.481672286987
v -616.976678371429 -701.591789722443 580.727756023407
v -598.327159881592 -701.591789722443 600.855946540833
v -573.973059654236 -701.591789722443 613.498091697693
v -546.779572963715 -701.591789722443 617.166936397552
v -375.210374593735 -701.591789722443 610.602021217346
v -348.053216934204 -701.591789722443 604.734718799591
v -324.540585279465 -701.591789722443 589.933037757874
v -307.508438825607 -701.591789722443 567.982196807861
v 128.893196582794 -701.591789722443 -259.422361850739
v 184.152126312256 -701.591789722443 -347.227424383163
v 252.125114202499 -701.591789722443 -425.604373216629
v 331.229984760284 -701.591789722443 -492.728859186172
v 419.625401496887 -701.591789722443 -547.038435935974
v 735.639452934265 -701.591789722443 -709.386885166168
v 636.012315750122 -701.591789722443 -749.760627746582
v 540.41862487793 -701.591789722443 -798.928141593933
v 449.63264465332 -701.591789722443 -856.491208076477
v 302.285313606262 -701.591789722443 -895.344853401184
v 151.908829808235 -701.591789722443 -919.997334480286
v -0.131415203213692 -701.591789722443 -930.22483587265
v -152.454853057861 -701.591789722443 -925.934553146362
v -303.67836356163 -701.591789722443 -907.165348529816
v -452.428847551346 -701.591789722443 -874.087631702423
v -597.355604171753 -701.591789722443 -827.001869678497
v -737.1426820755 -701.591789722443 -766.335546970367
v -814.827740192413 -701.591789722443 -718.457639217377
v -882.047951221466 -701.591789722443 -656.742990016937
v -936.373829841614 -701.591789722443 -583.422124385834
v -975.84193944931 -701.591789722443 -501.145005226135
v -999.025762081146 -701.591789722443 -412.885308265686
v -1005.08737564087 -701.591789722443 -321.833044290543
v -993.80761384964 -701.591789722443 -231.279075145721
v -965.594291687012 -701.591789722443 -144.496217370033
v -921.467065811157 -701.591789722443 -64.6210387349129
v -863.020777702332 -701.591789722443 5.45954704284668
v -792.367875576019 -701.591789722443 63.2126554846764
v -252.28288769722 -701.591789722443 424.886882305145
v -263.411343097687 -701.591789722443 441.504895687103
v -275.943487882614 -701.591789722443 433.112591505051
v -331.732630729675 -701.591789722443 538.887143135071
v -346.635788679123 -701.591789722443 558.094143867493
v -367.20934510231 -701.591789722443 571.045637130737
v -390.971809625626 -701.591789722443 576.179504394531
v -532.750010490417 -701.591789722443 581.604480743408
v -556.544303894043 -701.591789722443 578.39423418045
v -577.854156494141 -701.591789722443 567.33238697052
v -594.172477722168 -701.591789722443 549.720227718353
v -603.579461574554 -701.591789722443 527.629852294922
v -690.858364105225 -701.591789722443 155.259981751442
v -803.496301174164 -701.591789722443 79.8306539654732
v -877.093076705933 -701.591789722443 19.6711663156748
v -937.974631786346 -701.591789722443 -53.3294454216957
v -983.940482139587 -701.591789722443 -136.532753705978
v -1013.32938671112 -701.591789722443 -226.931557059288
v -1025.07901191711 -701.591789722443 -321.258634328842
v -1018.76497268677 -701.591789722443 -416.104733943939
v -994.615137577057 -701.591789722443 -508.041858673096
v -953.502535820007 -701.591789722443 -593.747198581696
v -896.913051605225 -701.591789722443 -670.123159885406
v -826.892018318176 -701.591789722443 -734.409272670746
v -745.970070362091 -701.591789722443 -784.282028675079
v -587.766945362091 -701.591789722443 -851.910710334778
v -423.28092455864 -701.591789722443 -902.370750904083
v -254.36919927597 -701.591789722443 -935.092329978943
v -82.9390212893486 -701.591789722443 -949.706017971039
v 89.0740007162094 -701.591789722443 -946.046829223633
v 259.727627038956 -701.591789722443 -924.156069755554
v -665.381014347076 -701.591789722443 394.835412502289
v -694.933176040649 -701.591789722443 302.844285964966
v -738.867878913879 -701.591789722443 216.789454221725
v -796.04583978653 -701.591789722443 138.90253007412
v -864.984273910522 -701.591789722443 71.2032839655876
v -864.984273910522 -721.591770648956 71.2032839655876
v -796.04583978653 -721.591770648956 138.90253007412
v -738.867878913879 -721.591770648956 216.789454221725
v -694.933176040649 -721.591770648956 302.844285964966
v -665.381014347076 -721.591770648956 394.835412502289
v -627.727508544922 -701.591789722443 555.481672286987
v -665.381014347076 -701.591789722443 394.835412502289
v -665.381014347076 -721.591770648956 394.835412502289
v -656.483709812164 -721.591770648956 432.795196771622
v -656.483709812164 -741.591811180115 432.795196771622
v -627.727508544922 -741.591811180115 555.481672286987
v -546.779572963715 -701.591789722443 617.166936397552
v -573.973059654236 -701.591789722443 613.498091697693
v -598.327159881592 -701.591789722443 600.855946540833
v -616.976678371429 -701.591789722443 580.727756023407
v -627.727508544922 -701.591789722443 555.481672286987
v -627.727508544922 -741.591811180115 555.481672286987
v -616.976678371429 -741.591811180115 580.727756023407
v -598.327159881592 -741.591811180115 600.855946540833
v -573.973059654236 -741.591811180115 613.498091697693
v -546.779572963715 -741.591811180115 617.166936397552
v -375.210374593735 -701.591789722443 610.602021217346
v -546.779572963715 -701.591789722443 617.166936397552
v -546.779572963715 -741.591811180115 617.166936397552
v -375.210374593735 -741.591811180115 610.602021217346
v -307.508438825607 -701.591789722443 567.982196807861
v -324.540585279465 -701.591789722443 589.933037757874
v -348.053216934204 -701.591789722443 604.734718799591
v -375.210374593735 -701.591789722443 610.602021217346
v -375.210374593735 -741.591811180115 610.602021217346
v -348.053216934204 -741.591811180115 604.734718799591
v -324.540585279465 -741.591811180115 589.933037757874
v -307.508438825607 -741.591811180115 567.982196807861
v -324.540585279465 -741.591811180115 589.933037757874
v -324.540585279465 -701.591789722443 589.933037757874
v 128.893196582794 -701.591789722443 -259.422361850739
v -307.508438825607 -701.591789722443 567.982196807861
v -307.508438825607 -741.591811180115 567.982196807861
v 128.893196582794 -741.591811180115 -259.422361850739
v 419.625401496887 -701.591789722443 -547.038435935974
v 331.229984760284 -701.591789722443 -492.728859186172
v 252.125114202499 -701.591789722443 -425.604373216629
v 184.152126312256 -701.591789722443 -347.227424383163
v 128.893196582794 -701.591789722443 -259.422361850739
v 128.893196582794 -741.591811180115 -259.422361850739
v 184.152126312256 -741.591811180115 -347.227424383163
v 252.125114202499 -741.591811180115 -425.604373216629
v 331.229984760284 -741.591811180115 -492.728859186172
v 419.625401496887 -741.591811180115 -547.038435935974
v 419.625401496887 -741.591811180115 -547.038435935974
v 735.639452934265 -741.591811180115 -709.386885166168
v 735.639452934265 -701.591789722443 -709.386885166168
v 419.625401496887 -701.591789722443 -547.038435935974
v 433.759093284607 -701.591789722443 -913.592338562012
v 433.759093284607 -741.591811180115 -913.592338562012
v 319.672286510468 -741.591811180115 -942.745268344879
v 203.796029090881 -741.591811180115 -963.683068752289
v 86.7211297154427 -741.591811180115 -976.299107074738
v 86.7211297154427 -721.591770648956 -976.299107074738
v -87.5700563192368 -721.591770648956 -979.569435119629
v -261.232733726501 -721.591770648956 -964.424192905426
v -432.326585054398 -721.591770648956 -931.032419204712
v -598.939955234528 -721.591770648956 -879.767417907715
v -759.211182594299 -721.591770648956 -811.201810836792
v -759.211182594299 -701.591789722443 -811.201810836792
v -598.332703113556 -701.591789722443 -879.989862442017
v -431.071877479553 -701.591789722443 -931.346476078033
v -259.311407804489 -701.591789722443 -964.693486690521
v -84.9846750497818 -701.591789722443 -979.655683040619
v 89.9461284279823 -701.591789722443 -976.064503192902
v 263.511955738068 -701.591789722443 -953.960478305817
v -864.984273910522 -701.591789722443 71.2032839655876
v -932.599008083344 -701.591789722443 3.49069340154529
v -986.936151981354 -701.591789722443 -75.2761587500572
v -1026.22437477112 -701.591789722443 -162.529647350311
v -1049.18313026428 -701.591789722443 -255.425482988358
v -1055.0639629364 -701.591789722443 -350.935459136963
v -1043.67518424988 -701.591789722443 -445.94618678093
v -1015.38789272308 -701.591789722443 -537.360489368439
v -971.124351024628 -701.591789722443 -622.198402881622
v -912.327408790588 -701.591789722443 -697.694540023804
v -840.913653373718 -701.591789722443 -761.387705802917
v -759.211182594299 -701.591789722443 -811.201810836792
v -759.211182594299 -721.591770648956 -811.201810836792
v -840.913653373718 -721.591770648956 -761.387705802917
v -912.327408790588 -721.591770648956 -697.694540023804
v -971.124351024628 -721.591770648956 -622.198402881622
v -1015.38789272308 -721.591770648956 -537.360489368439
v -1043.67518424988 -721.591770648956 -445.94618678093
v -1055.0639629364 -721.591770648956 -350.935459136963
v -1049.18313026428 -721.591770648956 -255.425482988358
v -1026.22437477112 -721.591770648956 -162.529647350311
v -986.936151981354 -721.591770648956 -75.2761587500572
v -932.599008083344 -721.591770648956 3.49069340154529
v -864.984273910522 -721.591770648956 71.2032839655876
v -690.858364105225 -499.091804027557 155.259981751442
v -803.496301174164 -499.091804027557 79.8306539654732
v -803.496301174164 -701.591789722443 79.8306539654732
v -690.858364105225 -701.591789722443 155.259981751442
v -252.28288769722 -499.091804027557 424.886882305145
v -263.411343097687 -499.091804027557 441.504895687103
v -263.411343097687 -701.591789722443 441.504895687103
v -252.28288769722 -701.591789722443 424.886882305145
v -1046.97906970978 520.908236503601 210.330113768578
v -1048.39777946472 520.908236503601 209.273502230644
v -1049.72565174103 520.908236503601 208.10467004776
v -1050.95362663269 520.908236503601 206.831440329552
v -1102.07533836365 520.908236503601 149.303317070007
v -992.114543914795 520.908236503601 51.5878759324551
v -940.992832183838 520.908236503601 109.11600291729
v -939.872741699219 520.908236503601 110.485166311264
v -938.868045806885 520.908236503601 111.941128969193
v -937.985479831696 520.908236503601 113.474197685719
v -927.960932254791 520.908236503601 132.658094167709
v -925.740540027618 520.908236503601 139.453887939453
v -925.852477550507 520.908236503601 146.602347493172
v -928.284585475922 520.908236503601 153.325289487839
v -932.772040367126 520.908236503601 158.890843391418
v -1002.48980522156 520.908236503601 220.844745635986
v -1008.54420661926 520.908236503601 224.647060036659
v -1015.5063867569 520.908236503601 226.272225379944
v -1022.6184129715 520.908236503601 225.543305277824
v -1029.10614013672 520.908236503601 222.539663314819
v -969.68948841095 515.908181667328 31.6600985825062
v -969.68948841095 495.908200740814 31.6600985825062
v -992.114543914795 495.908200740814 51.5878759324551
v -992.114543914795 520.908236503601 51.5878759324551
v -1102.07533836365 520.908236503601 149.303317070007
v -1102.07533836365 495.908200740814 149.303317070007
v -1117.02537536621 495.908200740814 162.588506937027
v -1117.02537536621 538.268864154816 162.588506937027
v -1112.55955696106 542.427659034729 158.619984984398
v -1107.47647285461 545.025050640106 154.102936387062
v -1102.07533836365 545.908212661743 149.303317070007
v -992.114543914795 545.908212661743 51.5878759324551
v -985.184848308563 544.439911842346 45.4298555850983
v -978.933453559875 540.178716182709 39.8746207356453
v -973.972320556641 533.541738986969 35.4659631848335
v -970.787048339844 525.178730487823 32.6354317367077
v -992.114543914795 545.908212661743 51.5878759324551
v -1102.07533836365 545.908212661743 149.303317070007
v -1050.95362663269 545.908212661743 206.831440329552
v -1049.72565174103 545.908212661743 208.10467004776
v -1048.39777946472 545.908212661743 209.273502230644
v -1046.97906970978 545.908212661743 210.330113768578
v -1029.10614013672 545.908212661743 222.539663314819
v -1022.6184129715 545.908212661743 225.543305277824
v -1015.5063867569 545.908212661743 226.272225379944
v -1008.54420661926 545.908212661743 224.647060036659
v -1002.48980522156 545.908212661743 220.844745635986
v -932.772040367126 545.908212661743 158.890843391418
v -928.284585475922 545.908212661743 153.325289487839
v -925.852477550507 545.908212661743 146.602347493172
v -925.740540027618 545.908212661743 139.453887939453
v -927.960932254791 545.908212661743 132.658094167709
v -937.985479831696 545.908212661743 113.474197685719
v -938.868045806885 545.908212661743 111.941128969193
v -939.872741699219 545.908212661743 110.485166311264
v -940.992832183838 545.908212661743 109.11600291729
v -969.68948841095 515.908181667328 31.6600985825062
v -970.787048339844 525.178730487823 32.6354317367077
v -973.972320556641 533.541738986969 35.4659631848335
v -978.933453559875 540.178716182709 39.8746207356453
v -985.184848308563 544.439911842346 45.4298555850983
v -992.114543914795 545.908212661743 51.5878759324551
v -940.992832183838 545.908212661743 109.11600291729
v -934.063136577606 544.439911842346 102.957978844643
v -927.811682224274 540.178716182709 97.4027514457703
v -922.850549221039 533.541738986969 92.9940938949585
v -919.665336608887 525.178730487823 90.1635587215424
v -918.567776679993 515.908181667328 89.1882255673409
v -937.985479831696 545.908212661743 113.474197685719
v -929.769098758698 544.439911842346 109.180741012096
v -922.357022762299 540.178716182709 105.307564139366
v -916.474759578705 533.541738986969 102.233789861202
v -912.698149681091 525.178730487823 100.260302424431
v -911.39680147171 515.908181667328 99.5802879333496
v -913.501262664795 515.908181667328 95.9247127175331
v -915.896892547607 515.908181667328 92.4529805779457
v -918.567776679993 515.908181667328 89.1882255673409
v -919.665336608887 525.178730487823 90.1635587215424
v -922.850549221039 533.541738986969 92.9940938949585
v -927.811682224274 540.178716182709 97.4027514457703
v -934.063136577606 544.439911842346 102.957978844643
v -940.992832183838 545.908212661743 109.11600291729
v -939.872741699219 545.908212661743 110.485166311264
v -938.868045806885 545.908212661743 111.941128969193
v -927.960932254791 545.908212661743 132.658094167709
v -919.744610786438 544.439911842346 128.364637494087
v -912.332534790039 540.178716182709 124.491460621357
v -906.450212001801 533.541738986969 121.417686343193
v -902.673602104187 525.178730487823 119.444206357002
v -901.372253894806 515.908181667328 118.76418441534
v -911.39680147171 515.908181667328 99.5802879333496
v -912.698149681091 525.178730487823 100.260302424431
v -916.474759578705 533.541738986969 102.233789861202
v -922.357022762299 540.178716182709 105.307564139366
v -929.769098758698 544.439911842346 109.180741012096
v -937.985479831696 545.908212661743 113.474197685719
v -932.772040367126 545.908212661743 158.890843391418
v -926.614046096802 544.439911842346 165.820568799973
v -921.058833599091 540.178716182709 172.071978449821
v -916.650176048279 533.541738986969 177.033111453056
v -913.81961107254 525.178730487823 180.218353867531
v -912.844300270081 515.908181667328 181.315913796425
v -902.143955230713 515.908181667328 168.044880032539
v -896.344661712646 515.908181667328 152.01410651207
v -896.077752113342 515.908181667328 134.968683123589
v -901.372253894806 515.908181667328 118.76418441534
v -902.673602104187 525.178730487823 119.444206357002
v -906.450212001801 533.541738986969 121.417686343193
v -912.332534790039 540.178716182709 124.491460621357
v -919.744610786438 544.439911842346 128.364637494087
v -927.960932254791 545.908212661743 132.658094167709
v -925.740540027618 545.908212661743 139.453887939453
v -925.852477550507 545.908212661743 146.602347493172
v -928.284585475922 545.908212661743 153.325289487839
v -904.81436252594 522.34297990799 171.054542064667
v -909.294903278351 534.02841091156 168.054103851318
v -917.43141412735 542.379140853882 162.605404853821
v -927.72650718689 545.858502388 155.711144208908
v -896.703064441681 522.34297990799 149.870380759239
v -902.041733264923 534.02841091156 149.111106991768
v -911.73654794693 542.379140853882 147.73228764534
v -924.003481864929 545.858502388 145.987659692764
v -898.586511611938 522.34297990799 127.264738082886
v -903.725862503052 534.02841091156 128.89701128006
v -913.058876991272 542.379140853882 131.861180067062
v -924.867928028107 545.858502388 135.611742734909
v -1002.48980522156 545.908212661743 220.844745635986
v -996.331810951233 544.439911842346 227.77447104454
v -990.776538848877 540.178716182709 234.025865793228
v -986.367881298065 533.541738986969 238.986998796463
v -983.537375926971 525.178730487823 242.172241210938
v -982.562065124512 515.908181667328 243.269816040993
v -912.844300270081 515.908181667328 181.315913796425
v -913.81961107254 525.178730487823 180.218353867531
v -916.650176048279 533.541738986969 177.033111453056
v -921.058833599091 540.178716182709 172.071978449821
v -926.614046096802 544.439911842346 165.820568799973
v -932.772040367126 545.908212661743 158.890843391418
v -1029.10614013672 545.908212661743 222.539663314819
v -1034.33549404144 544.439911842346 230.19452393055
v -1039.05284404755 540.178716182709 237.100079655647
v -1042.79661178589 533.541738986969 242.580354213715
v -1045.2002286911 525.178730487823 246.098920702934
v -1046.0284948349 515.908181667328 247.311323881149
v -1030.55846691132 515.908181667328 254.473477602005
v -1013.59987258911 515.908181667328 256.211578845978
v -996.998608112335 515.908181667328 252.336412668228
v -982.562065124512 515.908181667328 243.269816040993
v -983.537375926971 525.178730487823 242.172241210938
v -986.367881298065 533.541738986969 238.986998796463
v -990.776538848877 540.178716182709 234.025865793228
v -996.331810951233 544.439911842346 227.77447104454
v -1002.48980522156 545.908212661743 220.844745635986
v -1008.54420661926 545.908212661743 224.647060036659
v -1015.5063867569 545.908212661743 226.272225379944
v -1022.6184129715 545.908212661743 225.543305277824
v -1035.10928153992 522.34297990799 252.247780561447
v -1033.18119049072 534.02841091156 247.211933135986
v -1029.67953681946 542.379140853882 238.066971302032
v -1025.24900436401 545.858502388 226.49584710598
v -1012.65132427216 522.34297990799 255.441784858704
v -1013.09907436371 534.02841091156 250.068038702011
v -1013.91220092773 542.379140853882 240.309447050095
v -1014.94085788727 545.858502388 227.961882948875
v -991.031587123871 522.34297990799 248.575359582901
v -993.766605854034 534.02841091156 243.928030133247
v -998.733222484589 542.379140853882 235.4886084795
v -1005.01751899719 545.858502388 224.810212850571
v -1046.97906970978 545.908212661743 210.330113768578
v -1052.2084236145 544.439911842346 217.984989285469
v -1056.92577362061 540.178716182709 224.890545010567
v -1060.66954135895 533.541738986969 230.370819568634
v -1063.07315826416 525.178730487823 233.889371156693
v -1063.90142440796 515.908181667328 235.101789236069
v -1046.0284948349 515.908181667328 247.311323881149
v -1045.2002286911 525.178730487823 246.098920702934
v -1042.79661178589 533.541738986969 242.580354213715
v -1039.05284404755 540.178716182709 237.100079655647
v -1034.33549404144 544.439911842346 230.19452393055
v -1029.10614013672 545.908212661743 222.539663314819
v -1050.95362663269 545.908212661743 206.831440329552
v -1057.88338184357 544.439911842346 212.989464402199
v -1064.1348361969 540.178716182709 218.544691801071
v -1069.09596920013 533.541738986969 222.953349351883
v -1072.28112220764 525.178730487823 225.783884525299
v -1073.37868213654 515.908181667328 226.759225130081
v -1070.45042514801 515.908181667328 229.795232415199
v -1067.28434562683 515.908181667328 232.582286000252
v -1063.90142440796 515.908181667328 235.101789236069
v -1063.07315826416 525.178730487823 233.889371156693
v -1060.66954135895 533.541738986969 230.370819568634
v -1056.92577362061 540.178716182709 224.890545010567
v -1052.2084236145 544.439911842346 217.984989285469
v -1046.97906970978 545.908212661743 210.330113768578
v -1048.39777946472 545.908212661743 209.273502230644
v -1049.72565174103 545.908212661743 208.10467004776
v -1071.83039188385 522.34297990799 227.416381239891
v -1067.90816783905 534.02841091156 223.715856671333
v -1060.78541278839 542.379140853882 216.995805501938
v -1051.77319049835 545.858502388 208.492904901505
v -1102.07533836365 545.908212661743 149.303317070007
v -1107.47647285461 545.025050640106 154.102936387062
v -1112.55955696106 542.427659034729 158.619984984398
v -1117.02537536621 538.268864154816 162.588506937027
v -1117.37728118896 533.601999282837 168.555527925491
v -1117.64025688171 528.15568447113 173.015952110291
v -1117.80285835266 522.169828414917 175.773307681084
v -1117.85781383514 515.908181667328 176.706120371819
v -1073.37868213654 515.908181667328 226.759225130081
v -1072.28112220764 525.178730487823 225.783884525299
v -1069.09596920013 533.541738986969 222.953349351883
v -1064.1348361969 540.178716182709 218.544691801071
v -1057.88338184357 544.439911842346 212.989464402199
v -1050.95362663269 545.908212661743 206.831440329552
v -1117.02537536621 538.268864154816 162.588506937027
v -1117.02537536621 495.908200740814 162.588506937027
v -1117.85781383514 495.908200740814 176.706120371819
v -1117.85781383514 515.908181667328 176.706120371819
v -1117.80285835266 522.169828414917 175.773307681084
v -1117.64025688171 528.15568447113 173.015952110291
v -1117.37728118896 533.601999282837 168.555527925491
v -1117.85781383514 515.908181667328 176.706120371819
v -1117.85781383514 495.908200740814 176.706120371819
v -1073.37868213654 495.908200740814 226.759225130081
v -1073.37868213654 515.908181667328 226.759225130081
v -1073.37868213654 515.908181667328 226.759225130081
v -1073.37868213654 495.908200740814 226.759225130081
v -1070.45042514801 495.908200740814 229.795232415199
v -1067.28434562683 495.908200740814 232.582286000252
v -1063.90142440796 495.908200740814 235.101789236069
v -1063.90142440796 515.908181667328 235.101789236069
v -1067.28434562683 515.908181667328 232.582286000252
v -1070.45042514801 515.908181667328 229.795232415199
v -1063.90142440796 515.908181667328 235.101789236069
v -1063.90142440796 495.908200740814 235.101789236069
v -1046.0284948349 495.908200740814 247.311323881149
v -1046.0284948349 515.908181667328 247.311323881149
v -1046.0284948349 515.908181667328 247.311323881149
v -1046.0284948349 495.908200740814 247.311323881149
v -1030.55846691132 495.908200740814 254.473477602005
v -1013.59987258911 495.908200740814 256.211578845978
v -996.998608112335 495.908200740814 252.336412668228
v -982.562065124512 495.908200740814 243.269816040993
v -982.562065124512 515.908181667328 243.269816040993
v -996.998608112335 515.908181667328 252.336412668228
v -1013.59987258911 515.908181667328 256.211578845978
v -1030.55846691132 515.908181667328 254.473477602005
v -982.562065124512 515.908181667328 243.269816040993
v -982.562065124512 495.908200740814 243.269816040993
v -912.844300270081 495.908200740814 181.315913796425
v -912.844300270081 515.908181667328 181.315913796425
v -912.844300270081 515.908181667328 181.315913796425
v -912.844300270081 495.908200740814 181.315913796425
v -902.143955230713 495.908200740814 168.044880032539
v -896.344661712646 495.908200740814 152.01410651207
v -896.077752113342 495.908200740814 134.968683123589
v -901.372253894806 495.908200740814 118.76418441534
v -901.372253894806 515.908181667328 118.76418441534
v -896.077752113342 515.908181667328 134.968683123589
v -896.344661712646 515.908181667328 152.01410651207
v -902.143955230713 515.908181667328 168.044880032539
v -902.143955230713 515.908181667328 168.044880032539
v -902.143955230713 495.908200740814 168.044880032539
v -901.372253894806 515.908181667328 118.76418441534
v -901.372253894806 495.908200740814 118.76418441534
v -911.39680147171 495.908200740814 99.5802879333496
v -911.39680147171 515.908181667328 99.5802879333496
v -911.39680147171 515.908181667328 99.5802879333496
v -911.39680147171 495.908200740814 99.5802879333496
v -913.501262664795 495.908200740814 95.9247127175331
v -915.896892547607 495.908200740814 92.4529805779457
v -918.567776679993 495.908200740814 89.1882255673409
v -918.567776679993 515.908181667328 89.1882255673409
v -915.896892547607 515.908181667328 92.4529805779457
v -913.501262664795 515.908181667328 95.9247127175331
v -918.567776679993 515.908181667328 89.1882255673409
v -918.567776679993 495.908200740814 89.1882255673409
v -969.68948841095 495.908200740814 31.6600985825062
v -969.68948841095 515.908181667328 31.6600985825062
v -940.992832183838 520.908236503601 109.11600291729
v -992.114543914795 520.908236503601 51.5878759324551
v -992.114543914795 495.908200740814 51.5878759324551
v -940.992832183838 495.908200740814 109.11600291729
v -937.985479831696 520.908236503601 113.474197685719
v -938.868045806885 520.908236503601 111.941128969193
v -939.872741699219 520.908236503601 110.485166311264
v -940.992832183838 520.908236503601 109.11600291729
v -940.992832183838 495.908200740814 109.11600291729
v -939.872741699219 495.908200740814 110.485166311264
v -938.868045806885 495.908200740814 111.941128969193
v -937.985479831696 495.908200740814 113.474197685719
v -927.960932254791 520.908236503601 132.658094167709
v -937.985479831696 520.908236503601 113.474197685719
v -937.985479831696 495.908200740814 113.474197685719
v -927.960932254791 495.908200740814 132.658094167709
v -932.772040367126 520.908236503601 158.890843391418
v -928.284585475922 520.908236503601 153.325289487839
v -925.852477550507 520.908236503601 146.602347493172
v -925.740540027618 520.908236503601 139.453887939453
v -927.960932254791 520.908236503601 132.658094167709
v -927.960932254791 495.908200740814 132.658094167709
v -925.740540027618 495.908200740814 139.453887939453
v -925.852477550507 495.908200740814 146.602347493172
v -928.284585475922 495.908200740814 153.325289487839
v -932.772040367126 495.908200740814 158.890843391418
v -928.284585475922 495.908200740814 153.325289487839
v -928.284585475922 520.908236503601 153.325289487839
v -932.772040367126 520.908236503601 158.890843391418
v -932.772040367126 495.908200740814 158.890843391418
v -1002.48980522156 495.908200740814 220.844745635986
v -1002.48980522156 520.908236503601 220.844745635986
v -1029.10614013672 520.908236503601 222.539663314819
v -1022.6184129715 520.908236503601 225.543305277824
v -1015.5063867569 520.908236503601 226.272225379944
v -1008.54420661926 520.908236503601 224.647060036659
v -1002.48980522156 520.908236503601 220.844745635986
v -1002.48980522156 495.908200740814 220.844745635986
v -1008.54420661926 495.908200740814 224.647060036659
v -1015.5063867569 495.908200740814 226.272225379944
v -1022.6184129715 495.908200740814 225.543305277824
v -1029.10614013672 495.908200740814 222.539663314819
v -1029.10614013672 520.908236503601 222.539663314819
v -1029.10614013672 495.908200740814 222.539663314819
v -1046.97906970978 495.908200740814 210.330113768578
v -1046.97906970978 520.908236503601 210.330113768578
v -1046.97906970978 520.908236503601 210.330113768578
v -1046.97906970978 495.908200740814 210.330113768578
v -1048.39777946472 495.908200740814 209.273502230644
v -1049.72565174103 495.908200740814 208.10467004776
v -1050.95362663269 495.908200740814 206.831440329552
v -1050.95362663269 520.908236503601 206.831440329552
v -1049.72565174103 520.908236503601 208.10467004776
v -1048.39777946472 520.908236503601 209.273502230644
v -1050.95362663269 520.908236503601 206.831440329552
v -1050.95362663269 495.908200740814 206.831440329552
v -1102.07533836365 495.908200740814 149.303317070007
v -1102.07533836365 520.908236503601 149.303317070007
v -1050.95362663269 495.908200740814 206.831440329552
v -1049.72565174103 495.908200740814 208.10467004776
v -1048.39777946472 495.908200740814 209.273502230644
v -1046.97906970978 495.908200740814 210.330113768578
v -1029.10614013672 495.908200740814 222.539663314819
v -1022.6184129715 495.908200740814 225.543305277824
v -1015.5063867569 495.908200740814 226.272225379944
v -1008.54420661926 495.908200740814 224.647060036659
v -1002.48980522156 495.908200740814 220.844745635986
v -932.772040367126 495.908200740814 158.890843391418
v -928.284585475922 495.908200740814 153.325289487839
v -925.852477550507 495.908200740814 146.602347493172
v -925.740540027618 495.908200740814 139.453887939453
v -927.960932254791 495.908200740814 132.658094167709
v -937.985479831696 495.908200740814 113.474197685719
v -938.868045806885 495.908200740814 111.941128969193
v -939.872741699219 495.908200740814 110.485166311264
v -940.992832183838 495.908200740814 109.11600291729
v -992.114543914795 495.908200740814 51.5878759324551
v -969.68948841095 495.908200740814 31.6600985825062
v -918.567776679993 495.908200740814 89.1882255673409
v -915.896892547607 495.908200740814 92.4529805779457
v -913.501262664795 495.908200740814 95.9247127175331
v -911.39680147171 495.908200740814 99.5802879333496
v -901.372253894806 495.908200740814 118.76418441534
v -896.077752113342 495.908200740814 134.968683123589
v -896.344661712646 495.908200740814 152.01410651207
v -902.143955230713 495.908200740814 168.044880032539
v -912.844300270081 495.908200740814 181.315913796425
v -982.562065124512 495.908200740814 243.269816040993
v -996.998608112335 495.908200740814 252.336412668228
v -1013.59987258911 495.908200740814 256.211578845978
v -1030.55846691132 495.908200740814 254.473477602005
v -1046.0284948349 495.908200740814 247.311323881149
v -1063.90142440796 495.908200740814 235.101789236069
v -1067.28434562683 495.908200740814 232.582286000252
v -1070.45042514801 495.908200740814 229.795232415199
v -1073.37868213654 495.908200740814 226.759225130081
v -1117.85781383514 495.908200740814 176.706120371819
v -1117.02537536621 495.908200740814 162.588506937027
v -1102.07533836365 495.908200740814 149.303317070007
v -690.858364105225 495.908200740814 155.259981751442
v -803.496301174164 495.908200740814 79.8306539654732
v -867.307782173157 495.908200740814 29.1006471961737
v -922.027707099915 495.908200740814 -31.3242636620998
v -966.201543807983 495.908200740814 -99.8378768563271
v -1031.55601024628 495.908200740814 4.48361737653613
v -950.900435447693 495.908200740814 139.067992568016
v -949.67645406723 495.908200740814 142.226114869118
v -949.576914310455 495.908200740814 145.611643791199
v -950.61320066452 495.908200740814 148.836195468903
v -952.666461467743 495.908200740814 151.529893279076
v -986.201584339142 495.908200740814 182.72976577282
v -989.036202430725 495.908200740814 184.583559632301
v -992.327034473419 495.908200740814 185.384809970856
v -995.696604251862 495.908200740814 185.041591525078
v -998.758316040039 495.908200740814 183.593288064003
v -1088.77968788147 495.908200740814 120.404973626137
v -1091.92562103271 495.908200740814 118.933610618114
v -1095.38495540619 495.908200740814 118.626937270164
v -1098.74069690704 495.908200740814 119.521945714951
v -1101.58789157867 495.908200740814 121.510677039623
v -1103.58309745789 495.908200740814 124.353267252445
v -1120.04125118256 495.908200740814 159.541860222816
v -1122.56979942322 495.908200740814 168.042317032814
v -1122.5026845932 495.908200740814 176.910623908043
v -1119.84550952911 495.908200740814 185.371786355972
v -1114.83073234558 495.908200740814 192.686378955841
v -1033.3286523819 495.908200740814 280.288696289063
v -1026.73304080963 495.908200740814 285.618543624878
v -1018.90933513641 495.908200740814 288.889795541763
v -1010.48290729523 495.908200740814 289.841085672379
v -1002.12693214417 495.908200740814 288.396388292313
v -972.320020198822 495.908200740814 278.749495744705
v -963.875591754913 495.908200740814 274.883210659027
v -956.550419330597 495.908200740814 269.173741340637
v -950.73938369751 495.908200740814 261.928856372833
v -929.493725299835 495.908200740814 228.015676140785
v -915.789544582367 495.908200740814 212.396442890167
v -897.856652736664 495.908200740814 201.899886131287
v -877.52777338028 495.908200740814 197.598680853844
v -856.880247592926 495.908200740814 199.932381510735
v -838.024199008942 495.908200740814 208.662495017052
v -822.886526584625 495.908200740814 222.896859049797
v -813.014268875122 495.908200740814 241.180837154388
v -809.416234493256 495.908200740814 261.645913124084
v -799.745202064514 495.908200740814 371.612131595612
v -773.918628692627 495.908200740814 478.939145803452
v -732.504487037659 495.908200740814 581.2668800354
v -676.413476467133 495.908200740814 676.345229148865
v -606.878876686096 495.908200740814 762.083470821381
v -525.429844856262 495.908200740814 836.596250534058
v -433.857351541519 495.908200740814 898.245096206665
v -334.175050258636 495.908200740814 945.674359798431
v -228.574842214584 495.908200740814 977.841079235077
v -169.876456260681 495.908200740814 981.955051422119
v -112.624354660511 495.908200740814 968.367457389832
v -62.0343685150146 495.908200740814 938.316166400909
v -22.7153860032558 495.908200740814 894.538998603821
v 1.7505184514448 495.908200740814 841.024100780487
v 9.13443230092525 495.908200740814 782.646834850311
v -1.23633851762861 495.908200740814 724.725544452667
v -28.4169893711805 495.908200740814 672.537088394165
v -34.1324284672737 495.908200740814 665.171504020691
v -40.2547530829906 495.908200740814 658.140480518341
v -46.7644222080708 495.908200740814 651.466429233551
v -52.6631884276867 495.908200740814 647.221803665161
v -59.5334954559803 495.908200740814 644.852995872498
v -66.7948052287102 495.908200740814 644.560217857361
v -73.8335400819778 495.908200740814 646.368145942688
v -80.0549238920212 495.908200740814 650.12401342392
v -84.9332585930824 495.908200740814 655.510485172272
v -120.221219956875 495.908200740814 708.205699920654
v -121.457688510418 495.908200740814 710.789322853088
v -121.911056339741 495.908200740814 713.617444038391
v -121.544130146503 495.908200740814 716.458082199097
v -120.387010276318 495.908200740814 719.078183174133
v -118.534624576569 495.908200740814 721.262812614441
v -104.940436780453 495.908200740814 738.077402114868
v -97.6139232516289 495.908200740814 758.420825004578
v -97.3658189177513 495.908200740814 780.041873455048
v -104.2235866189 495.908200740814 800.548017024994
v -117.428347468376 495.908200740814 817.670106887817
v -135.518878698349 495.908200740814 829.513430595398
v -156.493335962296 495.908200740814 834.767401218414
v -178.030699491501 495.908200740814 832.850635051727
v -197.747677564621 495.908200740814 823.975265026093
v -232.465744018555 495.908200740814 791.816174983978
v -255.546897649765 495.908200740814 750.502586364746
v -264.731764793396 495.908200740814 704.078555107117
v -259.121268987656 495.908200740814 657.088398933411
v -239.264652132988 495.908200740814 614.13186788559
v -196.298718452454 495.908200740814 549.971222877502
v -189.935192465782 495.908200740814 537.100553512573
v -187.119692564011 495.908200740814 523.021399974823
v -188.044056296349 495.908200740814 508.693337440491
v -206.648662686348 495.908200740814 414.65824842453
v -211.24991774559 495.908200740814 401.057600975037
v -219.214484095573 495.908200740814 389.111280441284
v -229.999616742134 495.908200740814 379.63342666626
v -626.520216464996 495.908200740814 114.098750054836
v -778.155446052551 495.908200740814 72.730153799057
v -252.28288769722 495.908200740814 424.886882305145
v -263.411343097687 495.908200740814 441.504895687103
v -275.943487882614 495.908200740814 433.112591505051
v -331.732630729675 495.908200740814 538.887143135071
v -346.635788679123 495.908200740814 558.094143867493
v -367.20934510231 495.908200740814 571.045637130737
v -390.971809625626 495.908200740814 576.179504394531
v -532.750010490417 495.908200740814 581.604480743408
v -556.544303894043 495.908200740814 578.39423418045
v -577.854156494141 495.908200740814 567.33238697052
v -594.172477722168 495.908200740814 549.720227718353
v -603.579461574554 495.908200740814 527.629852294922
v -966.201543807983 425.908207893372 -99.8378768563271
v -922.027707099915 425.908207893372 -31.3242636620998
v -867.307782173157 425.908207893372 29.1006471961737
v -803.496301174164 425.908207893372 79.8306539654732
v -690.858364105225 425.908207893372 155.259981751442
v -603.579461574554 425.908207893372 527.629852294922
v -594.172477722168 425.908207893372 549.720227718353
v -577.854156494141 425.908207893372 567.33238697052
v -556.544303894043 425.908207893372 578.39423418045
v -532.750010490417 425.908207893372 581.604480743408
v -390.971809625626 425.908207893372 576.179504394531
v -367.20934510231 425.908207893372 571.045637130737
v -346.635788679123 425.908207893372 558.094143867493
v -331.732630729675 425.908207893372 538.887143135071
v -275.943487882614 425.908207893372 433.112591505051
v -263.411343097687 425.908207893372 441.504895687103
v -252.28288769722 425.908207893372 424.886882305145
v -778.155446052551 425.908207893372 72.730153799057
v -626.520216464996 425.908207893372 114.098750054836
v -229.999616742134 425.908207893372 379.63342666626
v -219.214484095573 425.908207893372 389.111280441284
v -211.24991774559 425.908207893372 401.057600975037
v -206.648662686348 425.908207893372 414.65824842453
v -188.044056296349 425.908207893372 508.693337440491
v -187.119692564011 425.908207893372 523.021399974823
v -189.935192465782 425.908207893372 537.100553512573
v -196.298718452454 425.908207893372 549.971222877502
v -239.264652132988 425.908207893372 614.13186788559
v -259.121268987656 425.908207893372 657.088398933411
v -264.731764793396 425.908207893372 704.078555107117
v -255.546897649765 425.908207893372 750.502586364746
v -232.465744018555 425.908207893372 791.816174983978
v -197.747677564621 425.908207893372 823.975265026093
v -178.030699491501 425.908207893372 832.850635051727
v -156.493335962296 425.908207893372 834.767401218414
v -135.518878698349 425.908207893372 829.513430595398
v -117.428347468376 425.908207893372 817.670106887817
v -104.2235866189 425.908207893372 800.548017024994
v -97.3658189177513 425.908207893372 780.041873455048
v -97.6139232516289 425.908207893372 758.420825004578
v -104.940436780453 425.908207893372 738.077402114868
v -118.534624576569 425.908207893372 721.262812614441
v -120.387010276318 425.908207893372 719.078183174133
v -121.544130146503 425.908207893372 716.458082199097
v -121.911056339741 425.908207893372 713.617444038391
v -121.457688510418 425.908207893372 710.789322853088
v -120.221219956875 425.908207893372 708.205699920654
v -84.9332585930824 425.908207893372 655.510485172272
v -80.0549238920212 425.908207893372 650.12401342392
v -73.8335400819778 425.908207893372 646.368145942688
v -66.7948052287102 425.908207893372 644.560217857361
v -59.5334954559803 425.908207893372 644.852995872498
v -52.6631884276867 425.908207893372 647.221803665161
v -46.7644222080708 425.908207893372 651.466429233551
v -40.2547530829906 425.908207893372 658.140480518341
v -34.1324284672737 425.908207893372 665.171504020691
v -28.4169893711805 425.908207893372 672.537088394165
v -1.23633851762861 425.908207893372 724.725544452667
v 9.13443230092525 425.908207893372 782.646834850311
v 1.7505184514448 425.908207893372 841.024100780487
v -22.7153860032558 425.908207893372 894.538998603821
v -62.0343685150146 425.908207893372 938.316166400909
v -112.624354660511 425.908207893372 968.367457389832
v -169.876456260681 425.908207893372 981.955051422119
v -228.574842214584 425.908207893372 977.841079235077
v -334.175050258636 425.908207893372 945.674359798431
v -433.857351541519 425.908207893372 898.245096206665
v -525.429844856262 425.908207893372 836.596250534058
v -606.878876686096 425.908207893372 762.083470821381
v -676.413476467133 425.908207893372 676.345229148865
v -732.504487037659 425.908207893372 581.2668800354
v -773.918628692627 425.908207893372 478.939145803452
v -799.745202064514 425.908207893372 371.612131595612
v -809.416234493256 425.908207893372 261.645913124084
v -813.014268875122 425.908207893372 241.180837154388
v -822.886526584625 425.908207893372 222.896859049797
v -838.024199008942 425.908207893372 208.662495017052
v -856.880247592926 425.908207893372 199.932381510735
v -877.52777338028 425.908207893372 197.598680853844
v -897.856652736664 425.908207893372 201.899886131287
v -915.789544582367 425.908207893372 212.396442890167
v -929.493725299835 425.908207893372 228.015676140785
v -950.73938369751 425.908207893372 261.928856372833
v -956.550419330597 425.908207893372 269.173741340637
v -963.875591754913 425.908207893372 274.883210659027
v -972.320020198822 425.908207893372 278.749495744705
v -1002.12693214417 425.908207893372 288.396388292313
v -1010.48290729523 425.908207893372 289.841085672379
v -1018.90933513641 425.908207893372 288.889795541763
v -1026.73304080963 425.908207893372 285.618543624878
v -1033.3286523819 425.908207893372 280.288696289063
v -1114.83073234558 425.908207893372 192.686378955841
v -1119.84550952911 425.908207893372 185.371786355972
v -1122.5026845932 425.908207893372 176.910623908043
v -1122.56979942322 425.908207893372 168.042317032814
v -1120.04125118256 425.908207893372 159.541860222816
v -1103.58309745789 425.908207893372 124.353267252445
v -1101.58789157867 425.908207893372 121.510677039623
v -1098.74069690704 425.908207893372 119.521945714951
v -1095.38495540619 425.908207893372 118.626937270164
v -1091.92562103271 425.908207893372 118.933610618114
v -1088.77968788147 425.908207893372 120.404973626137
v -998.758316040039 425.908207893372 183.593288064003
v -995.696604251862 425.908207893372 185.041591525078
v -992.327034473419 425.908207893372 185.384809970856
v -989.036202430725 425.908207893372 184.583559632301
v -986.201584339142 425.908207893372 182.72976577282
v -952.666461467743 425.908207893372 151.529893279076
v -950.61320066452 425.908207893372 148.836195468903
v -949.576914310455 425.908207893372 145.611643791199
v -949.67645406723 425.908207893372 142.226114869118
v -950.900435447693 425.908207893372 139.067992568016
v -1031.55601024628 425.908207893372 4.48361737653613
v -46.7644222080708 425.908207893372 651.466429233551
v -52.6631884276867 425.908207893372 647.221803665161
v -59.5334954559803 425.908207893372 644.852995872498
v -66.7948052287102 425.908207893372 644.560217857361
v -73.8335400819778 425.908207893372 646.368145942688
v -80.0549238920212 425.908207893372 650.12401342392
v -84.9332585930824 425.908207893372 655.510485172272
v -84.9332585930824 495.908200740814 655.510485172272
v -80.0549238920212 495.908200740814 650.12401342392
v -73.8335400819778 495.908200740814 646.368145942688
v -66.7948052287102 495.908200740814 644.560217857361
v -59.5334954559803 495.908200740814 644.852995872498
v -52.6631884276867 495.908200740814 647.221803665161
v -46.7644222080708 495.908200740814 651.466429233551
v -84.9332585930824 425.908207893372 655.510485172272
v -120.221219956875 425.908207893372 708.205699920654
v -120.221219956875 495.908200740814 708.205699920654
v -84.9332585930824 495.908200740814 655.510485172272
v -120.221219956875 425.908207893372 708.205699920654
v -121.457688510418 425.908207893372 710.789322853088
v -121.911056339741 425.908207893372 713.617444038391
v -121.544130146503 425.908207893372 716.458082199097
v -120.387010276318 425.908207893372 719.078183174133
v -118.534624576569 425.908207893372 721.262812614441
v -118.534624576569 495.908200740814 721.262812614441
v -120.387010276318 495.908200740814 719.078183174133
v -121.544130146503 495.908200740814 716.458082199097
v -121.911056339741 495.908200740814 713.617444038391
v -121.457688510418 495.908200740814 710.789322853088
v -120.221219956875 495.908200740814 708.205699920654
v -118.534624576569 425.908207893372 721.262812614441
v -104.940436780453 425.908207893372 738.077402114868
v -97.6139232516289 425.908207893372 758.420825004578
v -97.3658189177513 425.908207893372 780.041873455048
v -104.2235866189 425.908207893372 800.548017024994
v -117.428347468376 425.908207893372 817.670106887817
v -135.518878698349 425.908207893372 829.513430595398
v -156.493335962296 425.908207893372 834.767401218414
v -178.030699491501 425.908207893372 832.850635051727
v -197.747677564621 425.908207893372 823.975265026093
v -197.747677564621 495.908200740814 823.975265026093
v -178.030699491501 495.908200740814 832.850635051727
v -156.493335962296 495.908200740814 834.767401218414
v -135.518878698349 495.908200740814 829.513430595398
v -117.428347468376 495.908200740814 817.670106887817
v -104.2235866189 495.908200740814 800.548017024994
v -97.3658189177513 495.908200740814 780.041873455048
v -97.6139232516289 495.908200740814 758.420825004578
v -104.940436780453 495.908200740814 738.077402114868
v -118.534624576569 495.908200740814 721.262812614441
v -197.747677564621 425.908207893372 823.975265026093
v -232.465744018555 425.908207893372 791.816174983978
v -255.546897649765 425.908207893372 750.502586364746
v -264.731764793396 425.908207893372 704.078555107117
v -259.121268987656 425.908207893372 657.088398933411
v -239.264652132988 425.908207893372 614.13186788559
v -239.264652132988 495.908200740814 614.13186788559
v -259.121268987656 495.908200740814 657.088398933411
v -264.731764793396 495.908200740814 704.078555107117
v -255.546897649765 495.908200740814 750.502586364746
v -232.465744018555 495.908200740814 791.816174983978
v -197.747677564621 495.908200740814 823.975265026093
v -239.264652132988 425.908207893372 614.13186788559
v -196.298718452454 425.908207893372 549.971222877502
v -196.298718452454 495.908200740814 549.971222877502
v -239.264652132988 495.908200740814 614.13186788559
v -196.298718452454 425.908207893372 549.971222877502
v -189.935192465782 425.908207893372 537.100553512573
v -187.119692564011 425.908207893372 523.021399974823
v -188.044056296349 425.908207893372 508.693337440491
v -188.044056296349 495.908200740814 508.693337440491
v -187.119692564011 495.908200740814 523.021399974823
v -189.935192465782 495.908200740814 537.100553512573
v -196.298718452454 495.908200740814 549.971222877502
v -188.044056296349 425.908207893372 508.693337440491
v -206.648662686348 425.908207893372 414.65824842453
v -206.648662686348 495.908200740814 414.65824842453
v -188.044056296349 495.908200740814 508.693337440491
v -206.648662686348 425.908207893372 414.65824842453
v -211.24991774559 425.908207893372 401.057600975037
v -219.214484095573 425.908207893372 389.111280441284
v -229.999616742134 425.908207893372 379.63342666626
v -229.999616742134 495.908200740814 379.63342666626
v -219.214484095573 495.908200740814 389.111280441284
v -211.24991774559 495.908200740814 401.057600975037
v -206.648662686348 495.908200740814 414.65824842453
v -229.999616742134 425.908207893372 379.63342666626
v -626.520216464996 425.908207893372 114.098750054836
v -626.520216464996 495.908200740814 114.098750054836
v -229.999616742134 495.908200740814 379.63342666626
v -626.520216464996 425.908207893372 114.098750054836
v -778.155446052551 425.908207893372 72.730153799057
v -778.155446052551 495.908200740814 72.730153799057
v -626.520216464996 495.908200740814 114.098750054836
v -895.712912082672 495.908200740814 -36.234263330698
v -848.712265491486 495.908200740814 19.0566536039114
v -848.712265491486 425.908207893372 19.0566536039114
v -895.712912082672 425.908207893372 -36.234263330698
v -895.712912082672 425.908207893372 -36.234263330698
v -941.262006759644 425.908207893372 -139.647379517555
v -941.262006759644 495.908200740814 -139.647379517555
v -895.712912082672 495.908200740814 -36.234263330698
v -1031.55601024628 495.908200740814 4.48361737653613
v -966.201543807983 495.908200740814 -99.8378768563271
v -966.201543807983 425.908207893372 -99.8378768563271
v -1031.55601024628 425.908207893372 4.48361737653613
v -1031.55601024628 425.908207893372 4.48361737653613
v -950.900435447693 425.908207893372 139.067992568016
v -950.900435447693 495.908200740814 139.067992568016
v -1031.55601024628 495.908200740814 4.48361737653613
v -950.900435447693 425.908207893372 139.067992568016
v -949.67645406723 425.908207893372 142.226114869118
v -949.576914310455 425.908207893372 145.611643791199
v -950.61320066452 425.908207893372 148.836195468903
v -952.666461467743 425.908207893372 151.529893279076
v -952.666461467743 495.908200740814 151.529893279076
v -950.61320066452 495.908200740814 148.836195468903
v -949.576914310455 495.908200740814 145.611643791199
v -949.67645406723 495.908200740814 142.226114869118
v -950.900435447693 495.908200740814 139.067992568016
v -952.666461467743 425.908207893372 151.529893279076
v -986.201584339142 425.908207893372 182.72976577282
v -986.201584339142 495.908200740814 182.72976577282
v -952.666461467743 495.908200740814 151.529893279076
v -986.201584339142 425.908207893372 182.72976577282
v -989.036202430725 425.908207893372 184.583559632301
v -992.327034473419 425.908207893372 185.384809970856
v -995.696604251862 425.908207893372 185.041591525078
v -998.758316040039 425.908207893372 183.593288064003
v -998.758316040039 495.908200740814 183.593288064003
v -995.696604251862 495.908200740814 185.041591525078
v -992.327034473419 495.908200740814 185.384809970856
v -989.036202430725 495.908200740814 184.583559632301
v -986.201584339142 495.908200740814 182.72976577282
v -998.758316040039 425.908207893372 183.593288064003
v -1088.77968788147 425.908207893372 120.404973626137
v -1088.77968788147 495.908200740814 120.404973626137
v -998.758316040039 495.908200740814 183.593288064003
v -1088.77968788147 425.908207893372 120.404973626137
v -1091.92562103271 425.908207893372 118.933610618114
v -1095.38495540619 425.908207893372 118.626937270164
v -1098.74069690704 425.908207893372 119.521945714951
v -1101.58789157867 425.908207893372 121.510677039623
v -1103.58309745789 425.908207893372 124.353267252445
v -1103.58309745789 495.908200740814 124.353267252445
v -1101.58789157867 495.908200740814 121.510677039623
v -1098.74069690704 495.908200740814 119.521945714951
v -1095.38495540619 495.908200740814 118.626937270164
v -1091.92562103271 495.908200740814 118.933610618114
v -1088.77968788147 495.908200740814 120.404973626137
v -1103.58309745789 425.908207893372 124.353267252445
v -1120.04125118256 425.908207893372 159.541860222816
v -1120.04125118256 495.908200740814 159.541860222816
v -1103.58309745789 495.908200740814 124.353267252445
v -1120.04125118256 425.908207893372 159.541860222816
v -1122.56979942322 425.908207893372 168.042317032814
v -1122.5026845932 425.908207893372 176.910623908043
v -1119.84550952911 425.908207893372 185.371786355972
v -1114.83073234558 425.908207893372 192.686378955841
v -1114.83073234558 495.908200740814 192.686378955841
v -1119.84550952911 495.908200740814 185.371786355972
v -1122.5026845932 495.908200740814 176.910623908043
v -1122.56979942322 495.908200740814 168.042317032814
v -1120.04125118256 495.908200740814 159.541860222816
v -1114.83073234558 425.908207893372 192.686378955841
v -1033.3286523819 425.908207893372 280.288696289063
v -1033.3286523819 495.908200740814 280.288696289063
v -1114.83073234558 495.908200740814 192.686378955841
v -1033.3286523819 425.908207893372 280.288696289063
v -1026.73304080963 425.908207893372 285.618543624878
v -1018.90933513641 425.908207893372 288.889795541763
v -1010.48290729523 425.908207893372 289.841085672379
v -1002.12693214417 425.908207893372 288.396388292313
v -1002.12693214417 495.908200740814 288.396388292313
v -1010.48290729523 495.908200740814 289.841085672379
v -1018.90933513641 495.908200740814 288.889795541763
v -1026.73304080963 495.908200740814 285.618543624878
v -1033.3286523819 495.908200740814 280.288696289063
v -1002.12693214417 425.908207893372 288.396388292313
v -972.320020198822 425.908207893372 278.749495744705
v -972.320020198822 495.908200740814 278.749495744705
v -1002.12693214417 495.908200740814 288.396388292313
v -972.320020198822 425.908207893372 278.749495744705
v -963.875591754913 425.908207893372 274.883210659027
v -956.550419330597 425.908207893372 269.173741340637
v -950.73938369751 425.908207893372 261.928856372833
v -950.73938369751 495.908200740814 261.928856372833
v -956.550419330597 495.908200740814 269.173741340637
v -963.875591754913 495.908200740814 274.883210659027
v -972.320020198822 495.908200740814 278.749495744705
v -950.73938369751 425.908207893372 261.928856372833
v -929.493725299835 425.908207893372 228.015676140785
v -929.493725299835 495.908200740814 228.015676140785
v -950.73938369751 495.908200740814 261.928856372833
v -929.493725299835 425.908207893372 228.015676140785
v -915.789544582367 425.908207893372 212.396442890167
v -897.856652736664 425.908207893372 201.899886131287
v -877.52777338028 425.908207893372 197.598680853844
v -856.880247592926 425.908207893372 199.932381510735
v -838.024199008942 425.908207893372 208.662495017052
v -822.886526584625 425.908207893372 222.896859049797
v -813.014268875122 425.908207893372 241.180837154388
v -809.416234493256 425.908207893372 261.645913124084
v -809.416234493256 495.908200740814 261.645913124084
v -813.014268875122 495.908200740814 241.180837154388
v -822.886526584625 495.908200740814 222.896859049797
v -838.024199008942 495.908200740814 208.662495017052
v -856.880247592926 495.908200740814 199.932381510735
v -877.52777338028 495.908200740814 197.598680853844
v -897.856652736664 495.908200740814 201.899886131287
v -915.789544582367 495.908200740814 212.396442890167
v -929.493725299835 495.908200740814 228.015676140785
v -915.789544582367 425.908207893372 212.396442890167
v -915.789544582367 495.908200740814 212.396442890167
v -809.416234493256 425.908207893372 261.645913124084
v -799.745202064514 425.908207893372 371.612131595612
v -773.918628692627 425.908207893372 478.939145803452
v -732.504487037659 425.908207893372 581.2668800354
v -676.413476467133 425.908207893372 676.345229148865
v -606.878876686096 425.908207893372 762.083470821381
v -525.429844856262 425.908207893372 836.596250534058
v -433.857351541519 425.908207893372 898.245096206665
v -334.175050258636 425.908207893372 945.674359798431
v -228.574842214584 425.908207893372 977.841079235077
v -228.574842214584 495.908200740814 977.841079235077
v -334.175050258636 495.908200740814 945.674359798431
v -433.857351541519 495.908200740814 898.245096206665
v -525.429844856262 495.908200740814 836.596250534058
v -606.878876686096 495.908200740814 762.083470821381
v -676.413476467133 495.908200740814 676.345229148865
v -732.504487037659 495.908200740814 581.2668800354
v -773.918628692627 495.908200740814 478.939145803452
v -799.745202064514 495.908200740814 371.612131595612
v -809.416234493256 495.908200740814 261.645913124084
v -228.574842214584 425.908207893372 977.841079235077
v -169.876456260681 425.908207893372 981.955051422119
v -112.624354660511 425.908207893372 968.367457389832
v -62.0343685150146 425.908207893372 938.316166400909
v -22.7153860032558 425.908207893372 894.538998603821
v 1.7505184514448 425.908207893372 841.024100780487
v 9.13443230092525 425.908207893372 782.646834850311
v -1.23633851762861 425.908207893372 724.725544452667
v -28.4169893711805 425.908207893372 672.537088394165
v -28.4169893711805 495.908200740814 672.537088394165
v -1.23633851762861 495.908200740814 724.725544452667
v 9.13443230092525 495.908200740814 782.646834850311
v 1.7505184514448 495.908200740814 841.024100780487
v -22.7153860032558 495.908200740814 894.538998603821
v -62.0343685150146 495.908200740814 938.316166400909
v -112.624354660511 495.908200740814 968.367457389832
v -169.876456260681 495.908200740814 981.955051422119
v -228.574842214584 495.908200740814 977.841079235077
v -28.4169893711805 425.908207893372 672.537088394165
v -34.1324284672737 425.908207893372 665.171504020691
v -40.2547530829906 425.908207893372 658.140480518341
v -46.7644222080708 425.908207893372 651.466429233551
v -46.7644222080708 495.908200740814 651.466429233551
v -40.2547530829906 495.908200740814 658.140480518341
v -34.1324284672737 495.908200740814 665.171504020691
v -28.4169893711805 495.908200740814 672.537088394165
v -603.579461574554 -499.091804027557 527.629852294922
v -690.858364105225 -499.091804027557 155.259981751442
v -690.858364105225 -701.591789722443 155.259981751442
v -603.579461574554 -701.591789722443 527.629852294922
v -532.750010490417 -499.091804027557 581.604480743408
v -556.544303894043 -499.091804027557 578.39423418045
v -577.854156494141 -499.091804027557 567.33238697052
v -594.172477722168 -499.091804027557 549.720227718353
v -603.579461574554 -499.091804027557 527.629852294922
v -603.579461574554 -701.591789722443 527.629852294922
v -594.172477722168 -701.591789722443 549.720227718353
v -577.854156494141 -701.591789722443 567.33238697052
v -556.544303894043 -701.591789722443 578.39423418045
v -532.750010490417 -701.591789722443 581.604480743408
v -390.971809625626 -499.091804027557 576.179504394531
v -532.750010490417 -499.091804027557 581.604480743408
v -532.750010490417 -701.591789722443 581.604480743408
v -390.971809625626 -701.591789722443 576.179504394531
v -331.732630729675 -499.091804027557 538.887143135071
v -346.635788679123 -499.091804027557 558.094143867493
v -367.20934510231 -499.091804027557 571.045637130737
v -390.971809625626 -499.091804027557 576.179504394531
v -390.971809625626 -701.591789722443 576.179504394531
v -367.20934510231 -701.591789722443 571.045637130737
v -346.635788679123 -701.591789722443 558.094143867493
v -331.732630729675 -701.591789722443 538.887143135071
v -346.635788679123 -701.591789722443 558.094143867493
v -346.635788679123 -499.091804027557 558.094143867493
v -275.943487882614 -499.091804027557 433.112591505051
v -331.732630729675 -499.091804027557 538.887143135071
v -331.732630729675 -701.591789722443 538.887143135071
v -275.943487882614 -701.591789722443 433.112591505051
v -1050.95362663269 -524.091780185699 206.831440329552
v -1049.72565174103 -524.091780185699 208.10467004776
v -1048.39777946472 -524.091780185699 209.273502230644
v -1046.97906970978 -524.091780185699 210.330113768578
v -1029.10614013672 -524.091780185699 222.539663314819
v -1022.6184129715 -524.091780185699 225.543305277824
v -1015.5063867569 -524.091780185699 226.272225379944
v -1008.54420661926 -524.091780185699 224.647060036659
v -1002.48980522156 -524.091780185699 220.844745635986
v -932.772040367126 -524.091780185699 158.890843391418
v -928.284585475922 -524.091780185699 153.325289487839
v -925.852477550507 -524.091780185699 146.602347493172
v -925.740540027618 -524.091780185699 139.453887939453
v -927.960932254791 -524.091780185699 132.658094167709
v -937.985479831696 -524.091780185699 113.474197685719
v -938.868045806885 -524.091780185699 111.941128969193
v -939.872741699219 -524.091780185699 110.485166311264
v -940.992832183838 -524.091780185699 109.11600291729
v -992.114543914795 -524.091780185699 51.5878759324551
v -1102.07533836365 -524.091780185699 149.303317070007
v -1102.07533836365 -549.091815948486 149.303317070007
v -992.114543914795 -549.091815948486 51.5878759324551
v -940.992832183838 -549.091815948486 109.11600291729
v -939.872741699219 -549.091815948486 110.485166311264
v -938.868045806885 -549.091815948486 111.941128969193
v -937.985479831696 -549.091815948486 113.474197685719
v -927.960932254791 -549.091815948486 132.658094167709
v -925.740540027618 -549.091815948486 139.453887939453
v -925.852477550507 -549.091815948486 146.602347493172
v -928.284585475922 -549.091815948486 153.325289487839
v -932.772040367126 -549.091815948486 158.890843391418
v -1002.48980522156 -549.091815948486 220.844745635986
v -1008.54420661926 -549.091815948486 224.647060036659
v -1015.5063867569 -549.091815948486 226.272225379944
v -1022.6184129715 -549.091815948486 225.543305277824
v -1029.10614013672 -549.091815948486 222.539663314819
v -1046.97906970978 -549.091815948486 210.330113768578
v -1048.39777946472 -549.091815948486 209.273502230644
v -1049.72565174103 -549.091815948486 208.10467004776
v -1050.95362663269 -549.091815948486 206.831440329552
v -992.114543914795 -524.091780185699 51.5878759324551
v -940.992832183838 -524.091780185699 109.11600291729
v -940.992832183838 -499.091804027557 109.11600291729
v -992.114543914795 -499.091804027557 51.5878759324551
v -940.992832183838 -524.091780185699 109.11600291729
v -939.872741699219 -524.091780185699 110.485166311264
v -938.868045806885 -524.091780185699 111.941128969193
v -937.985479831696 -524.091780185699 113.474197685719
v -937.985479831696 -499.091804027557 113.474197685719
v -938.868045806885 -499.091804027557 111.941128969193
v -939.872741699219 -499.091804027557 110.485166311264
v -940.992832183838 -499.091804027557 109.11600291729
v -937.985479831696 -524.091780185699 113.474197685719
v -927.960932254791 -524.091780185699 132.658094167709
v -927.960932254791 -499.091804027557 132.658094167709
v -937.985479831696 -499.091804027557 113.474197685719
v -927.960932254791 -524.091780185699 132.658094167709
v -925.740540027618 -524.091780185699 139.453887939453
v -925.852477550507 -524.091780185699 146.602347493172
v -928.284585475922 -524.091780185699 153.325289487839
v -932.772040367126 -524.091780185699 158.890843391418
v -932.772040367126 -499.091804027557 158.890843391418
v -928.284585475922 -499.091804027557 153.325289487839
v -925.852477550507 -499.091804027557 146.602347493172
v -925.740540027618 -499.091804027557 139.453887939453
v -927.960932254791 -499.091804027557 132.658094167709
v -932.772040367126 -499.091804027557 158.890843391418
v -932.772040367126 -524.091780185699 158.890843391418
v -1002.48980522156 -524.091780185699 220.844745635986
v -1002.48980522156 -499.091804027557 220.844745635986
v -1002.48980522156 -524.091780185699 220.844745635986
v -1008.54420661926 -524.091780185699 224.647060036659
v -1015.5063867569 -524.091780185699 226.272225379944
v -1022.6184129715 -524.091780185699 225.543305277824
v -1029.10614013672 -524.091780185699 222.539663314819
v -1029.10614013672 -499.091804027557 222.539663314819
v -1022.6184129715 -499.091804027557 225.543305277824
v -1015.5063867569 -499.091804027557 226.272225379944
v -1008.54420661926 -499.091804027557 224.647060036659
v -1002.48980522156 -499.091804027557 220.844745635986
v -1029.10614013672 -499.091804027557 222.539663314819
v -1029.10614013672 -524.091780185699 222.539663314819
v -1046.97906970978 -524.091780185699 210.330113768578
v -1046.97906970978 -499.091804027557 210.330113768578
v -1046.97906970978 -499.091804027557 210.330113768578
v -1046.97906970978 -524.091780185699 210.330113768578
v -1048.39777946472 -524.091780185699 209.273502230644
v -1049.72565174103 -524.091780185699 208.10467004776
v -1050.95362663269 -524.091780185699 206.831440329552
v -1050.95362663269 -499.091804027557 206.831440329552
v -1049.72565174103 -499.091804027557 208.10467004776
v -1048.39777946472 -499.091804027557 209.273502230644
v -1050.95362663269 -499.091804027557 206.831440329552
v -1050.95362663269 -524.091780185699 206.831440329552
v -1102.07533836365 -524.091780185699 149.303317070007
v -1102.07533836365 -499.091804027557 149.303317070007
v -969.68948841095 -499.091804027557 31.6600985825062
v -969.68948841095 -519.091784954071 31.6600985825062
v -970.787048339844 -528.362274169922 32.6354317367077
v -973.972320556641 -536.725342273712 35.4659631848335
v -978.933453559875 -543.362319469452 39.8746207356453
v -985.184848308563 -547.623515129089 45.4298555850983
v -992.114543914795 -549.091815948486 51.5878759324551
v -1102.07533836365 -549.091815948486 149.303317070007
v -1107.47647285461 -548.208653926849 154.102936387062
v -1112.55955696106 -545.611262321472 158.619984984398
v -1117.02537536621 -541.452467441559 162.588506937027
v -1117.02537536621 -499.091804027557 162.588506937027
v -1102.07533836365 -499.091804027557 149.303317070007
v -1102.07533836365 -524.091780185699 149.303317070007
v -992.114543914795 -524.091780185699 51.5878759324551
v -992.114543914795 -499.091804027557 51.5878759324551
v -1117.02537536621 -499.091804027557 162.588506937027
v -1117.02537536621 -541.452467441559 162.588506937027
v -1117.37728118896 -536.785542964935 168.555527925491
v -1117.64025688171 -531.339228153229 173.015952110291
v -1117.80285835266 -525.35343170166 175.773307681084
v -1117.85781383514 -519.091784954071 176.706120371819
v -1117.85781383514 -499.091804027557 176.706120371819
v -1117.85781383514 -499.091804027557 176.706120371819
v -1117.85781383514 -519.091784954071 176.706120371819
v -1073.37868213654 -519.091784954071 226.759225130081
v -1073.37868213654 -499.091804027557 226.759225130081
v -1073.37868213654 -499.091804027557 226.759225130081
v -1073.37868213654 -519.091784954071 226.759225130081
v -1070.45042514801 -519.091784954071 229.795232415199
v -1067.28434562683 -519.091784954071 232.582286000252
v -1063.90142440796 -519.091784954071 235.101789236069
v -1063.90142440796 -499.091804027557 235.101789236069
v -1067.28434562683 -499.091804027557 232.582286000252
v -1070.45042514801 -499.091804027557 229.795232415199
v -1063.90142440796 -499.091804027557 235.101789236069
v -1063.90142440796 -519.091784954071 235.101789236069
v -1046.0284948349 -519.091784954071 247.311323881149
v -1046.0284948349 -499.091804027557 247.311323881149
v -1046.0284948349 -499.091804027557 247.311323881149
v -1046.0284948349 -519.091784954071 247.311323881149
v -1030.55846691132 -519.091784954071 254.473477602005
v -1013.59987258911 -519.091784954071 256.211578845978
v -996.998608112335 -519.091784954071 252.336412668228
v -982.562065124512 -519.091784954071 243.269816040993
v -982.562065124512 -499.091804027557 243.269816040993
v -996.998608112335 -499.091804027557 252.336412668228
v -1013.59987258911 -499.091804027557 256.211578845978
v -1030.55846691132 -499.091804027557 254.473477602005
v -982.562065124512 -499.091804027557 243.269816040993
v -982.562065124512 -519.091784954071 243.269816040993
v -912.844300270081 -519.091784954071 181.315913796425
v -912.844300270081 -499.091804027557 181.315913796425
v -912.844300270081 -499.091804027557 181.315913796425
v -912.844300270081 -519.091784954071 181.315913796425
v -902.143955230713 -519.091784954071 168.044880032539
v -896.344661712646 -519.091784954071 152.01410651207
v -896.077752113342 -519.091784954071 134.968683123589
v -901.372253894806 -519.091784954071 118.76418441534
v -901.372253894806 -499.091804027557 118.76418441534
v -896.077752113342 -499.091804027557 134.968683123589
v -896.344661712646 -499.091804027557 152.01410651207
v -902.143955230713 -499.091804027557 168.044880032539
v -902.143955230713 -519.091784954071 168.044880032539
v -902.143955230713 -499.091804027557 168.044880032539
v -901.372253894806 -499.091804027557 118.76418441534
v -901.372253894806 -519.091784954071 118.76418441534
v -911.39680147171 -519.091784954071 99.5802879333496
v -911.39680147171 -499.091804027557 99.5802879333496
v -911.39680147171 -499.091804027557 99.5802879333496
v -911.39680147171 -519.091784954071 99.5802879333496
v -913.501262664795 -519.091784954071 95.9247127175331
v -915.896892547607 -519.091784954071 92.4529805779457
v -918.567776679993 -519.091784954071 89.1882255673409
v -918.567776679993 -499.091804027557 89.1882255673409
v -915.896892547607 -499.091804027557 92.4529805779457
v -913.501262664795 -499.091804027557 95.9247127175331
v -918.567776679993 -499.091804027557 89.1882255673409
v -918.567776679993 -519.091784954071 89.1882255673409
v -969.68948841095 -519.091784954071 31.6600985825062
v -969.68948841095 -499.091804027557 31.6600985825062
v -911.39680147171 -499.091804027557 99.5802879333496
v -913.501262664795 -499.091804027557 95.9247127175331
v -915.896892547607 -499.091804027557 92.4529805779457
v -918.567776679993 -499.091804027557 89.1882255673409
v -969.68948841095 -499.091804027557 31.6600985825062
v -992.114543914795 -499.091804027557 51.5878759324551
v -940.992832183838 -499.091804027557 109.11600291729
v -939.872741699219 -499.091804027557 110.485166311264
v -938.868045806885 -499.091804027557 111.941128969193
v -937.985479831696 -499.091804027557 113.474197685719
v -927.960932254791 -499.091804027557 132.658094167709
v -925.740540027618 -499.091804027557 139.453887939453
v -925.852477550507 -499.091804027557 146.602347493172
v -928.284585475922 -499.091804027557 153.325289487839
v -932.772040367126 -499.091804027557 158.890843391418
v -1002.48980522156 -499.091804027557 220.844745635986
v -1008.54420661926 -499.091804027557 224.647060036659
v -1015.5063867569 -499.091804027557 226.272225379944
v -1022.6184129715 -499.091804027557 225.543305277824
v -1029.10614013672 -499.091804027557 222.539663314819
v -1046.97906970978 -499.091804027557 210.330113768578
v -1048.39777946472 -499.091804027557 209.273502230644
v -1049.72565174103 -499.091804027557 208.10467004776
v -1050.95362663269 -499.091804027557 206.831440329552
v -1102.07533836365 -499.091804027557 149.303317070007
v -1117.02537536621 -499.091804027557 162.588506937027
v -1117.85781383514 -499.091804027557 176.706120371819
v -1073.37868213654 -499.091804027557 226.759225130081
v -1070.45042514801 -499.091804027557 229.795232415199
v -1067.28434562683 -499.091804027557 232.582286000252
v -1063.90142440796 -499.091804027557 235.101789236069
v -1046.0284948349 -499.091804027557 247.311323881149
v -1030.55846691132 -499.091804027557 254.473477602005
v -1013.59987258911 -499.091804027557 256.211578845978
v -996.998608112335 -499.091804027557 252.336412668228
v -982.562065124512 -499.091804027557 243.269816040993
v -912.844300270081 -499.091804027557 181.315913796425
v -902.143955230713 -499.091804027557 168.044880032539
v -896.344661712646 -499.091804027557 152.01410651207
v -896.077752113342 -499.091804027557 134.968683123589
v -901.372253894806 -499.091804027557 118.76418441534
v -966.201543807983 -499.091804027557 -99.8378768563271
v -922.027707099915 -499.091804027557 -31.3242636620998
v -867.307782173157 -499.091804027557 29.1006471961737
v -803.496301174164 -499.091804027557 79.8306539654732
v -690.858364105225 -499.091804027557 155.259981751442
v -603.579461574554 -499.091804027557 527.629852294922
v -594.172477722168 -499.091804027557 549.720227718353
v -577.854156494141 -499.091804027557 567.33238697052
v -556.544303894043 -499.091804027557 578.39423418045
v -532.750010490417 -499.091804027557 581.604480743408
v -390.971809625626 -499.091804027557 576.179504394531
v -367.20934510231 -499.091804027557 571.045637130737
v -346.635788679123 -499.091804027557 558.094143867493
v -331.732630729675 -499.091804027557 538.887143135071
v -275.943487882614 -499.091804027557 433.112591505051
v -263.411343097687 -499.091804027557 441.504895687103
v -252.28288769722 -499.091804027557 424.886882305145
v -778.155446052551 -499.091804027557 72.730153799057
v -626.520216464996 -499.091804027557 114.098750054836
v -229.999616742134 -499.091804027557 379.63342666626
v -219.214484095573 -499.091804027557 389.111280441284
v -211.24991774559 -499.091804027557 401.057600975037
v -206.648662686348 -499.091804027557 414.65824842453
v -188.044056296349 -499.091804027557 508.693337440491
v -187.119692564011 -499.091804027557 523.021399974823
v -189.935192465782 -499.091804027557 537.100553512573
v -196.298718452454 -499.091804027557 549.971222877502
v -239.264652132988 -499.091804027557 614.13186788559
v -259.121268987656 -499.091804027557 657.088398933411
v -264.731764793396 -499.091804027557 704.078555107117
v -255.546897649765 -499.091804027557 750.502586364746
v -232.465744018555 -499.091804027557 791.816174983978
v -197.747677564621 -499.091804027557 823.975265026093
v -178.030699491501 -499.091804027557 832.850635051727
v -156.493335962296 -499.091804027557 834.767401218414
v -135.518878698349 -499.091804027557 829.513430595398
v -117.428347468376 -499.091804027557 817.670106887817
v -104.2235866189 -499.091804027557 800.548017024994
v -97.3658189177513 -499.091804027557 780.041873455048
v -97.6139232516289 -499.091804027557 758.420825004578
v -104.940436780453 -499.091804027557 738.077402114868
v -118.534624576569 -499.091804027557 721.262812614441
v -120.387010276318 -499.091804027557 719.078183174133
v -121.544130146503 -499.091804027557 716.458082199097
v -121.911056339741 -499.091804027557 713.617444038391
v -121.457688510418 -499.091804027557 710.789322853088
v -120.221219956875 -499.091804027557 708.205699920654
v -84.9332585930824 -499.091804027557 655.510485172272
v -80.0549238920212 -499.091804027557 650.12401342392
v -73.8335400819778 -499.091804027557 646.368145942688
v -66.7948052287102 -499.091804027557 644.560217857361
v -59.5334954559803 -499.091804027557 644.852995872498
v -52.6631884276867 -499.091804027557 647.221803665161
v -46.7644222080708 -499.091804027557 651.466429233551
v -40.2547530829906 -499.091804027557 658.140480518341
v -34.1324284672737 -499.091804027557 665.171504020691
v -28.4169893711805 -499.091804027557 672.537088394165
v -1.23633851762861 -499.091804027557 724.725544452667
v 9.13443230092525 -499.091804027557 782.646834850311
v 1.7505184514448 -499.091804027557 841.024100780487
v -22.7153860032558 -499.091804027557 894.538998603821
v -62.0343685150146 -499.091804027557 938.316166400909
v -112.624354660511 -499.091804027557 968.367457389832
v -169.876456260681 -499.091804027557 981.955051422119
v -228.574842214584 -499.091804027557 977.841079235077
v -334.175050258636 -499.091804027557 945.674359798431
v -433.857351541519 -499.091804027557 898.245096206665
v -525.429844856262 -499.091804027557 836.596250534058
v -606.878876686096 -499.091804027557 762.083470821381
v -676.413476467133 -499.091804027557 676.345229148865
v -732.504487037659 -499.091804027557 581.2668800354
v -773.918628692627 -499.091804027557 478.939145803452
v -799.745202064514 -499.091804027557 371.612131595612
v -809.416234493256 -499.091804027557 261.645913124084
v -813.014268875122 -499.091804027557 241.180837154388
v -822.886526584625 -499.091804027557 222.896859049797
v -838.024199008942 -499.091804027557 208.662495017052
v -856.880247592926 -499.091804027557 199.932381510735
v -877.52777338028 -499.091804027557 197.598680853844
v -897.856652736664 -499.091804027557 201.899886131287
v -915.789544582367 -499.091804027557 212.396442890167
v -929.493725299835 -499.091804027557 228.015676140785
v -950.73938369751 -499.091804027557 261.928856372833
v -956.550419330597 -499.091804027557 269.173741340637
v -963.875591754913 -499.091804027557 274.883210659027
v -972.320020198822 -499.091804027557 278.749495744705
v -1002.12693214417 -499.091804027557 288.396388292313
v -1010.48290729523 -499.091804027557 289.841085672379
v -1018.90933513641 -499.091804027557 288.889795541763
v -1026.73304080963 -499.091804027557 285.618543624878
v -1033.3286523819 -499.091804027557 280.288696289063
v -1114.83073234558 -499.091804027557 192.686378955841
v -1119.84550952911 -499.091804027557 185.371786355972
v -1122.5026845932 -499.091804027557 176.910623908043
v -1122.56979942322 -499.091804027557 168.042317032814
v -1120.04125118256 -499.091804027557 159.541860222816
v -1103.58309745789 -499.091804027557 124.353267252445
v -1101.58789157867 -499.091804027557 121.510677039623
v -1098.74069690704 -499.091804027557 119.521945714951
v -1095.38495540619 -499.091804027557 118.626937270164
v -1091.92562103271 -499.091804027557 118.933610618114
v -1088.77968788147 -499.091804027557 120.404973626137
v -998.758316040039 -499.091804027557 183.593288064003
v -995.696604251862 -499.091804027557 185.041591525078
v -992.327034473419 -499.091804027557 185.384809970856
v -989.036202430725 -499.091804027557 184.583559632301
v -986.201584339142 -499.091804027557 182.72976577282
v -952.666461467743 -499.091804027557 151.529893279076
v -950.61320066452 -499.091804027557 148.836195468903
v -949.576914310455 -499.091804027557 145.611643791199
v -949.67645406723 -499.091804027557 142.226114869118
v -950.900435447693 -499.091804027557 139.067992568016
v -1031.55601024628 -499.091804027557 4.48361737653613
v -690.858364105225 -429.091781377792 155.259981751442
v -803.496301174164 -429.091781377792 79.8306539654732
v -867.307782173157 -429.091781377792 29.1006471961737
v -922.027707099915 -429.091781377792 -31.3242636620998
v -966.201543807983 -429.091781377792 -99.8378768563271
v -1031.55601024628 -429.091781377792 4.48361737653613
v -950.900435447693 -429.091781377792 139.067992568016
v -949.67645406723 -429.091781377792 142.226114869118
v -949.576914310455 -429.091781377792 145.611643791199
v -950.61320066452 -429.091781377792 148.836195468903
v -952.666461467743 -429.091781377792 151.529893279076
v -986.201584339142 -429.091781377792 182.72976577282
v -989.036202430725 -429.091781377792 184.583559632301
v -992.327034473419 -429.091781377792 185.384809970856
v -995.696604251862 -429.091781377792 185.041591525078
v -998.758316040039 -429.091781377792 183.593288064003
v -1088.77968788147 -429.091781377792 120.404973626137
v -1091.92562103271 -429.091781377792 118.933610618114
v -1095.38495540619 -429.091781377792 118.626937270164
v -1098.74069690704 -429.091781377792 119.521945714951
v -1101.58789157867 -429.091781377792 121.510677039623
v -1103.58309745789 -429.091781377792 124.353267252445
v -1120.04125118256 -429.091781377792 159.541860222816
v -1122.56979942322 -429.091781377792 168.042317032814
v -1122.5026845932 -429.091781377792 176.910623908043
v -1119.84550952911 -429.091781377792 185.371786355972
v -1114.83073234558 -429.091781377792 192.686378955841
v -1033.3286523819 -429.091781377792 280.288696289063
v -1026.73304080963 -429.091781377792 285.618543624878
v -1018.90933513641 -429.091781377792 288.889795541763
v -1010.48290729523 -429.091781377792 289.841085672379
v -1002.12693214417 -429.091781377792 288.396388292313
v -972.320020198822 -429.091781377792 278.749495744705
v -963.875591754913 -429.091781377792 274.883210659027
v -956.550419330597 -429.091781377792 269.173741340637
v -950.73938369751 -429.091781377792 261.928856372833
v -929.493725299835 -429.091781377792 228.015676140785
v -915.789544582367 -429.091781377792 212.396442890167
v -897.856652736664 -429.091781377792 201.899886131287
v -877.52777338028 -429.091781377792 197.598680853844
v -856.880247592926 -429.091781377792 199.932381510735
v -838.024199008942 -429.091781377792 208.662495017052
v -822.886526584625 -429.091781377792 222.896859049797
v -813.014268875122 -429.091781377792 241.180837154388
v -809.416234493256 -429.091781377792 261.645913124084
v -799.745202064514 -429.091781377792 371.612131595612
v -773.918628692627 -429.091781377792 478.939145803452
v -732.504487037659 -429.091781377792 581.2668800354
v -676.413476467133 -429.091781377792 676.345229148865
v -606.878876686096 -429.091781377792 762.083470821381
v -525.429844856262 -429.091781377792 836.596250534058
v -433.857351541519 -429.091781377792 898.245096206665
v -334.175050258636 -429.091781377792 945.674359798431
v -228.574842214584 -429.091781377792 977.841079235077
v -169.876456260681 -429.091781377792 981.955051422119
v -112.624354660511 -429.091781377792 968.367457389832
v -62.0343685150146 -429.091781377792 938.316166400909
v -22.7153860032558 -429.091781377792 894.538998603821
v 1.7505184514448 -429.091781377792 841.024100780487
v 9.13443230092525 -429.091781377792 782.646834850311
v -1.23633851762861 -429.091781377792 724.725544452667
v -28.4169893711805 -429.091781377792 672.537088394165
v -34.1324284672737 -429.091781377792 665.171504020691
v -40.2547530829906 -429.091781377792 658.140480518341
v -46.7644222080708 -429.091781377792 651.466429233551
v -52.6631884276867 -429.091781377792 647.221803665161
v -59.5334954559803 -429.091781377792 644.852995872498
v -66.7948052287102 -429.091781377792 644.560217857361
v -73.8335400819778 -429.091781377792 646.368145942688
v -80.0549238920212 -429.091781377792 650.12401342392
v -84.9332585930824 -429.091781377792 655.510485172272
v -120.221219956875 -429.091781377792 708.205699920654
v -121.457688510418 -429.091781377792 710.789322853088
v -121.911056339741 -429.091781377792 713.617444038391
v -121.544130146503 -429.091781377792 716.458082199097
v -120.387010276318 -429.091781377792 719.078183174133
v -118.534624576569 -429.091781377792 721.262812614441
v -104.940436780453 -429.091781377792 738.077402114868
v -97.6139232516289 -429.091781377792 758.420825004578
v -97.3658189177513 -429.091781377792 780.041873455048
v -104.2235866189 -429.091781377792 800.548017024994
v -117.428347468376 -429.091781377792 817.670106887817
v -135.518878698349 -429.091781377792 829.513430595398
v -156.493335962296 -429.091781377792 834.767401218414
v -178.030699491501 -429.091781377792 832.850635051727
v -197.747677564621 -429.091781377792 823.975265026093
v -232.465744018555 -429.091781377792 791.816174983978
v -255.546897649765 -429.091781377792 750.502586364746
v -264.731764793396 -429.091781377792 704.078555107117
v -259.121268987656 -429.091781377792 657.088398933411
v -239.264652132988 -429.091781377792 614.13186788559
v -196.298718452454 -429.091781377792 549.971222877502
v -189.935192465782 -429.091781377792 537.100553512573
v -187.119692564011 -429.091781377792 523.021399974823
v -188.044056296349 -429.091781377792 508.693337440491
v -206.648662686348 -429.091781377792 414.65824842453
v -211.24991774559 -429.091781377792 401.057600975037
v -219.214484095573 -429.091781377792 389.111280441284
v -229.999616742134 -429.091781377792 379.63342666626
v -626.520216464996 -429.091781377792 114.098750054836
v -778.155446052551 -429.091781377792 72.730153799057
v -252.28288769722 -429.091781377792 424.886882305145
v -263.411343097687 -429.091781377792 441.504895687103
v -275.943487882614 -429.091781377792 433.112591505051
v -331.732630729675 -429.091781377792 538.887143135071
v -346.635788679123 -429.091781377792 558.094143867493
v -367.20934510231 -429.091781377792 571.045637130737
v -390.971809625626 -429.091781377792 576.179504394531
v -532.750010490417 -429.091781377792 581.604480743408
v -556.544303894043 -429.091781377792 578.39423418045
v -577.854156494141 -429.091781377792 567.33238697052
v -594.172477722168 -429.091781377792 549.720227718353
v -603.579461574554 -429.091781377792 527.629852294922
v -84.9332585930824 -429.091781377792 655.510485172272
v -80.0549238920212 -429.091781377792 650.12401342392
v -73.8335400819778 -429.091781377792 646.368145942688
v -66.7948052287102 -429.091781377792 644.560217857361
v -59.5334954559803 -429.091781377792 644.852995872498
v -52.6631884276867 -429.091781377792 647.221803665161
v -46.7644222080708 -429.091781377792 651.466429233551
v -46.7644222080708 -499.091804027557 651.466429233551
v -52.6631884276867 -499.091804027557 647.221803665161
v -59.5334954559803 -499.091804027557 644.852995872498
v -66.7948052287102 -499.091804027557 644.560217857361
v -73.8335400819778 -499.091804027557 646.368145942688
v -80.0549238920212 -499.091804027557 650.12401342392
v -84.9332585930824 -499.091804027557 655.510485172272
v -120.221219956875 -429.091781377792 708.205699920654
v -84.9332585930824 -429.091781377792 655.510485172272
v -84.9332585930824 -499.091804027557 655.510485172272
v -120.221219956875 -499.091804027557 708.205699920654
v -118.534624576569 -429.091781377792 721.262812614441
v -120.387010276318 -429.091781377792 719.078183174133
v -121.544130146503 -429.091781377792 716.458082199097
v -121.911056339741 -429.091781377792 713.617444038391
v -121.457688510418 -429.091781377792 710.789322853088
v -120.221219956875 -429.091781377792 708.205699920654
v -120.221219956875 -499.091804027557 708.205699920654
v -121.457688510418 -499.091804027557 710.789322853088
v -121.911056339741 -499.091804027557 713.617444038391
v -121.544130146503 -499.091804027557 716.458082199097
v -120.387010276318 -499.091804027557 719.078183174133
v -118.534624576569 -499.091804027557 721.262812614441
v -197.747677564621 -429.091781377792 823.975265026093
v -178.030699491501 -429.091781377792 832.850635051727
v -156.493335962296 -429.091781377792 834.767401218414
v -135.518878698349 -429.091781377792 829.513430595398
v -117.428347468376 -429.091781377792 817.670106887817
v -104.2235866189 -429.091781377792 800.548017024994
v -97.3658189177513 -429.091781377792 780.041873455048
v -97.6139232516289 -429.091781377792 758.420825004578
v -104.940436780453 -429.091781377792 738.077402114868
v -118.534624576569 -429.091781377792 721.262812614441
v -118.534624576569 -499.091804027557 721.262812614441
v -104.940436780453 -499.091804027557 738.077402114868
v -97.6139232516289 -499.091804027557 758.420825004578
v -97.3658189177513 -499.091804027557 780.041873455048
v -104.2235866189 -499.091804027557 800.548017024994
v -117.428347468376 -499.091804027557 817.670106887817
v -135.518878698349 -499.091804027557 829.513430595398
v -156.493335962296 -499.091804027557 834.767401218414
v -178.030699491501 -499.091804027557 832.850635051727
v -197.747677564621 -499.091804027557 823.975265026093
v -104.2235866189 -429.091781377792 800.548017024994
v -104.2235866189 -499.091804027557 800.548017024994
v -239.264652132988 -429.091781377792 614.13186788559
v -259.121268987656 -429.091781377792 657.088398933411
v -264.731764793396 -429.091781377792 704.078555107117
v -255.546897649765 -429.091781377792 750.502586364746
v -232.465744018555 -429.091781377792 791.816174983978
v -197.747677564621 -429.091781377792 823.975265026093
v -197.747677564621 -499.091804027557 823.975265026093
v -232.465744018555 -499.091804027557 791.816174983978
v -255.546897649765 -499.091804027557 750.502586364746
v -264.731764793396 -499.091804027557 704.078555107117
v -259.121268987656 -499.091804027557 657.088398933411
v -239.264652132988 -499.091804027557 614.13186788559
v -196.298718452454 -429.091781377792 549.971222877502
v -239.264652132988 -429.091781377792 614.13186788559
v -239.264652132988 -499.091804027557 614.13186788559
v -196.298718452454 -499.091804027557 549.971222877502
v -188.044056296349 -429.091781377792 508.693337440491
v -187.119692564011 -429.091781377792 523.021399974823
v -189.935192465782 -429.091781377792 537.100553512573
v -196.298718452454 -429.091781377792 549.971222877502
v -196.298718452454 -499.091804027557 549.971222877502
v -189.935192465782 -499.091804027557 537.100553512573
v -187.119692564011 -499.091804027557 523.021399974823
v -188.044056296349 -499.091804027557 508.693337440491
v -206.648662686348 -429.091781377792 414.65824842453
v -188.044056296349 -429.091781377792 508.693337440491
v -188.044056296349 -499.091804027557 508.693337440491
v -206.648662686348 -499.091804027557 414.65824842453
v -229.999616742134 -429.091781377792 379.63342666626
v -219.214484095573 -429.091781377792 389.111280441284
v -211.24991774559 -429.091781377792 401.057600975037
v -206.648662686348 -429.091781377792 414.65824842453
v -206.648662686348 -499.091804027557 414.65824842453
v -211.24991774559 -499.091804027557 401.057600975037
v -219.214484095573 -499.091804027557 389.111280441284
v -229.999616742134 -499.091804027557 379.63342666626
v -626.520216464996 -429.091781377792 114.098750054836
v -229.999616742134 -429.091781377792 379.63342666626
v -229.999616742134 -499.091804027557 379.63342666626
v -626.520216464996 -499.091804027557 114.098750054836
v -778.155446052551 -499.091804027557 72.730153799057
v -778.155446052551 -429.091781377792 72.730153799057
v -626.520216464996 -429.091781377792 114.098750054836
v -626.520216464996 -499.091804027557 114.098750054836
v -848.712265491486 -429.091781377792 19.0566536039114
v -848.712265491486 -499.091804027557 19.0566536039114
v -895.712912082672 -499.091804027557 -36.234263330698
v -895.712912082672 -429.091781377792 -36.234263330698
v -941.262006759644 -429.091781377792 -139.647379517555
v -895.712912082672 -429.091781377792 -36.234263330698
v -895.712912082672 -499.091804027557 -36.234263330698
v -941.262006759644 -499.091804027557 -139.647379517555
v -966.201543807983 -429.091781377792 -99.8378768563271
v -966.201543807983 -499.091804027557 -99.8378768563271
v -1031.55601024628 -499.091804027557 4.48361737653613
v -1031.55601024628 -429.091781377792 4.48361737653613
v -950.900435447693 -429.091781377792 139.067992568016
v -1031.55601024628 -429.091781377792 4.48361737653613
v -1031.55601024628 -499.091804027557 4.48361737653613
v -950.900435447693 -499.091804027557 139.067992568016
v -952.666461467743 -429.091781377792 151.529893279076
v -950.61320066452 -429.091781377792 148.836195468903
v -949.576914310455 -429.091781377792 145.611643791199
v -949.67645406723 -429.091781377792 142.226114869118
v -950.900435447693 -429.091781377792 139.067992568016
v -950.900435447693 -499.091804027557 139.067992568016
v -949.67645406723 -499.091804027557 142.226114869118
v -949.576914310455 -499.091804027557 145.611643791199
v -950.61320066452 -499.091804027557 148.836195468903
v -952.666461467743 -499.091804027557 151.529893279076
v -950.61320066452 -429.091781377792 148.836195468903
v -950.61320066452 -499.091804027557 148.836195468903
v -986.201584339142 -429.091781377792 182.72976577282
v -952.666461467743 -429.091781377792 151.529893279076
v -952.666461467743 -499.091804027557 151.529893279076
v -986.201584339142 -499.091804027557 182.72976577282
v -998.758316040039 -429.091781377792 183.593288064003
v -995.696604251862 -429.091781377792 185.041591525078
v -992.327034473419 -429.091781377792 185.384809970856
v -989.036202430725 -429.091781377792 184.583559632301
v -986.201584339142 -429.091781377792 182.72976577282
v -986.201584339142 -499.091804027557 182.72976577282
v -989.036202430725 -499.091804027557 184.583559632301
v -992.327034473419 -499.091804027557 185.384809970856
v -995.696604251862 -499.091804027557 185.041591525078
v -998.758316040039 -499.091804027557 183.593288064003
v -1088.77968788147 -429.091781377792 120.404973626137
v -998.758316040039 -429.091781377792 183.593288064003
v -998.758316040039 -499.091804027557 183.593288064003
v -1088.77968788147 -499.091804027557 120.404973626137
v -1103.58309745789 -429.091781377792 124.353267252445
v -1101.58789157867 -429.091781377792 121.510677039623
v -1098.74069690704 -429.091781377792 119.521945714951
v -1095.38495540619 -429.091781377792 118.626937270164
v -1091.92562103271 -429.091781377792 118.933610618114
v -1088.77968788147 -429.091781377792 120.404973626137
v -1088.77968788147 -499.091804027557 120.404973626137
v -1091.92562103271 -499.091804027557 118.933610618114
v -1095.38495540619 -499.091804027557 118.626937270164
v -1098.74069690704 -499.091804027557 119.521945714951
v -1101.58789157867 -499.091804027557 121.510677039623
v -1103.58309745789 -499.091804027557 124.353267252445
v -1120.04125118256 -429.091781377792 159.541860222816
v -1103.58309745789 -429.091781377792 124.353267252445
v -1103.58309745789 -499.091804027557 124.353267252445
v -1120.04125118256 -499.091804027557 159.541860222816
v -1114.83073234558 -429.091781377792 192.686378955841
v -1119.84550952911 -429.091781377792 185.371786355972
v -1122.5026845932 -429.091781377792 176.910623908043
v -1122.56979942322 -429.091781377792 168.042317032814
v -1120.04125118256 -429.091781377792 159.541860222816
v -1120.04125118256 -499.091804027557 159.541860222816
v -1122.56979942322 -499.091804027557 168.042317032814
v -1122.5026845932 -499.091804027557 176.910623908043
v -1119.84550952911 -499.091804027557 185.371786355972
v -1114.83073234558 -499.091804027557 192.686378955841
v -1033.3286523819 -429.091781377792 280.288696289063
v -1114.83073234558 -429.091781377792 192.686378955841
v -1114.83073234558 -499.091804027557 192.686378955841
v -1033.3286523819 -499.091804027557 280.288696289063
v -1002.12693214417 -429.091781377792 288.396388292313
v -1010.48290729523 -429.091781377792 289.841085672379
v -1018.90933513641 -429.091781377792 288.889795541763
v -1026.73304080963 -429.091781377792 285.618543624878
v -1033.3286523819 -429.091781377792 280.288696289063
v -1033.3286523819 -499.091804027557 280.288696289063
v -1026.73304080963 -499.091804027557 285.618543624878
v -1018.90933513641 -499.091804027557 288.889795541763
v -1010.48290729523 -499.091804027557 289.841085672379
v -1002.12693214417 -499.091804027557 288.396388292313
v -972.320020198822 -429.091781377792 278.749495744705
v -1002.12693214417 -429.091781377792 288.396388292313
v -1002.12693214417 -499.091804027557 288.396388292313
v -972.320020198822 -499.091804027557 278.749495744705
v -950.73938369751 -429.091781377792 261.928856372833
v -956.550419330597 -429.091781377792 269.173741340637
v -963.875591754913 -429.091781377792 274.883210659027
v -972.320020198822 -429.091781377792 278.749495744705
v -972.320020198822 -499.091804027557 278.749495744705
v -963.875591754913 -499.091804027557 274.883210659027
v -956.550419330597 -499.091804027557 269.173741340637
v -950.73938369751 -499.091804027557 261.928856372833
v -956.550419330597 -499.091804027557 269.173741340637
v -956.550419330597 -429.091781377792 269.173741340637
v -929.493725299835 -429.091781377792 228.015676140785
v -950.73938369751 -429.091781377792 261.928856372833
v -950.73938369751 -499.091804027557 261.928856372833
v -929.493725299835 -499.091804027557 228.015676140785
v -809.416234493256 -429.091781377792 261.645913124084
v -813.014268875122 -429.091781377792 241.180837154388
v -822.886526584625 -429.091781377792 222.896859049797
v -838.024199008942 -429.091781377792 208.662495017052
v -856.880247592926 -429.091781377792 199.932381510735
v -877.52777338028 -429.091781377792 197.598680853844
v -897.856652736664 -429.091781377792 201.899886131287
v -915.789544582367 -429.091781377792 212.396442890167
v -929.493725299835 -429.091781377792 228.015676140785
v -929.493725299835 -499.091804027557 228.015676140785
v -915.789544582367 -499.091804027557 212.396442890167
v -897.856652736664 -499.091804027557 201.899886131287
v -877.52777338028 -499.091804027557 197.598680853844
v -856.880247592926 -499.091804027557 199.932381510735
v -838.024199008942 -499.091804027557 208.662495017052
v -822.886526584625 -499.091804027557 222.896859049797
v -813.014268875122 -499.091804027557 241.180837154388
v -809.416234493256 -499.091804027557 261.645913124084
v -228.574842214584 -429.091781377792 977.841079235077
v -334.175050258636 -429.091781377792 945.674359798431
v -433.857351541519 -429.091781377792 898.245096206665
v -525.429844856262 -429.091781377792 836.596250534058
v -606.878876686096 -429.091781377792 762.083470821381
v -676.413476467133 -429.091781377792 676.345229148865
v -732.504487037659 -429.091781377792 581.2668800354
v -773.918628692627 -429.091781377792 478.939145803452
v -799.745202064514 -429.091781377792 371.612131595612
v -809.416234493256 -429.091781377792 261.645913124084
v -809.416234493256 -499.091804027557 261.645913124084
v -799.745202064514 -499.091804027557 371.612131595612
v -773.918628692627 -499.091804027557 478.939145803452
v -732.504487037659 -499.091804027557 581.2668800354
v -676.413476467133 -499.091804027557 676.345229148865
v -606.878876686096 -499.091804027557 762.083470821381
v -525.429844856262 -499.091804027557 836.596250534058
v -433.857351541519 -499.091804027557 898.245096206665
v -334.175050258636 -499.091804027557 945.674359798431
v -228.574842214584 -499.091804027557 977.841079235077
v -28.4169893711805 -429.091781377792 672.537088394165
v -1.23633851762861 -429.091781377792 724.725544452667
v 9.13443230092525 -429.091781377792 782.646834850311
v 1.7505184514448 -429.091781377792 841.024100780487
v -22.7153860032558 -429.091781377792 894.538998603821
v -62.0343685150146 -429.091781377792 938.316166400909
v -112.624354660511 -429.091781377792 968.367457389832
v -169.876456260681 -429.091781377792 981.955051422119
v -228.574842214584 -429.091781377792 977.841079235077
v -228.574842214584 -499.091804027557 977.841079235077
v -169.876456260681 -499.091804027557 981.955051422119
v -112.624354660511 -499.091804027557 968.367457389832
v -62.0343685150146 -499.091804027557 938.316166400909
v -22.7153860032558 -499.091804027557 894.538998603821
v 1.7505184514448 -499.091804027557 841.024100780487
v 9.13443230092525 -499.091804027557 782.646834850311
v -1.23633851762861 -499.091804027557 724.725544452667
v -28.4169893711805 -499.091804027557 672.537088394165
v -22.7153860032558 -429.091781377792 894.538998603821
v -22.7153860032558 -499.091804027557 894.538998603821
v -46.7644222080708 -429.091781377792 651.466429233551
v -40.2547530829906 -429.091781377792 658.140480518341
v -34.1324284672737 -429.091781377792 665.171504020691
v -28.4169893711805 -429.091781377792 672.537088394165
v -28.4169893711805 -499.091804027557 672.537088394165
v -34.1324284672737 -499.091804027557 665.171504020691
v -40.2547530829906 -499.091804027557 658.140480518341
v -46.7644222080708 -499.091804027557 651.466429233551
v -992.114543914795 -549.091815948486 51.5878759324551
v -985.184848308563 -547.623515129089 45.4298555850983
v -978.933453559875 -543.362319469452 39.8746207356453
v -973.972320556641 -536.725342273712 35.4659631848335
v -970.787048339844 -528.362274169922 32.6354317367077
v -969.68948841095 -519.091784954071 31.6600985825062
v -918.567776679993 -519.091784954071 89.1882255673409
v -919.665336608887 -528.362274169922 90.1635587215424
v -922.850549221039 -536.725342273712 92.9940938949585
v -927.811682224274 -543.362319469452 97.4027514457703
v -934.063136577606 -547.623515129089 102.957978844643
v -940.992832183838 -549.091815948486 109.11600291729
v -911.39680147171 -519.091784954071 99.5802879333496
v -912.698149681091 -528.362274169922 100.260302424431
v -916.474759578705 -536.725342273712 102.233789861202
v -922.357022762299 -543.362319469452 105.307564139366
v -929.769098758698 -547.623515129089 109.180741012096
v -937.985479831696 -549.091815948486 113.474197685719
v -938.868045806885 -549.091815948486 111.941128969193
v -939.872741699219 -549.091815948486 110.485166311264
v -940.992832183838 -549.091815948486 109.11600291729
v -934.063136577606 -547.623515129089 102.957978844643
v -927.811682224274 -543.362319469452 97.4027514457703
v -922.850549221039 -536.725342273712 92.9940938949585
v -919.665336608887 -528.362274169922 90.1635587215424
v -918.567776679993 -519.091784954071 89.1882255673409
v -915.896892547607 -519.091784954071 92.4529805779457
v -913.501262664795 -519.091784954071 95.9247127175331
v -901.372253894806 -519.091784954071 118.76418441534
v -902.673602104187 -528.362274169922 119.444206357002
v -906.450212001801 -536.725342273712 121.417686343193
v -912.332534790039 -543.362319469452 124.491460621357
v -919.744610786438 -547.623515129089 128.364637494087
v -927.960932254791 -549.091815948486 132.658094167709
v -937.985479831696 -549.091815948486 113.474197685719
v -929.769098758698 -547.623515129089 109.180741012096
v -922.357022762299 -543.362319469452 105.307564139366
v -916.474759578705 -536.725342273712 102.233789861202
v -912.698149681091 -528.362274169922 100.260302424431
v -911.39680147171 -519.091784954071 99.5802879333496
v -912.844300270081 -519.091784954071 181.315913796425
v -913.81961107254 -528.362274169922 180.218353867531
v -916.650176048279 -536.725342273712 177.033111453056
v -921.058833599091 -543.362319469452 172.071978449821
v -926.614046096802 -547.623515129089 165.820568799973
v -932.772040367126 -549.091815948486 158.890843391418
v -928.284585475922 -549.091815948486 153.325289487839
v -925.852477550507 -549.091815948486 146.602347493172
v -925.740540027618 -549.091815948486 139.453887939453
v -927.960932254791 -549.091815948486 132.658094167709
v -919.744610786438 -547.623515129089 128.364637494087
v -912.332534790039 -543.362319469452 124.491460621357
v -906.450212001801 -536.725342273712 121.417686343193
v -902.673602104187 -528.362274169922 119.444206357002
v -901.372253894806 -519.091784954071 118.76418441534
v -896.077752113342 -519.091784954071 134.968683123589
v -896.344661712646 -519.091784954071 152.01410651207
v -902.143955230713 -519.091784954071 168.044880032539
v -927.72650718689 -549.042046070099 155.711144208908
v -917.43141412735 -545.562744140625 162.605404853821
v -909.294903278351 -537.211954593658 168.054103851318
v -904.81436252594 -525.526583194733 171.054542064667
v -924.003481864929 -549.042046070099 145.987659692764
v -911.73654794693 -545.562744140625 147.73228764534
v -902.041733264923 -537.211954593658 149.111106991768
v -896.703064441681 -525.526583194733 149.870380759239
v -924.867928028107 -549.042046070099 135.611742734909
v -913.058876991272 -545.562744140625 131.861180067062
v -903.725862503052 -537.211954593658 128.89701128006
v -898.586511611938 -525.526583194733 127.264738082886
v -982.562065124512 -519.091784954071 243.269816040993
v -983.537375926971 -528.362274169922 242.172241210938
v -986.367881298065 -536.725342273712 238.986998796463
v -990.776538848877 -543.362319469452 234.025865793228
v -996.331810951233 -547.623515129089 227.77447104454
v -1002.48980522156 -549.091815948486 220.844745635986
v -932.772040367126 -549.091815948486 158.890843391418
v -926.614046096802 -547.623515129089 165.820568799973
v -921.058833599091 -543.362319469452 172.071978449821
v -916.650176048279 -536.725342273712 177.033111453056
v -913.81961107254 -528.362274169922 180.218353867531
v -912.844300270081 -519.091784954071 181.315913796425
v -1046.0284948349 -519.091784954071 247.311323881149
v -1045.2002286911 -528.362274169922 246.098920702934
v -1042.79661178589 -536.725342273712 242.580354213715
v -1039.05284404755 -543.362319469452 237.100079655647
v -1034.33549404144 -547.623515129089 230.19452393055
v -1029.10614013672 -549.091815948486 222.539663314819
v -1022.6184129715 -549.091815948486 225.543305277824
v -1015.5063867569 -549.091815948486 226.272225379944
v -1008.54420661926 -549.091815948486 224.647060036659
v -1002.48980522156 -549.091815948486 220.844745635986
v -996.331810951233 -547.623515129089 227.77447104454
v -990.776538848877 -543.362319469452 234.025865793228
v -986.367881298065 -536.725342273712 238.986998796463
v -983.537375926971 -528.362274169922 242.172241210938
v -982.562065124512 -519.091784954071 243.269816040993
v -996.998608112335 -519.091784954071 252.336412668228
v -1013.59987258911 -519.091784954071 256.211578845978
v -1030.55846691132 -519.091784954071 254.473477602005
v -1025.24900436401 -549.042046070099 226.49584710598
v -1029.67953681946 -545.562744140625 238.066971302032
v -1033.18119049072 -537.211954593658 247.211933135986
v -1035.10928153992 -525.526583194733 252.247780561447
v -1014.94085788727 -549.042046070099 227.961882948875
v -1013.91220092773 -545.562744140625 240.309447050095
v -1013.09907436371 -537.211954593658 250.068038702011
v -1012.65132427216 -525.526583194733 255.441784858704
v -1005.01751899719 -549.042046070099 224.810212850571
v -998.733222484589 -545.562744140625 235.4886084795
v -993.766605854034 -537.211954593658 243.928030133247
v -991.031587123871 -525.526583194733 248.575359582901
v -1063.90142440796 -519.091784954071 235.101789236069
v -1063.07315826416 -528.362274169922 233.889371156693
v -1060.66954135895 -536.725342273712 230.370819568634
v -1056.92577362061 -543.362319469452 224.890545010567
v -1052.2084236145 -547.623515129089 217.984989285469
v -1046.97906970978 -549.091815948486 210.330113768578
v -1029.10614013672 -549.091815948486 222.539663314819
v -1034.33549404144 -547.623515129089 230.19452393055
v -1039.05284404755 -543.362319469452 237.100079655647
v -1042.79661178589 -536.725342273712 242.580354213715
v -1045.2002286911 -528.362274169922 246.098920702934
v -1046.0284948349 -519.091784954071 247.311323881149
v -1073.37868213654 -519.091784954071 226.759225130081
v -1072.28112220764 -528.362274169922 225.783884525299
v -1069.09596920013 -536.725342273712 222.953349351883
v -1064.1348361969 -543.362319469452 218.544691801071
v -1057.88338184357 -547.623515129089 212.989464402199
v -1050.95362663269 -549.091815948486 206.831440329552
v -1049.72565174103 -549.091815948486 208.10467004776
v -1048.39777946472 -549.091815948486 209.273502230644
v -1046.97906970978 -549.091815948486 210.330113768578
v -1052.2084236145 -547.623515129089 217.984989285469
v -1056.92577362061 -543.362319469452 224.890545010567
v -1060.66954135895 -536.725342273712 230.370819568634
v -1063.07315826416 -528.362274169922 233.889371156693
v -1063.90142440796 -519.091784954071 235.101789236069
v -1067.28434562683 -519.091784954071 232.582286000252
v -1070.45042514801 -519.091784954071 229.795232415199
v -1051.77319049835 -549.042046070099 208.492904901505
v -1060.78541278839 -545.562744140625 216.995805501938
v -1067.90816783905 -537.211954593658 223.715856671333
v -1071.83039188385 -525.526583194733 227.416381239891
v -1117.02537536621 -541.452467441559 162.588506937027
v -1112.55955696106 -545.611262321472 158.619984984398
v -1107.47647285461 -548.208653926849 154.102936387062
v -1102.07533836365 -549.091815948486 149.303317070007
v -1050.95362663269 -549.091815948486 206.831440329552
v -1057.88338184357 -547.623515129089 212.989464402199
v -1064.1348361969 -543.362319469452 218.544691801071
v -1069.09596920013 -536.725342273712 222.953349351883
v -1072.28112220764 -528.362274169922 225.783884525299
v -1073.37868213654 -519.091784954071 226.759225130081
v -1117.85781383514 -519.091784954071 176.706120371819
v -1117.80285835266 -525.35343170166 175.773307681084
v -1117.64025688171 -531.339228153229 173.015952110291
v -1117.37728118896 -536.785542964935 168.555527925491
v 968.225061893463 63.4082108736038 -648.212254047394
v 876.348853111267 63.4082108736038 -677.728056907654
v 788.250327110291 63.4082108736038 -717.111647129059
v 704.985737800598 63.4082108736038 -765.890955924988
v 704.985737800598 -66.5917918086052 -765.890955924988
v 788.250327110291 -66.5917918086052 -717.111647129059
v 876.348853111267 -66.5917918086052 -677.728056907654
v 968.225061893463 -66.5917918086052 -648.212254047394
v 751.51139497757 -66.5917918086052 -770.390570163727
v 745.813429355621 -66.5917918086052 -751.185059547424
v 745.813429355621 -656.591773033142 -751.185059547424
v 751.51139497757 -656.591773033142 -770.390570163727
v -263.411343097687 -499.091804027557 441.504895687103
v -275.943487882614 -499.091804027557 433.112591505051
v -275.943487882614 -701.591789722443 433.112591505051
v -263.411343097687 -701.591789722443 441.504895687103
v -895.712912082672 -499.091804027557 -36.234263330698
v -848.712265491486 -499.091804027557 19.0566536039114
v -889.306247234344 -499.091804027557 -22.7474831044674
v -924.535572528839 -499.091804027557 -69.1624879837036
v -953.881084918976 -499.091804027557 -119.504325091839
v -941.262006759644 -499.091804027557 -139.647379517555
v -953.881084918976 -429.091781377792 -119.504325091839
v -924.535572528839 -429.091781377792 -69.1624879837036
v -889.306247234344 -429.091781377792 -22.7474831044674
v -848.712265491486 -429.091781377792 19.0566536039114
v -895.712912082672 -429.091781377792 -36.234263330698
v -941.262006759644 -429.091781377792 -139.647379517555
v -953.881084918976 -499.091804027557 -119.504325091839
v -953.881084918976 -429.091781377792 -119.504325091839
v -941.262006759644 -429.091781377792 -139.647379517555
v -941.262006759644 -499.091804027557 -139.647379517555
v -953.881084918976 495.908200740814 -119.504325091839
v -924.535572528839 495.908200740814 -69.1624879837036
v -889.306247234344 495.908200740814 -22.7474831044674
v -848.712265491486 495.908200740814 19.0566536039114
v -895.712912082672 495.908200740814 -36.234263330698
v -941.262006759644 495.908200740814 -139.647379517555
v -895.712912082672 425.908207893372 -36.234263330698
v -848.712265491486 425.908207893372 19.0566536039114
v -889.306247234344 425.908207893372 -22.7474831044674
v -924.535572528839 425.908207893372 -69.1624879837036
v -953.881084918976 425.908207893372 -119.504325091839
v -941.262006759644 425.908207893372 -139.647379517555
v -941.262006759644 425.908207893372 -139.647379517555
v -953.881084918976 425.908207893372 -119.504325091839
v -953.881084918976 495.908200740814 -119.504325091839
v -941.262006759644 495.908200740814 -139.647379517555
v -275.943487882614 425.908207893372 433.112591505051
v -275.943487882614 -429.091781377792 433.112591505051
v -263.411343097687 -429.091781377792 441.504895687103
v -263.411343097687 425.908207893372 441.504895687103
v -803.496301174164 425.908207893372 79.8306539654732
v -803.496301174164 -429.091781377792 79.8306539654732
v -690.858364105225 -429.091781377792 155.259981751442
v -690.858364105225 425.908207893372 155.259981751442
v -263.411343097687 425.908207893372 441.504895687103
v -263.411343097687 -429.091781377792 441.504895687103
v -252.28288769722 -429.091781377792 424.886882305145
v -252.28288769722 425.908207893372 424.886882305145
v -275.943487882614 -429.091781377792 433.112591505051
v -275.943487882614 425.908207893372 433.112591505051
v -331.732630729675 425.908207893372 538.887143135071
v -331.732630729675 -429.091781377792 538.887143135071
v -603.579461574554 -429.091781377792 527.629852294922
v -603.579461574554 425.908207893372 527.629852294922
v -690.858364105225 425.908207893372 155.259981751442
v -690.858364105225 -429.091781377792 155.259981751442
v -331.732630729675 -429.091781377792 538.887143135071
v -331.732630729675 425.908207893372 538.887143135071
v -346.635788679123 425.908207893372 558.094143867493
v -367.20934510231 425.908207893372 571.045637130737
v -390.971809625626 425.908207893372 576.179504394531
v -390.971809625626 -429.091781377792 576.179504394531
v -367.20934510231 -429.091781377792 571.045637130737
v -346.635788679123 -429.091781377792 558.094143867493
v -346.635788679123 -429.091781377792 558.094143867493
v -346.635788679123 425.908207893372 558.094143867493
v -390.971809625626 -429.091781377792 576.179504394531
v -390.971809625626 425.908207893372 576.179504394531
v -532.750010490417 425.908207893372 581.604480743408
v -532.750010490417 -429.091781377792 581.604480743408
v -532.750010490417 -429.091781377792 581.604480743408
v -532.750010490417 425.908207893372 581.604480743408
v -556.544303894043 425.908207893372 578.39423418045
v -577.854156494141 425.908207893372 567.33238697052
v -594.172477722168 425.908207893372 549.720227718353
v -603.579461574554 425.908207893372 527.629852294922
v -603.579461574554 -429.091781377792 527.629852294922
v -594.172477722168 -429.091781377792 549.720227718353
v -577.854156494141 -429.091781377792 567.33238697052
v -556.544303894043 -429.091781377792 578.39423418045
vn 0.0382359560059386 -1.94316055075924E-14 0.999268738462438
vn 0.0382359560059386 -1.94316055075924E-14 0.999268738462438
vn 0.0382359560059386 -1.94316055075924E-14 0.999268738462438
vn 0.0382359560059386 -1.94316055075924E-14 0.999268738462438
vn 0.0382359560059386 -1.96457439129557E-14 0.999268738462438
vn 0.377700087906483 -1.65058937645862E-13 0.925927990502196
vn 0.671608024207129 -2.90566179375467E-13 0.740906648519634
vn 0.88451009497825 -3.80988641296675E-13 0.466521051916811
vn 0.88451009497825 -3.80988641296675E-13 0.466521051916811
vn 0.671608024207129 -2.90566179375467E-13 0.740906648519634
vn 0.377700087906483 -1.65058937645862E-13 0.925927990502196
vn 0.0382359560059386 -1.96457439129557E-14 0.999268738462438
vn -0.973613592907749 4.16940775932798E-13 0.228202917828111
vn -0.839228168049814 3.5826377220317E-13 0.543779442376919
vn -0.606109274789296 2.57432969473907E-13 0.79538138462903
vn -0.301682852170262 1.26287865916159E-13 0.953408336813988
vn 0.0382359560059386 -1.96457439129557E-14 0.999268738462438
vn 0.0382359560059386 -1.96457439129557E-14 0.999268738462438
vn -0.301682852170262 1.26287865916159E-13 0.953408336813988
vn -0.606109274789296 2.57432969473907E-13 0.79538138462903
vn -0.839228168049814 3.5826377220317E-13 0.543779442376919
vn -0.973613592907749 4.16940775932798E-13 0.228202917828111
vn 0.975115673198438 -4.19155168994344E-13 0.22169669344119
vn 0.975115673198438 -4.19155168994344E-13 0.22169669344119
vn 0.975115673198438 -4.19155168994344E-13 0.22169669344119
vn 0.975115673198438 -4.19155168994344E-13 0.22169669344119
vn 0.975115673198438 -4.19155168994344E-13 0.22169669344119
vn 0.975115673198438 -4.19155168994344E-13 0.22169669344119
vn 0.975115673198438 -4.19155168994344E-13 0.22169669344119
vn 0.975115673198438 -4.19155168994344E-13 0.22169669344119
vn 4.28999988744821E-13 1 3.26943875618435E-15
vn 4.28999988744821E-13 1 3.26943875618435E-15
vn 4.28999988744821E-13 1 3.26943875618435E-15
vn 4.28999988744821E-13 1 3.26943875618435E-15
vn 4.28999988744821E-13 1 3.26943875618435E-15
vn 4.28999988744821E-13 1 3.26943875618435E-15
vn 4.28999988744821E-13 1 3.26943875618435E-15
vn 4.28999988744821E-13 1 3.26943875618435E-15
vn 4.28999988744821E-13 1 3.26943875618435E-15
vn 4.28999988744821E-13 1 3.26943875618435E-15
vn 4.28999988744821E-13 1 3.26943875618435E-15
vn 4.28999988744821E-13 1 3.26943875618435E-15
vn 4.28999988744821E-13 1 3.26943875618435E-15
vn 4.28999988744821E-13 1 3.26943875618435E-15
vn 4.28999988744821E-13 1 3.26943875618435E-15
vn 4.28999988744821E-13 1 3.26943875618435E-15
vn 4.28999988744821E-13 1 3.26943875618435E-15
vn 4.28999988744821E-13 1 3.26943875618435E-15
vn 4.28999988744821E-13 1 3.26943875618435E-15
vn 4.28999988744821E-13 1 3.26943875618435E-15
vn 4.28999988744821E-13 1 3.26943875618435E-15
vn 4.28999988744821E-13 1 3.26943875618435E-15
vn -0.572947154870532 2.43112907252808E-13 0.819592311900107
vn -0.572947154870532 2.43112907252808E-13 0.819592311900107
vn -0.490907280085219 2.07750848744424E-13 0.871211824047018
vn -0.404255293781761 1.7042534352772E-13 0.914646192497089
vn -0.313805291197198 1.31502194127445E-13 0.949487356006725
vn -0.220407044723979 9.13706661508951E-14 0.975407983684797
vn -0.220407044723979 9.13655839530779E-14 0.975407983684797
vn -0.319868446496219 1.34125892277823E-13 0.947461965957524
vn -0.415915708545124 1.75454598956982E-13 0.909403168779067
vn -0.507523652683407 2.14910580376701E-13 0.861637825287918
vn -0.593714556386291 2.52072704378847E-13 0.804675726945351
vn -0.593714556386291 2.52071050970475E-13 0.804675726945351
vn -0.511658603769658 2.16691612017974E-13 0.85918884605684
vn -0.424637142476924 1.79209201638875E-13 0.905363627074245
vn -0.333494605121896 1.3998394519941E-13 0.942752007876192
vn -0.333494605121896 1.3998691320287E-13 0.942752007876192
vn -0.416905075245241 1.75874587218183E-13 0.90895003065887
vn -0.496938687689365 2.10347735544241E-13 0.867785653648165
vn -0.975115673198438 4.19155168994344E-13 -0.22169669344119
vn -0.975115673198438 4.19155168994344E-13 -0.22169669344119
vn -0.975115673198438 4.19155168994344E-13 -0.22169669344119
vn -0.975115673198438 4.19155168994344E-13 -0.22169669344119
vn -0.975115673198438 4.19155168994344E-13 -0.22169669344119
vn -0.975115673198438 4.19155168994344E-13 -0.22169669344119
vn -0.975115673198438 4.19155168994344E-13 -0.22169669344119
vn -0.975115673198438 4.19155168994344E-13 -0.22169669344119
vn 4.28999988744821E-13 1 3.26943875618435E-15
vn 4.28999988744821E-13 1 3.26943875618435E-15
vn 4.28999988744821E-13 1 3.26943875618435E-15
vn 4.28999988744821E-13 1 3.26943875618435E-15
vn 4.28999988744821E-13 1 3.26943875618435E-15
vn 4.28999988744821E-13 1 3.26943875618435E-15
vn 4.28999988744821E-13 1 3.26943875618435E-15
vn 4.28999988744821E-13 1 3.26943875618435E-15
vn 4.28999988744821E-13 1 3.26943875618435E-15
vn 4.28999988744821E-13 1 3.26943875618435E-15
vn 4.28999988744821E-13 1 3.26943875618435E-15
vn 4.28999988744821E-13 1 3.26943875618435E-15
vn 4.28999988744821E-13 1 3.26943875618435E-15
vn 4.28999988744821E-13 1 3.26943875618435E-15
vn 4.28999988744821E-13 1 3.26943875618435E-15
vn 4.28999988744821E-13 1 3.26943875618435E-15
vn 4.28999988744821E-13 1 3.26943875618435E-15
vn 4.28999988744821E-13 1 3.26943875618435E-15
vn 4.28999988744821E-13 1 3.26943875618435E-15
vn 4.28999988744821E-13 1 3.26943875618435E-15
vn 4.28999988744821E-13 1 3.26943875618435E-15
vn 4.28999988744821E-13 1 3.26943875618435E-15
vn 4.28999988744821E-13 1 3.26943875618435E-15
vn -0.88451009497825 3.81010921651196E-13 -0.466521051916811
vn -0.88451009497825 3.81010921651196E-13 -0.466521051916811
vn -0.88451009497825 3.81010921651196E-13 -0.466521051916811
vn -0.88451009497825 3.81010921651196E-13 -0.466521051916811
vn -4.28999988744821E-13 -1 -3.26943875618435E-15
vn -4.28999988744821E-13 -1 -3.26943875618435E-15
vn -4.28999988744821E-13 -1 -3.26943875618435E-15
vn -4.28999988744821E-13 -1 -3.26943875618435E-15
vn -4.28999988744821E-13 -1 -3.26943875618435E-15
vn -4.28999988744821E-13 -1 -3.26943875618435E-15
vn -4.28999988744821E-13 -1 -3.26943875618435E-15
vn -4.28999988744821E-13 -1 -3.26943875618435E-15
vn -4.28999988744821E-13 -1 -3.26943875618435E-15
vn -4.28999988744821E-13 -1 -3.26943875618435E-15
vn -4.28999988744821E-13 -1 -3.26943875618435E-15
vn -4.28999988744821E-13 -1 -3.26943875618435E-15
vn -4.28999988744821E-13 -1 -3.26943875618435E-15
vn -4.28999988744821E-13 -1 -3.26943875618435E-15
vn -4.28999988744821E-13 -1 -3.26943875618435E-15
vn -4.28999988744821E-13 -1 -3.26943875618435E-15
vn -4.28999988744821E-13 -1 -3.26943875618435E-15
vn -4.28999988744821E-13 -1 -3.26943875618435E-15
vn -4.28999988744821E-13 -1 -3.26943875618435E-15
vn -4.28999988744821E-13 -1 -3.26943875618435E-15
vn -4.28999988744821E-13 -1 -3.26943875618435E-15
vn -4.28999988744821E-13 -1 -3.26943875618435E-15
vn -4.28999988744821E-13 -1 -3.26943875618435E-15
vn -4.28999988744821E-13 -1 -3.26943875618435E-15
vn -4.28999988744821E-13 -1 -3.26943875618435E-15
vn -4.28999988744821E-13 -1 -3.26943875618435E-15
vn -4.28999988744821E-13 -1 -3.26943875618435E-15
vn -4.28999988744821E-13 -1 -3.26943875618435E-15
vn -4.28999988744821E-13 -1 -3.26943875618435E-15
vn -4.28999988744821E-13 -1 -3.26943875618435E-15
vn -4.28999988744821E-13 -1 -3.26943875618435E-15
vn -4.28999988744821E-13 -1 -3.26943875618435E-15
vn -4.28999988744821E-13 -1 -3.26943875618435E-15
vn -4.28999988744821E-13 -1 -3.26943875618435E-15
vn -4.28999988744821E-13 -1 -3.26943875618435E-15
vn -4.28999988744821E-13 -1 -3.26943875618435E-15
vn -4.28999988744821E-13 -1 -3.26943875618435E-15
vn -4.28999988744821E-13 -1 -3.26943875618435E-15
vn -4.28999988744821E-13 -1 -3.26943875618435E-15
vn -4.28999988744821E-13 -1 -3.26943875618435E-15
vn -4.28999988744821E-13 -1 -3.26943875618435E-15
vn -4.28999988744821E-13 -1 -3.26943875618435E-15
vn -4.28999988744821E-13 -1 -3.26943875618435E-15
vn -4.28999988744821E-13 -1 -3.26943875618435E-15
vn -4.28999988744821E-13 -1 -3.26943875618435E-15
vn -4.28999988744821E-13 -1 -3.26943875618435E-15
vn -4.28999988744821E-13 -1 -3.26943875618435E-15
vn -4.28999988744821E-13 -1 -3.26943875618435E-15
vn -4.28999988744821E-13 -1 -3.26943875618435E-15
vn -4.28999988744821E-13 -1 -3.26943875618435E-15
vn -4.28999988744821E-13 -1 -3.26943875618435E-15
vn -4.28999988744821E-13 -1 -3.26943875618435E-15
vn -4.28999988744821E-13 -1 -3.26943875618435E-15
vn -4.28999988744821E-13 -1 -3.26943875618435E-15
vn -4.28999988744821E-13 -1 -3.26943875618435E-15
vn -4.28999988744821E-13 -1 -3.26943875618435E-15
vn -4.28999988744821E-13 -1 -3.26943875618435E-15
vn -4.28999988744821E-13 -1 -3.26943875618435E-15
vn -4.28999988744821E-13 -1 -3.26943875618435E-15
vn -4.28999988744821E-13 -1 -3.26943875618435E-15
vn -4.28999988744821E-13 -1 -3.26943875618435E-15
vn -4.28999988744821E-13 -1 -3.26943875618435E-15
vn -4.28999988744821E-13 -1 -3.26943875618435E-15
vn -4.28999988744821E-13 -1 -3.26943875618435E-15
vn -4.28999988744821E-13 -1 -3.26943875618435E-15
vn -4.28999988744821E-13 -1 -3.26943875618435E-15
vn -4.28999988744821E-13 -1 -3.26943875618435E-15
vn -4.28999988744821E-13 -1 -3.26943875618435E-15
vn -4.28999988744821E-13 -1 -3.26943875618435E-15
vn -4.28999988744821E-13 -1 -3.26943875618435E-15
vn -4.28999988744821E-13 -1 -3.26943875618435E-15
vn -4.28999988744821E-13 -1 -3.26943875618435E-15
vn -4.28999988744821E-13 -1 -3.26943875618435E-15
vn -4.28999988744821E-13 -1 -3.26943875618435E-15
vn -4.28999988744821E-13 -1 -3.26943875618435E-15
vn -4.28999988744821E-13 -1 -3.26943875618435E-15
vn -4.28999988744821E-13 -1 -3.26943875618435E-15
vn -4.28999988744821E-13 -1 -3.26943875618435E-15
vn -4.28999988744821E-13 -1 -3.26943875618435E-15
vn -4.28999988744821E-13 -1 -3.26943875618435E-15
vn -4.28999988744821E-13 -1 -3.26943875618435E-15
vn -4.28999988744821E-13 -1 -3.26943875618435E-15
vn -4.28999988744821E-13 -1 -3.26943875618435E-15
vn -4.28999988744821E-13 -1 -3.26943875618435E-15
vn -4.28999988744821E-13 -1 -3.26943875618435E-15
vn -4.28999988744821E-13 -1 -3.26943875618435E-15
vn -4.28999988744821E-13 -1 -3.26943875618435E-15
vn -4.28999988744821E-13 -1 -3.26943875618435E-15
vn -4.28999988744821E-13 -1 -3.26943875618435E-15
vn -4.28999988744821E-13 -1 -3.26943875618435E-15
vn -4.28999988744821E-13 -1 -3.26943875618435E-15
vn -4.28999988744821E-13 -1 -3.26943875618435E-15
vn 0.282009037682557 -1.17844239032244E-13 -0.959411748242306
vn 0.282009037682557 -1.17844239032244E-13 -0.959411748242306
vn 0.178776663281155 -7.34784263289231E-14 -0.983889681146243
vn 0.073531984037786 -2.82846336096081E-14 -0.997292859356502
vn -0.0325403849637826 1.72276931501463E-14 -0.999470421446482
vn -0.138246474557353 6.25457860163911E-14 -0.990397855547185
vn -0.242396456215423 1.07161335329843E-13 -0.970177281745045
vn -0.343818006456074 1.50568223268086E-13 -0.93903630304508
vn -0.441369500852188 1.92281587072922E-13 -0.897325450278488
vn -0.441369500852188 1.92281261812272E-13 -0.897325450278488
vn -0.344186210320382 1.50725566431696E-13 -0.938901407297536
vn -0.243157286751199 1.07485785945405E-13 -0.969986873055401
vn -0.139411506219577 6.30450472370508E-14 -0.99023453380176
vn -0.0341080766139456 1.78999019288311E-14 -0.999418150280301
vn 0.0715764480031519 -2.74452437276014E-14 -0.997435116732538
vn 0.0715764480031519 -2.74456570796895E-14 -0.997435116732538
vn 0.142566871430705 -5.79249363357656E-14 -0.989785172232066
vn 0.21283047811906 -8.81117867876345E-14 -0.977089140039747
vn 0.456962759597718 -1.98802113690361E-13 0.889485826947703
vn 0.456962759597718 -1.98802113690361E-13 0.889485826947703
vn 0.456962759597718 -1.98802113690361E-13 0.889485826947703
vn 0.456962759597718 -1.98802113690361E-13 0.889485826947703
vn 0.88451009497825 -3.8098007609956E-13 0.466521051916811
vn 0.803246962743327 -3.46541610668538E-13 0.595646133911419
vn 0.703286708016633 -3.04035795287066E-13 0.710906327392806
vn 0.586956016744229 -2.54453329100341E-13 0.809618820438204
vn 0.456962759597718 -1.98947274807248E-13 0.889485826947703
vn 0.456962759597718 -1.98947274807248E-13 0.889485826947703
vn 0.586956016744229 -2.54453329100341E-13 0.809618820438204
vn 0.703286708016633 -3.04035795287066E-13 0.710906327392806
vn 0.803246962743327 -3.46540363836058E-13 0.595646133911419
vn 0.88451009497825 -3.80980997671401E-13 0.466521051916811
vn 0.803246962743327 -3.46541610668538E-13 0.595646133911419
vn 0.803246962743327 -3.46540363836058E-13 0.595646133911419
vn 0.88451009497825 -3.81010921651196E-13 0.466521051916811
vn 0.88451009497825 -3.81010921651196E-13 0.466521051916811
vn 0.88451009497825 -3.81010921651196E-13 0.466521051916811
vn 0.88451009497825 -3.81010921651196E-13 0.466521051916811
vn -4.28999988744821E-13 -1 -3.26943875618435E-15
vn -4.28999988744821E-13 -1 -3.26943875618435E-15
vn -4.28999988744821E-13 -1 -3.26943875618435E-15
vn -4.28999988744821E-13 -1 -3.26943875618435E-15
vn -4.28999988744821E-13 -1 -3.26943875618435E-15
vn -4.28999988744821E-13 -1 -3.26943875618435E-15
vn -4.28999988744821E-13 -1 -3.26943875618435E-15
vn -4.28999988744821E-13 -1 -3.26943875618435E-15
vn -4.28999988744821E-13 -1 -3.26943875618435E-15
vn -4.28999988744821E-13 -1 -3.26943875618435E-15
vn -4.28999988744821E-13 -1 -3.26943875618435E-15
vn -4.28999988744821E-13 -1 -3.26943875618435E-15
vn -4.28999988744821E-13 -1 -3.26943875618435E-15
vn -4.28999988744821E-13 -1 -3.26943875618435E-15
vn -4.28999988744821E-13 -1 -3.26943875618435E-15
vn -4.28999988744821E-13 -1 -3.26943875618435E-15
vn 0.22169669344119 -9.21952145979222E-14 -0.975115673198438
vn 0.22169669344119 -9.21952145979222E-14 -0.975115673198438
vn 0.22169669344119 -9.21952145979222E-14 -0.975115673198438
vn 0.22169669344119 -9.21952145979222E-14 -0.975115673198438
vn 4.28999988744821E-13 1 3.26943875618435E-15
vn 4.28999988744821E-13 1 3.26943875618435E-15
vn 4.28999988744821E-13 1 3.26943875618435E-15
vn 4.28999988744821E-13 1 3.26943875618435E-15
vn 4.28999988744821E-13 1 3.26943875618435E-15
vn 4.28999988744821E-13 1 3.26943875618435E-15
vn 4.28999988744821E-13 1 3.26943875618435E-15
vn -0.0124604521405847 2.32349897437754E-15 0.999922365552672
vn -0.0124604521405847 2.32349897437754E-15 0.999922365552672
vn -0.0124604521405847 2.32349897437754E-15 0.999922365552672
vn -0.0124604521405847 2.32349897437754E-15 0.999922365552672
vn 0.975115673198438 -4.19155168994344E-13 0.22169669344119
vn 0.975115673198438 -4.19155168994344E-13 0.22169669344119
vn 0.975115673198438 -4.19155168994344E-13 0.22169669344119
vn 0.975115673198438 -4.19155168994344E-13 0.22169669344119
vn 0.421090666251376 -1.77973902401957E-13 -0.907018550414473
vn 0.421090666251376 -1.77973902401957E-13 -0.907018550414473
vn 0.421090666251376 -1.77973902401957E-13 -0.907018550414473
vn 0.421090666251376 -1.77973902401957E-13 -0.907018550414473
vn 4.28999988744821E-13 1 3.26943875618435E-15
vn 4.28999988744821E-13 1 3.26943875618435E-15
vn 4.28999988744821E-13 1 3.26943875618435E-15
vn 4.28999988744821E-13 1 3.26943875618435E-15
vn -4.28999988744821E-13 -1 -3.26943875618435E-15
vn -4.28999988744821E-13 -1 -3.26943875618435E-15
vn -4.28999988744821E-13 -1 -3.26943875618435E-15
vn -4.28999988744821E-13 -1 -3.26943875618435E-15
vn -0.973613592907749 4.17149891421039E-13 0.228202917828111
vn -0.973613592907749 4.17149891421039E-13 0.228202917828111
vn -0.973613592907749 4.17149891421039E-13 0.228202917828111
vn -0.973613592907749 4.17149891421039E-13 0.228202917828111
vn -0.973613592907749 4.17149891421039E-13 0.228202917828111
vn -0.973613592907749 4.17149891421039E-13 0.228202917828111
vn 0.338880898162418 -1.42590163980319E-13 -0.940829281464301
vn 0.338880898162418 -1.42590163980319E-13 -0.940829281464301
vn 0.338880898162418 -1.42590163980319E-13 -0.940829281464301
vn 0.338880898162418 -1.42590163980319E-13 -0.940829281464301
vn 0.338880898162418 -1.42590163980319E-13 -0.940829281464301
vn 0.338880898162418 -1.42590163980319E-13 -0.940829281464301
vn 0.338880898162418 -1.42590163980319E-13 -0.940829281464301
vn 0.338880898162418 -1.42590163980319E-13 -0.940829281464301
vn -0.338880898162418 1.42590163980319E-13 0.940829281464301
vn -0.338880898162418 1.42590163980319E-13 0.940829281464301
vn -0.338880898162418 1.42590163980319E-13 0.940829281464301
vn -0.338880898162418 1.42590163980319E-13 0.940829281464301
vn -0.338880898162418 1.42590163980319E-13 0.940829281464301
vn -0.338880898162418 1.42590163980319E-13 0.940829281464301
vn -0.338880898162418 1.42590163980319E-13 0.940829281464301
vn -0.338880898162418 1.42590163980319E-13 0.940829281464301
vn -0.441369500852188 1.92263670632139E-13 -0.897325450278488
vn -0.343662852037007 1.50437412731737E-13 -0.939093096625564
vn -0.242075870694576 1.06965520785099E-13 -0.970257322996051
vn -0.137755604470345 6.23965541584747E-14 -0.990466250529017
vn -0.0318798949259518 1.70047762127193E-14 -0.999491706968852
vn 0.0743557659554877 -2.86612739793572E-14 -0.997231778509476
vn 0.179751862907981 -7.3915925537177E-14 -0.983711984160562
vn 0.283118363888252 -1.18347753716171E-13 -0.959084976438083
vn 0.283118363888252 -1.18322112335091E-13 -0.959084976438083
vn 0.301823726644788 -1.2630159416556E-13 -0.953363749066563
vn 0.320413623250734 -1.34255442087568E-13 -0.947277736482462
vn 0.338880898162418 -1.42346435330798E-13 -0.940829281464301
vn 0.338880898162418 -1.42303568687202E-13 -0.940829281464301
vn 0.320413623250734 -1.34358305769957E-13 -0.947277736482462
vn 0.301823726644788 -1.26365413014122E-13 -0.953363749066563
vn 0.283118363888252 -1.18322112335091E-13 -0.959084976438083
vn 0.283118363888252 -1.18322112335091E-13 -0.959084976438083
vn 0.179751862907981 -7.38973653507419E-14 -0.983711984160562
vn 0.0743557659554877 -2.86382346832606E-14 -0.997231778509476
vn -0.0318798949259518 1.69442523195749E-14 -0.999491706968852
vn -0.137755604470345 6.23354187076428E-14 -0.990466250529017
vn -0.242075870694576 1.07022746329903E-13 -0.970257322996051
vn -0.343662852037007 1.50501665261868E-13 -0.939093096625564
vn -0.441369500852188 1.92281261812272E-13 -0.897325450278488
vn -0.338880898162418 1.42321634205986E-13 0.940829281464301
vn -0.326229396244562 1.3690646497253E-13 0.945290633099635
vn -0.313519208606751 1.31395138483828E-13 0.949581858416954
vn -0.300752576787278 1.25904778351606E-13 0.953702200666336
vn -0.300752576787278 1.25904778351606E-13 0.953702200666336
vn -0.208612387695667 8.63649383861589E-14 0.977998400663269
vn -0.114577975955985 4.59594712325856E-14 0.993414257712174
vn -0.0195031853931282 4.99861328538779E-15 0.99980979479075
vn 0.0757486971731452 -3.56845461205116E-14 0.997126940201984
vn 0.170312760444123 -7.62288580242101E-14 0.985390056591755
vn 0.263330372509964 -1.16217759640363E-13 0.964705714150053
vn 0.353956935906905 -1.54957019697977E-13 0.935261721403905
vn 0.441369500852188 -1.92307770555216E-13 0.897325450278488
vn 0.441369500852188 -1.92281261812272E-13 0.897325450278488
vn 0.353956935906905 -1.54905303254624E-13 0.935261721403905
vn 0.263330372509964 -1.16122783529215E-13 0.964705714150053
vn 0.170312760444123 -7.62858464002936E-14 0.985390056591755
vn 0.0757486971731452 -3.57562356012719E-14 0.997126940201984
vn -0.0195031853931282 5.09804987052268E-15 0.99980979479075
vn -0.114577975955985 4.59060437837538E-14 0.993414257712174
vn -0.208612387695667 8.6297209629981E-14 0.977998400663269
vn -0.300752576787278 1.25904778351606E-13 0.953702200666336
vn -0.300752576787278 1.25904778351606E-13 0.953702200666336
vn -0.313519208606751 1.31395843215237E-13 0.949581858416954
vn -0.326229396244562 1.36863083332736E-13 0.945290633099635
vn -0.338880898162418 1.42304273418617E-13 0.940829281464301
vn 0.88451009497825 -3.81010921651196E-13 0.466521051916811
vn 0.88451009497825 -3.81010921651196E-13 0.466521051916811
vn 0.88451009497825 -3.81010921651196E-13 0.466521051916811
vn 0.88451009497825 -3.81010921651196E-13 0.466521051916811
vn 0.0382359560059386 -1.90323954802939E-14 0.999268738462438
vn 0.377700087906483 -1.64947413900633E-13 0.925927990502196
vn 0.671608024207129 -2.90542191402637E-13 0.740906648519634
vn 0.88451009497825 -3.8098007609956E-13 0.466521051916811
vn 0.88451009497825 -3.8098007609956E-13 0.466521051916811
vn 0.671608024207129 -2.91830060940589E-13 0.740906648519634
vn 0.377700087906483 -1.64947413900633E-13 0.925927990502196
vn 0.0382359560059386 -1.90323954802939E-14 0.999268738462438
vn 0.0382359560059386 -1.94316055075924E-14 0.999268738462438
vn 0.0382359560059386 -1.94316055075924E-14 0.999268738462438
vn 0.0382359560059386 -1.94316055075924E-14 0.999268738462438
vn 0.0382359560059386 -1.94316055075924E-14 0.999268738462438
vn -0.973613592907749 4.18712660389287E-13 0.228202917828111
vn -0.839228168049814 3.55271374154263E-13 0.543779442376919
vn -0.606109274789296 2.56937326439898E-13 0.79538138462903
vn -0.301682852170262 1.26882632108166E-13 0.953408336813988
vn 0.0382359560059386 -1.90323954802939E-14 0.999268738462438
vn 0.0382359560059386 -1.90323954802939E-14 0.999268738462438
vn -0.301682852170262 1.26882632108166E-13 0.953408336813988
vn -0.606109274789296 2.56937326439898E-13 0.79538138462903
vn -0.839228168049814 3.55271374154263E-13 0.543779442376919
vn -0.973613592907749 4.18712660389287E-13 0.228202917828111
vn -0.973613592907749 4.17149891421039E-13 0.228202917828111
vn -0.973613592907749 4.17149891421039E-13 0.228202917828111
vn -0.973613592907749 4.17149891421039E-13 0.228202917828111
vn -0.973613592907749 4.17149891421039E-13 0.228202917828111
vn 0.830899919877543 -3.58275269474846E-13 0.556421893123818
vn 0.830899919877543 -3.58275269474846E-13 0.556421893123818
vn 0.830899919877543 -3.58275269474846E-13 0.556421893123818
vn 0.830899919877543 -3.58275269474846E-13 0.556421893123818
vn 0.556421893123818 -2.3628343934755E-13 -0.830899919877543
vn 0.556421893123818 -2.3628343934755E-13 -0.830899919877543
vn 0.556421893123818 -2.3628343934755E-13 -0.830899919877543
vn 0.556421893123818 -2.3628343934755E-13 -0.830899919877543
vn 0.556421893123818 -2.3628343934755E-13 -0.830899919877543
vn 0.556421893123818 -2.3628343934755E-13 -0.830899919877543
vn 0.556421893123818 -2.3628343934755E-13 -0.830899919877543
vn 0.556421893123818 -2.3628343934755E-13 -0.830899919877543
vn 0.556421893123818 -2.3628343934755E-13 -0.830899919877543
vn 0.556421893123818 -2.3628343934755E-13 -0.830899919877543
vn 0.556421893123818 -2.3628343934755E-13 -0.830899919877543
vn 0.556421893123818 -2.3628343934755E-13 -0.830899919877543
vn -0.556421893123818 2.35977911165916E-13 0.830899919877543
vn -0.684044894019921 2.91044964400837E-13 0.729439910455464
vn -0.793484803870818 3.38395976565082E-13 0.608590064021826
vn -0.881832442161407 3.76754192521906E-13 0.471562873805443
vn -0.881832442161407 3.76764384022574E-13 0.471562873805443
vn -0.793484803870818 3.38395976565082E-13 0.608590064021826
vn -0.684044894019921 2.91100475551781E-13 0.729439910455464
vn -0.556421893123818 2.3603342231886E-13 0.830899919877543
vn -0.556421893123818 2.36255466930637E-13 0.830899919877543
vn -0.684044894019921 2.91322520155558E-13 0.729439910455464
vn -0.793484803870818 3.38840065773173E-13 0.608590064021826
vn -0.881832442161407 3.76764384022574E-13 0.471562873805443
vn -0.881832442161407 3.76764384022574E-13 0.471562873805443
vn -0.793484803870818 3.38840065773173E-13 0.608590064021826
vn -0.684044894019921 2.9107038894165E-13 0.729439910455464
vn -0.556421893123818 2.36255466930637E-13 0.830899919877543
vn -0.556421893123818 2.36255466930637E-13 0.830899919877543
vn -0.703615475211868 2.99760211787812E-13 0.710580933492011
vn -0.825378538905131 3.52241538541045E-13 0.564579726446877
vn -0.917310289125347 3.92130768722249E-13 0.39817311996765
vn -0.976088057795118 4.17887951078761E-13 0.217375489487094
vn -0.999587456913359 4.28990168415002E-13 0.0287213506207958
vn -0.986959160659676 4.23661106748746E-13 -0.160970851988636
vn -0.938659591912607 4.04121173880692E-13 -0.344845139896822
vn -0.856434405616051 3.69038133715491E-13 -0.516255856022072
vn -0.743255473776301 3.21076489110416E-13 -0.669007698536845
vn -0.60321331933266 2.61568548543757E-13 -0.797579896549352
vn -0.441369500852188 1.92290626608476E-13 -0.897325450278488
vn -0.441369500852188 1.92281261812272E-13 -0.897325450278488
vn -0.60321331933266 2.61386158630542E-13 -0.797579896549352
vn -0.743255473776301 3.21043854626001E-13 -0.669007698536845
vn -0.856434405616051 3.69098225620955E-13 -0.516255856022072
vn -0.938659591912607 4.03812420212434E-13 -0.344845139896822
vn -0.986959160659676 4.2393177782146E-13 -0.160970851988636
vn -0.999587456913359 4.28729119641973E-13 0.0287213506207958
vn -0.976088057795118 4.18031092872162E-13 0.217375489487094
vn -0.917310289125347 3.92224308263827E-13 0.39817311996765
vn -0.825378538905131 3.52241538541045E-13 0.564579726446877
vn -0.703615475211868 2.99527840160963E-13 0.710580933492011
vn -0.556421893123818 2.35988427927314E-13 0.830899919877543
vn 0.441369500852188 -1.91976058902712E-13 0.897325450278488
vn 0.60321331933266 -2.6136501668786E-13 0.797579896549352
vn 0.743255473776301 -3.21039490712387E-13 0.669007698536845
vn 0.856434405616051 -3.69149156018053E-13 0.516255856022072
vn 0.938659591912607 -4.03381016175563E-13 0.344845139896822
vn 0.986959160659676 -4.23735130652169E-13 0.160970851988636
vn 0.999587456913359 -4.2882363496453E-13 -0.0287213506207958
vn 0.976088057795118 -4.1772141762323E-13 -0.217375489487094
vn 0.917310289125347 -3.92224308263827E-13 -0.39817311996765
vn 0.825378538905131 -3.52033209093166E-13 -0.564579726446877
vn 0.703615475211868 -2.99760211787812E-13 -0.710580933492011
vn 0.556421893123818 -2.35922400012972E-13 -0.830899919877543
vn 0.556421893123818 -2.35988427927314E-13 -0.830899919877543
vn 0.703615475211868 -2.99527840160963E-13 -0.710580933492011
vn 0.825378538905131 -3.52241538541045E-13 -0.564579726446877
vn 0.917310289125347 -3.92224308263827E-13 -0.39817311996765
vn 0.976088057795118 -4.18031092872162E-13 -0.217375489487094
vn 0.999587456913359 -4.28729119641973E-13 -0.0287213506207958
vn 0.986959160659676 -4.2393177782146E-13 0.160970851988636
vn 0.938659591912607 -4.03812420212434E-13 0.344845139896822
vn 0.856434405616051 -3.69098225620955E-13 0.516255856022072
vn 0.743255473776301 -3.21043854626001E-13 0.669007698536845
vn 0.60321331933266 -2.61386158630542E-13 0.797579896549352
vn 0.441369500852188 -1.92281261812272E-13 0.897325450278488
vn 0.673806072656966 -2.86646981693132E-13 -0.738908232766827
vn 0.673806072656966 -2.86646981693132E-13 -0.738908232766827
vn 0.758376889939152 -3.22889851217261E-13 -0.651816302961363
vn 0.831771358695055 -3.54808759496637E-13 -0.555118371930331
vn 0.892907807729034 -3.81639168749142E-13 -0.450239543905831
vn 0.892907807729034 -3.81585419425873E-13 -0.450239543905831
vn 0.831771358695055 -3.54808759496637E-13 -0.555118371930331
vn 0.758376889939152 -3.22889851217261E-13 -0.651816302961363
vn 0.673806072656966 -2.86646981693132E-13 -0.738908232766827
vn 0.758376889939152 -3.2323679590951E-13 -0.651816302961363
vn 0.831771358695055 -3.54924416761294E-13 -0.555118371930331
vn 0.892907807729034 -3.81585419425873E-13 -0.450239543905831
vn 0.892907807729034 -3.81585419425873E-13 -0.450239543905831
vn 0.831771358695055 -3.55014974746111E-13 -0.555118371930331
vn 0.758376889939152 -3.23178980829153E-13 -0.651816302961363
vn 0.673806072656966 -2.86646981693132E-13 -0.738908232766827
vn -0.556421893123818 2.3628343934755E-13 0.830899919877543
vn -0.556421893123818 2.3628343934755E-13 0.830899919877543
vn -0.556421893123818 2.3628343934755E-13 0.830899919877543
vn -0.556421893123818 2.3628343934755E-13 0.830899919877543
vn -0.556421893123818 2.3628343934755E-13 0.830899919877543
vn -0.556421893123818 2.3628343934755E-13 0.830899919877543
vn -0.556421893123818 2.3628343934755E-13 0.830899919877543
vn -0.556421893123818 2.3628343934755E-13 0.830899919877543
vn 0.958696377352448 -4.12298320222624E-13 0.284431461078573
vn 0.958696377352448 -4.12298320222624E-13 0.284431461078573
vn 0.958696377352448 -4.12298320222624E-13 0.284431461078573
vn 0.958696377352448 -4.12298320222624E-13 0.284431461078573
vn -0.441369500852188 1.92279364458483E-13 -0.897325450278488
vn -0.595525168004662 2.58107211801437E-13 -0.803336650647173
vn -0.730267998646563 3.15516735828933E-13 -0.683160779138222
vn -0.84120564305832 3.62642310542733E-13 -0.540715328141194
vn -0.924721782680086 3.97952127067663E-13 -0.380643697750223
vn -0.978093955584076 4.20280932053643E-13 -0.208163911497395
vn -0.999582353556795 4.28915286867282E-13 -0.0288984161825151
vn -0.988486496683604 4.23560558396864E-13 0.151309107043082
vn -0.945168083990806 4.04413132090095E-13 0.326584281625966
vn -0.871039219501973 3.72075285137471E-13 0.49121347506903
vn -0.768516319136121 3.27600909393334E-13 0.639830186238089
vn -0.640941427131216 2.72456313737643E-13 0.767589790830363
vn -0.640941427131216 2.72454280858614E-13 0.767589790830363
vn -0.768516319136121 3.27601614124761E-13 0.639830186238089
vn -0.871039219501973 3.72069837021505E-13 0.49121347506903
vn -0.945168083990806 4.04409364487521E-13 0.326584281625966
vn -0.988486496683604 4.2356603361799E-13 0.151309107043082
vn -0.999582353556795 4.28915313972336E-13 -0.0288984161825151
vn -0.978093955584076 4.20282883617501E-13 -0.208163911497395
vn -0.924721782680086 3.97950148398687E-13 -0.380643697750223
vn -0.84120564305832 3.62645048153175E-13 -0.540715328141194
vn -0.730267998646563 3.1551852476251E-13 -0.683160779138222
vn -0.595525168004662 2.58106778120551E-13 -0.803336650647173
vn -0.441369500852188 1.92281261812272E-13 -0.897325450278488
vn -0.84120564305832 3.62645048153175E-13 -0.540715328141194
vn -0.84120564305832 3.62642310542733E-13 -0.540715328141194
vn -0.640941427131216 2.72455663216354E-13 0.767589790830363
vn -0.755838809721765 3.22115028163396E-13 0.654757736661725
vn -0.851135437591504 3.63418796920534E-13 0.524946156168344
vn -0.924359990268194 3.9530301789826E-13 0.381521438966914
vn -0.973613592907749 4.16935002556389E-13 0.228202917828111
vn -0.973613592907749 4.16934135194675E-13 0.228202917828111
vn -0.924359990268194 3.9530307210837E-13 0.381521438966914
vn -0.851135437591504 3.63420829799619E-13 0.524946156168344
vn -0.755838809721765 3.2211416080166E-13 0.654757736661725
vn -0.640941427131216 2.72454280858614E-13 0.767589790830363
vn -4.28999988744821E-13 -1 -3.26943875618435E-15
vn -4.28999988744821E-13 -1 -3.26943875618435E-15
vn -4.28999988744821E-13 -1 -3.26943875618435E-15
vn -4.28999988744821E-13 -1 -3.26943875618435E-15
vn 4.28999988744821E-13 1 3.26943875618435E-15
vn 4.28999988744821E-13 1 3.26943875618435E-15
vn 4.28999988744821E-13 1 3.26943875618435E-15
vn 4.28999988744821E-13 1 3.26943875618435E-15
vn 0.975115673198438 -4.19155168994344E-13 0.22169669344119
vn 0.975115673198438 -4.19155168994344E-13 0.22169669344119
vn 0.975115673198438 -4.19155168994344E-13 0.22169669344119
vn 0.975115673198438 -4.19155168994344E-13 0.22169669344119
vn 0.421090666251376 -1.77973902401957E-13 -0.907018550414473
vn 0.421090666251376 -1.77973902401957E-13 -0.907018550414473
vn 0.421090666251376 -1.77973902401957E-13 -0.907018550414473
vn 0.421090666251376 -1.77973902401957E-13 -0.907018550414473
vn -0.0124604521405847 2.32349897437754E-15 0.999922365552672
vn -0.0124604521405847 2.32349897437754E-15 0.999922365552672
vn -0.0124604521405847 2.32349897437754E-15 0.999922365552672
vn -0.0124604521405847 2.32349897437754E-15 0.999922365552672
vn -4.28999988744821E-13 -1 -3.26943875618435E-15
vn -4.28999988744821E-13 -1 -3.26943875618435E-15
vn -4.28999988744821E-13 -1 -3.26943875618435E-15
vn -4.28999988744821E-13 -1 -3.26943875618435E-15
vn 4.28999988744821E-13 1 3.26943875618435E-15
vn 4.28999988744821E-13 1 3.26943875618435E-15
vn 4.28999988744821E-13 1 3.26943875618435E-15
vn 4.28999988744821E-13 1 3.26943875618435E-15
vn -0.0124604521405847 2.32349897437754E-15 0.999922365552672
vn -0.0124604521405847 2.32349897437754E-15 0.999922365552672
vn -0.0124604521405847 2.32349897437754E-15 0.999922365552672
vn -0.0124604521405847 2.32349897437754E-15 0.999922365552672
vn 0.975115673198438 -4.19155168994344E-13 0.22169669344119
vn 0.975115673198438 -4.19155168994344E-13 0.22169669344119
vn 0.975115673198438 -4.19155168994344E-13 0.22169669344119
vn 0.975115673198438 -4.19155168994344E-13 0.22169669344119
vn 0.421090666251376 -1.77973902401957E-13 -0.907018550414473
vn 0.421090666251376 -1.77973902401957E-13 -0.907018550414473
vn 0.421090666251376 -1.77973902401957E-13 -0.907018550414473
vn 0.421090666251376 -1.77973902401957E-13 -0.907018550414473
vn -4.28999988744821E-13 -1 -3.26943875618435E-15
vn -4.28999988744821E-13 -1 -3.26943875618435E-15
vn -4.28999988744821E-13 -1 -3.26943875618435E-15
vn -4.28999988744821E-13 -1 -3.26943875618435E-15
vn -4.28999988744821E-13 -1 -3.26943875618435E-15
vn -4.28999988744821E-13 -1 -3.26943875618435E-15
vn -4.28999988744821E-13 -1 -3.26943875618435E-15
vn -4.28999988744821E-13 -1 -3.26943875618435E-15
vn -4.28999988744821E-13 -1 -3.26943875618435E-15
vn -4.28999988744821E-13 -1 -3.26943875618435E-15
vn -4.28999988744821E-13 -1 -3.26943875618435E-15
vn -4.28999988744821E-13 -1 -3.26943875618435E-15
vn 4.28999988744821E-13 1 3.26943875618435E-15
vn 4.28999988744821E-13 1 3.26943875618435E-15
vn 4.28999988744821E-13 1 3.26943875618435E-15
vn 4.28999988744821E-13 1 3.26943875618435E-15
vn 4.28999988744821E-13 1 3.26943875618435E-15
vn 4.28999988744821E-13 1 3.26943875618435E-15
vn 4.28999988744821E-13 1 3.26943875618435E-15
vn 4.28999988744821E-13 1 3.26943875618435E-15
vn 4.28999988744821E-13 1 3.26943875618435E-15
vn 4.28999988744821E-13 1 3.26943875618435E-15
vn 4.28999988744821E-13 1 3.26943875618435E-15
vn 4.28999988744821E-13 1 3.26943875618435E-15
vn -0.648557838350318 2.75742724721166E-13 0.761165376455316
vn -0.638646362510245 2.71463460795403E-13 0.769500372743531
vn -0.628627773902894 2.6713863190437E-13 0.777706321099355
vn -0.618503743172233 2.62769024823829E-13 0.785781852476841
vn -0.618503743172233 2.62742814236572E-13 0.785781852476841
vn -0.628627773902894 2.67120281782694E-13 0.777706321099355
vn -0.638646362510245 2.71466279721044E-13 0.769500372743531
vn -0.648557838350318 2.7574925703922E-13 0.761165376455316
vn 0.975115673198438 -4.19155168994344E-13 0.22169669344119
vn 0.975115673198438 -4.19155168994344E-13 0.22169669344119
vn 0.975115673198438 -4.19155168994344E-13 0.22169669344119
vn 0.975115673198438 -4.19155168994344E-13 0.22169669344119
vn 0.975115673198438 -4.19155168994344E-13 0.22169669344119
vn 0.975115673198438 -4.19155168994344E-13 0.22169669344119
vn 0.975115673198438 -4.19155168994344E-13 0.22169669344119
vn 0.975115673198438 -4.19155168994344E-13 0.22169669344119
vn 0.22169669344119 -9.21952145979222E-14 -0.975115673198438
vn 0.22169669344119 -9.21952145979222E-14 -0.975115673198438
vn 0.22169669344119 -9.21952145979222E-14 -0.975115673198438
vn 0.22169669344119 -9.21952145979222E-14 -0.975115673198438
vn -0.975115673198438 4.19155168994344E-13 -0.22169669344119
vn -0.975115673198438 4.19155168994344E-13 -0.22169669344119
vn -0.975115673198438 4.19155168994344E-13 -0.22169669344119
vn -0.975115673198438 4.19155168994344E-13 -0.22169669344119
vn -4.28999988744821E-13 -1 -3.26943875618435E-15
vn -4.28999988744821E-13 -1 -3.26943875618435E-15
vn -4.28999988744821E-13 -1 -3.26943875618435E-15
vn -4.28999988744821E-13 -1 -3.26943875618435E-15
vn -4.28999988744821E-13 -1 -3.26943875618435E-15
vn -4.28999988744821E-13 -1 -3.26943875618435E-15
vn -4.28999988744821E-13 -1 -3.26943875618435E-15
vn 4.28999988744821E-13 1 3.26943875618435E-15
vn 4.28999988744821E-13 1 3.26943875618435E-15
vn 4.28999988744821E-13 1 3.26943875618435E-15
vn 4.28999988744821E-13 1 3.26943875618435E-15
vn 4.28999988744821E-13 1 3.26943875618435E-15
vn 4.28999988744821E-13 1 3.26943875618435E-15
vn 4.28999988744821E-13 1 3.26943875618435E-15
vn 4.28999988744821E-13 1 3.26943875618435E-15
vn 4.28999988744821E-13 1 3.26943875618435E-15
vn 4.28999988744821E-13 1 3.26943875618435E-15
vn 4.28999988744821E-13 1 3.26943875618435E-15
vn 4.28999988744821E-13 1 3.26943875618435E-15
vn 4.28999988744821E-13 1 3.26943875618435E-15
vn 4.28999988744821E-13 1 3.26943875618435E-15
vn 4.28999988744821E-13 1 3.26943875618435E-15
vn 4.28999988744821E-13 1 3.26943875618435E-15
vn -0.220407044723979 9.13706661508951E-14 0.975407983684797
vn -0.313805291197198 1.31502194127445E-13 0.949487356006725
vn -0.404255293781761 1.70435142004684E-13 0.914646192497089
vn -0.490907280085219 2.07750848744424E-13 0.871211824047018
vn -0.572947154870532 2.43112907252808E-13 0.819592311900107
vn -0.572947154870532 2.43112907252808E-13 0.819592311900107
vn -0.496938687689365 2.10347735544241E-13 0.867785653648165
vn -0.416905075245241 1.75874587218183E-13 0.90895003065887
vn -0.333494605121896 1.3998691320287E-13 0.942752007876192
vn -0.333494605121896 1.3998691320287E-13 0.942752007876192
vn -0.424637142476924 1.79209201638875E-13 0.905363627074245
vn -0.511658603769658 2.16691612017974E-13 0.85918884605684
vn -0.593714556386291 2.52071050970475E-13 0.804675726945351
vn -0.593714556386291 2.52072704378847E-13 0.804675726945351
vn -0.507523652683407 2.14910580376701E-13 0.861637825287918
vn -0.415915708545124 1.75454598956982E-13 0.909403168779067
vn -0.319868446496219 1.34125892277823E-13 0.947461965957524
vn -0.220407044723979 9.13655839530779E-14 0.975407983684797
vn 0.975115673198438 -4.19155168994344E-13 0.22169669344119
vn 0.975115673198438 -4.19155168994344E-13 0.22169669344119
vn 0.975115673198438 -4.19155168994344E-13 0.22169669344119
vn 0.975115673198438 -4.19155168994344E-13 0.22169669344119
vn 0.975115673198438 -4.19155168994344E-13 0.22169669344119
vn 0.975115673198438 -4.19155168994344E-13 0.22169669344119
vn 0.975115673198438 -4.19155168994344E-13 0.22169669344119
vn 0.975115673198438 -4.19155168994344E-13 0.22169669344119
vn 0.22169669344119 -9.21952145979222E-14 -0.975115673198438
vn 0.22169669344119 -9.21952145979222E-14 -0.975115673198438
vn 0.22169669344119 -9.21952145979222E-14 -0.975115673198438
vn 0.22169669344119 -9.21952145979222E-14 -0.975115673198438
vn -0.975115673198438 4.19155168994344E-13 -0.22169669344119
vn -0.975115673198438 4.19155168994344E-13 -0.22169669344119
vn -0.975115673198438 4.19155168994344E-13 -0.22169669344119
vn -0.975115673198438 4.19155168994344E-13 -0.22169669344119
vn -0.975115673198438 4.19155168994344E-13 -0.22169669344119
vn -0.975115673198438 4.19155168994344E-13 -0.22169669344119
vn -0.975115673198438 4.19155168994344E-13 -0.22169669344119
vn -0.975115673198438 4.19155168994344E-13 -0.22169669344119
vn -4.28999988744821E-13 -1 -3.26943875618435E-15
vn -4.28999988744821E-13 -1 -3.26943875618435E-15
vn -4.28999988744821E-13 -1 -3.26943875618435E-15
vn -4.28999988744821E-13 -1 -3.26943875618435E-15
vn -4.28999988744821E-13 -1 -3.26943875618435E-15
vn -4.28999988744821E-13 -1 -3.26943875618435E-15
vn -4.28999988744821E-13 -1 -3.26943875618435E-15
vn -4.28999988744821E-13 -1 -3.26943875618435E-15
vn -4.28999988744821E-13 -1 -3.26943875618435E-15
vn -4.28999988744821E-13 -1 -3.26943875618435E-15
vn -4.28999988744821E-13 -1 -3.26943875618435E-15
vn -4.28999988744821E-13 -1 -3.26943875618435E-15
vn -4.28999988744821E-13 -1 -3.26943875618435E-15
vn -4.28999988744821E-13 -1 -3.26943875618435E-15
vn -4.28999988744821E-13 -1 -3.26943875618435E-15
vn -4.28999988744821E-13 -1 -3.26943875618435E-15
vn -4.28999988744821E-13 -1 -3.26943875618435E-15
vn -4.28999988744821E-13 -1 -3.26943875618435E-15
vn -4.28999988744821E-13 -1 -3.26943875618435E-15
vn -4.28999988744821E-13 -1 -3.26943875618435E-15
vn -4.28999988744821E-13 -1 -3.26943875618435E-15
vn -4.28999988744821E-13 -1 -3.26943875618435E-15
vn -4.28999988744821E-13 -1 -3.26943875618435E-15
vn -0.88451009497825 3.81010921651196E-13 -0.466521051916811
vn -0.88451009497825 3.81010921651196E-13 -0.466521051916811
vn -0.88451009497825 3.81010921651196E-13 -0.466521051916811
vn -0.88451009497825 3.81010921651196E-13 -0.466521051916811
vn -4.28999988744821E-13 -1 -3.26943875618435E-15
vn -4.28999988744821E-13 -1 -3.26943875618435E-15
vn -4.28999988744821E-13 -1 -3.26943875618435E-15
vn -4.28999988744821E-13 -1 -3.26943875618435E-15
vn -4.28999988744821E-13 -1 -3.26943875618435E-15
vn -4.28999988744821E-13 -1 -3.26943875618435E-15
vn -4.28999988744821E-13 -1 -3.26943875618435E-15
vn -4.28999988744821E-13 -1 -3.26943875618435E-15
vn -4.28999988744821E-13 -1 -3.26943875618435E-15
vn -4.28999988744821E-13 -1 -3.26943875618435E-15
vn -4.28999988744821E-13 -1 -3.26943875618435E-15
vn -4.28999988744821E-13 -1 -3.26943875618435E-15
vn -4.28999988744821E-13 -1 -3.26943875618435E-15
vn -4.28999988744821E-13 -1 -3.26943875618435E-15
vn -4.28999988744821E-13 -1 -3.26943875618435E-15
vn -4.28999988744821E-13 -1 -3.26943875618435E-15
vn -4.28999988744821E-13 -1 -3.26943875618435E-15
vn -4.28999988744821E-13 -1 -3.26943875618435E-15
vn -4.28999988744821E-13 -1 -3.26943875618435E-15
vn -4.28999988744821E-13 -1 -3.26943875618435E-15
vn -4.28999988744821E-13 -1 -3.26943875618435E-15
vn -4.28999988744821E-13 -1 -3.26943875618435E-15
vn 4.28999988744821E-13 1 3.26943875618435E-15
vn 4.28999988744821E-13 1 3.26943875618435E-15
vn 4.28999988744821E-13 1 3.26943875618435E-15
vn 4.28999988744821E-13 1 3.26943875618435E-15
vn 4.28999988744821E-13 1 3.26943875618435E-15
vn 4.28999988744821E-13 1 3.26943875618435E-15
vn 4.28999988744821E-13 1 3.26943875618435E-15
vn 4.28999988744821E-13 1 3.26943875618435E-15
vn 4.28999988744821E-13 1 3.26943875618435E-15
vn 4.28999988744821E-13 1 3.26943875618435E-15
vn 4.28999988744821E-13 1 3.26943875618435E-15
vn 4.28999988744821E-13 1 3.26943875618435E-15
vn 4.28999988744821E-13 1 3.26943875618435E-15
vn 4.28999988744821E-13 1 3.26943875618435E-15
vn 4.28999988744821E-13 1 3.26943875618435E-15
vn 4.28999988744821E-13 1 3.26943875618435E-15
vn 4.28999988744821E-13 1 3.26943875618435E-15
vn 4.28999988744821E-13 1 3.26943875618435E-15
vn 4.28999988744821E-13 1 3.26943875618435E-15
vn 4.28999988744821E-13 1 3.26943875618435E-15
vn 4.28999988744821E-13 1 3.26943875618435E-15
vn 4.28999988744821E-13 1 3.26943875618435E-15
vn 4.28999988744821E-13 1 3.26943875618435E-15
vn 4.28999988744821E-13 1 3.26943875618435E-15
vn 4.28999988744821E-13 1 3.26943875618435E-15
vn 4.28999988744821E-13 1 3.26943875618435E-15
vn 4.28999988744821E-13 1 3.26943875618435E-15
vn 4.28999988744821E-13 1 3.26943875618435E-15
vn 4.28999988744821E-13 1 3.26943875618435E-15
vn 4.28999988744821E-13 1 3.26943875618435E-15
vn 4.28999988744821E-13 1 3.26943875618435E-15
vn 4.28999988744821E-13 1 3.26943875618435E-15
vn 4.28999988744821E-13 1 3.26943875618435E-15
vn 4.28999988744821E-13 1 3.26943875618435E-15
vn 4.28999988744821E-13 1 3.26943875618435E-15
vn 4.28999988744821E-13 1 3.26943875618435E-15
vn 4.28999988744821E-13 1 3.26943875618435E-15
vn 4.28999988744821E-13 1 3.26943875618435E-15
vn 4.28999988744821E-13 1 3.26943875618435E-15
vn 4.28999988744821E-13 1 3.26943875618435E-15
vn 4.28999988744821E-13 1 3.26943875618435E-15
vn 4.28999988744821E-13 1 3.26943875618435E-15
vn 4.28999988744821E-13 1 3.26943875618435E-15
vn 4.28999988744821E-13 1 3.26943875618435E-15
vn 4.28999988744821E-13 1 3.26943875618435E-15
vn 4.28999988744821E-13 1 3.26943875618435E-15
vn 4.28999988744821E-13 1 3.26943875618435E-15
vn 4.28999988744821E-13 1 3.26943875618435E-15
vn 4.28999988744821E-13 1 3.26943875618435E-15
vn 4.28999988744821E-13 1 3.26943875618435E-15
vn 4.28999988744821E-13 1 3.26943875618435E-15
vn 4.28999988744821E-13 1 3.26943875618435E-15
vn 4.28999988744821E-13 1 3.26943875618435E-15
vn 4.28999988744821E-13 1 3.26943875618435E-15
vn 4.28999988744821E-13 1 3.26943875618435E-15
vn 4.28999988744821E-13 1 3.26943875618435E-15
vn 4.28999988744821E-13 1 3.26943875618435E-15
vn 4.28999988744821E-13 1 3.26943875618435E-15
vn 4.28999988744821E-13 1 3.26943875618435E-15
vn 4.28999988744821E-13 1 3.26943875618435E-15
vn 4.28999988744821E-13 1 3.26943875618435E-15
vn 4.28999988744821E-13 1 3.26943875618435E-15
vn 4.28999988744821E-13 1 3.26943875618435E-15
vn 4.28999988744821E-13 1 3.26943875618435E-15
vn 4.28999988744821E-13 1 3.26943875618435E-15
vn 4.28999988744821E-13 1 3.26943875618435E-15
vn 4.28999988744821E-13 1 3.26943875618435E-15
vn 4.28999988744821E-13 1 3.26943875618435E-15
vn 4.28999988744821E-13 1 3.26943875618435E-15
vn 4.28999988744821E-13 1 3.26943875618435E-15
vn 4.28999988744821E-13 1 3.26943875618435E-15
vn 4.28999988744821E-13 1 3.26943875618435E-15
vn 4.28999988744821E-13 1 3.26943875618435E-15
vn 4.28999988744821E-13 1 3.26943875618435E-15
vn 4.28999988744821E-13 1 3.26943875618435E-15
vn 4.28999988744821E-13 1 3.26943875618435E-15
vn 4.28999988744821E-13 1 3.26943875618435E-15
vn 4.28999988744821E-13 1 3.26943875618435E-15
vn 4.28999988744821E-13 1 3.26943875618435E-15
vn 4.28999988744821E-13 1 3.26943875618435E-15
vn 4.28999988744821E-13 1 3.26943875618435E-15
vn 4.28999988744821E-13 1 3.26943875618435E-15
vn 4.28999988744821E-13 1 3.26943875618435E-15
vn 4.28999988744821E-13 1 3.26943875618435E-15
vn 4.28999988744821E-13 1 3.26943875618435E-15
vn 4.28999988744821E-13 1 3.26943875618435E-15
vn 4.28999988744821E-13 1 3.26943875618435E-15
vn 4.28999988744821E-13 1 3.26943875618435E-15
vn 4.28999988744821E-13 1 3.26943875618435E-15
vn 4.28999988744821E-13 1 3.26943875618435E-15
vn 4.28999988744821E-13 1 3.26943875618435E-15
vn 4.28999988744821E-13 1 3.26943875618435E-15
vn -0.973613592907749 4.16935002556389E-13 0.228202917828111
vn -0.924359990268194 3.9530301789826E-13 0.381521438966914
vn -0.851135437591504 3.63418796920534E-13 0.524946156168344
vn -0.755838809721765 3.22115028163396E-13 0.654757736661725
vn -0.640941427131216 2.72455663216354E-13 0.767589790830363
vn -0.640941427131216 2.72454280858614E-13 0.767589790830363
vn -0.755838809721765 3.2211416080166E-13 0.654757736661725
vn -0.851135437591504 3.63420829799619E-13 0.524946156168344
vn -0.924359990268194 3.9530307210837E-13 0.381521438966914
vn -0.973613592907749 4.16934135194675E-13 0.228202917828111
vn -0.973613592907749 4.17149891421039E-13 0.228202917828111
vn -0.973613592907749 4.17149891421039E-13 0.228202917828111
vn -0.973613592907749 4.17149891421039E-13 0.228202917828111
vn -0.973613592907749 4.17149891421039E-13 0.228202917828111
vn -0.973613592907749 4.17149891421039E-13 0.228202917828111
vn -0.973613592907749 4.17149891421039E-13 0.228202917828111
vn 0.0382359560059386 -1.96457439129557E-14 0.999268738462438
vn -0.301682852170262 1.26287865916159E-13 0.953408336813988
vn -0.606109274789296 2.57432969473907E-13 0.79538138462903
vn -0.839228168049814 3.5826377220317E-13 0.543779442376919
vn -0.973613592907749 4.16940775932798E-13 0.228202917828111
vn -0.973613592907749 4.16940775932798E-13 0.228202917828111
vn -0.839228168049814 3.5826377220317E-13 0.543779442376919
vn -0.606109274789296 2.57432969473907E-13 0.79538138462903
vn -0.301682852170262 1.26287865916159E-13 0.953408336813988
vn 0.0382359560059386 -1.96457439129557E-14 0.999268738462438
vn 0.0382359560059386 -1.94316055075924E-14 0.999268738462438
vn 0.0382359560059386 -1.94316055075924E-14 0.999268738462438
vn 0.0382359560059386 -1.94316055075924E-14 0.999268738462438
vn 0.0382359560059386 -1.94316055075924E-14 0.999268738462438
vn 0.88451009497825 -3.8098007609956E-13 0.466521051916811
vn 0.671608024207129 -2.90566179375467E-13 0.740906648519634
vn 0.377700087906483 -1.65058937645862E-13 0.925927990502196
vn 0.0382359560059386 -1.96457439129557E-14 0.999268738462438
vn 0.0382359560059386 -1.96457439129557E-14 0.999268738462438
vn 0.377700087906483 -1.65058937645862E-13 0.925927990502196
vn 0.671608024207129 -2.90542191402637E-13 0.740906648519634
vn 0.88451009497825 -3.80988641296675E-13 0.466521051916811
vn 0.671608024207129 -2.90542191402637E-13 0.740906648519634
vn 0.671608024207129 -2.90566179375467E-13 0.740906648519634
vn 0.88451009497825 -3.81010921651196E-13 0.466521051916811
vn 0.88451009497825 -3.81010921651196E-13 0.466521051916811
vn 0.88451009497825 -3.81010921651196E-13 0.466521051916811
vn 0.88451009497825 -3.81010921651196E-13 0.466521051916811
vn 0.456962759597718 -1.98947274807248E-13 0.889485826947703
vn 0.586956016744229 -2.54453329100341E-13 0.809618820438204
vn 0.703286708016633 -3.04035795287066E-13 0.710906327392806
vn 0.803246962743327 -3.46541610668538E-13 0.595646133911419
vn 0.88451009497825 -3.80980997671401E-13 0.466521051916811
vn 0.88451009497825 -3.80980997671401E-13 0.466521051916811
vn 0.803246962743327 -3.46541610668538E-13 0.595646133911419
vn 0.703286708016633 -3.04035795287066E-13 0.710906327392806
vn 0.586956016744229 -2.54453329100341E-13 0.809618820438204
vn 0.456962759597718 -1.98947274807248E-13 0.889485826947703
vn 0.456962759597718 -1.98802113690361E-13 0.889485826947703
vn 0.456962759597718 -1.98802113690361E-13 0.889485826947703
vn 0.456962759597718 -1.98802113690361E-13 0.889485826947703
vn 0.456962759597718 -1.98802113690361E-13 0.889485826947703
vn 0.282009037682557 -1.17844239032244E-13 -0.959411748242306
vn 0.282009037682557 -1.17844239032244E-13 -0.959411748242306
vn 0.21283047811906 -8.81117867876345E-14 -0.977089140039747
vn 0.142566871430705 -5.79249363357656E-14 -0.989785172232066
vn 0.0715764480031519 -2.74452437276014E-14 -0.997435116732538
vn 0.0715764480031519 -2.74452437276014E-14 -0.997435116732538
vn -0.0341080766139456 1.78999019288311E-14 -0.999418150280301
vn -0.139411506219577 6.30450472370508E-14 -0.99023453380176
vn -0.243157286751199 1.07485785945405E-13 -0.969986873055401
vn -0.344186210320382 1.50725566431696E-13 -0.938901407297536
vn -0.441369500852188 1.92281261812272E-13 -0.897325450278488
vn -0.441369500852188 1.92281587072922E-13 -0.897325450278488
vn -0.343818006456074 1.50568223268086E-13 -0.93903630304508
vn -0.242396456215423 1.07161335329843E-13 -0.970177281745045
vn -0.138246474557353 6.25447899056602E-14 -0.990397855547185
vn -0.0325403849637826 1.72276931501463E-14 -0.999470421446482
vn 0.073531984037786 -2.82846336096081E-14 -0.997292859356502
vn 0.178776663281155 -7.34784263289231E-14 -0.983889681146243
vn -0.640941427131216 2.72456313737643E-13 0.767589790830363
vn -0.768516319136121 3.27600909393334E-13 0.639830186238089
vn -0.871039219501973 3.72075285137471E-13 0.49121347506903
vn -0.945168083990806 4.04413132090095E-13 0.326584281625966
vn -0.988486496683604 4.23560558396864E-13 0.151309107043082
vn -0.999582353556795 4.28915286867282E-13 -0.0288984161825151
vn -0.978093955584076 4.20280932053643E-13 -0.208163911497395
vn -0.924721782680086 3.97952127067663E-13 -0.380643697750223
vn -0.84120564305832 3.62642310542733E-13 -0.540715328141194
vn -0.730267998646563 3.15516735828933E-13 -0.683160779138222
vn -0.595525168004662 2.58107211801437E-13 -0.803336650647173
vn -0.441369500852188 1.92279364458483E-13 -0.897325450278488
vn -0.441369500852188 1.92281261812272E-13 -0.897325450278488
vn -0.595525168004662 2.58106778120551E-13 -0.803336650647173
vn -0.730267998646563 3.1551852476251E-13 -0.683160779138222
vn -0.84120564305832 3.62645048153175E-13 -0.540715328141194
vn -0.924721782680086 3.97950148398687E-13 -0.380643697750223
vn -0.978093955584076 4.20282883617501E-13 -0.208163911497395
vn -0.999582353556795 4.28915313972336E-13 -0.0288984161825151
vn -0.988486496683604 4.2356603361799E-13 0.151309107043082
vn -0.945168083990806 4.04409364487521E-13 0.326584281625966
vn -0.871039219501973 3.72069837021505E-13 0.49121347506903
vn -0.768516319136121 3.27601614124761E-13 0.639830186238089
vn -0.640941427131216 2.72454280858614E-13 0.767589790830363
vn -0.556421893123818 2.3628343934755E-13 0.830899919877543
vn -0.556421893123818 2.3628343934755E-13 0.830899919877543
vn -0.556421893123818 2.3628343934755E-13 0.830899919877543
vn -0.556421893123818 2.3628343934755E-13 0.830899919877543
vn 0.830899919877543 -3.58275269474846E-13 0.556421893123818
vn 0.830899919877543 -3.58275269474846E-13 0.556421893123818
vn 0.830899919877543 -3.58275269474846E-13 0.556421893123818
vn 0.830899919877543 -3.58275269474846E-13 0.556421893123818
vn -4.28999988744821E-13 -1 -3.26943875618435E-15
vn -4.28999988744821E-13 -1 -3.26943875618435E-15
vn -4.28999988744821E-13 -1 -3.26943875618435E-15
vn -4.28999988744821E-13 -1 -3.26943875618435E-15
vn -4.28999988744821E-13 -1 -3.26943875618435E-15
vn -4.28999988744821E-13 -1 -3.26943875618435E-15
vn -4.28999988744821E-13 -1 -3.26943875618435E-15
vn -4.28999988744821E-13 -1 -3.26943875618435E-15
vn -4.28999988744821E-13 -1 -3.26943875618435E-15
vn -4.28999988744821E-13 -1 -3.26943875618435E-15
vn -4.28999988744821E-13 -1 -3.26943875618435E-15
vn -4.28999988744821E-13 -1 -3.26943875618435E-15
vn -4.28999988744821E-13 -1 -3.26943875618435E-15
vn -4.28999988744821E-13 -1 -3.26943875618435E-15
vn -4.28999988744821E-13 -1 -3.26943875618435E-15
vn -4.28999988744821E-13 -1 -3.26943875618435E-15
vn -4.28999988744821E-13 -1 -3.26943875618435E-15
vn -4.28999988744821E-13 -1 -3.26943875618435E-15
vn -4.28999988744821E-13 -1 -3.26943875618435E-15
vn -4.28999988744821E-13 -1 -3.26943875618435E-15
vn -0.664259318672266 2.87336969159291E-13 -0.747502212409473
vn -0.664259318672266 2.87336969159291E-13 -0.747502212409473
vn -0.664259318672266 2.87336969159291E-13 -0.747502212409473
vn -0.664259318672266 2.87336969159291E-13 -0.747502212409473
vn -0.664259318672266 2.87336969159291E-13 -0.747502212409473
vn -0.664259318672266 2.87336969159291E-13 -0.747502212409473
vn -0.664259318672266 2.87336969159291E-13 -0.747502212409473
vn -0.664259318672266 2.87336969159291E-13 -0.747502212409473
vn -0.664259318672266 2.87336969159291E-13 -0.747502212409473
vn -0.664259318672266 2.87336969159291E-13 -0.747502212409473
vn -0.664259318672266 2.87336969159291E-13 -0.747502212409473
vn -0.664259318672266 2.87336969159291E-13 -0.747502212409473
vn -0.664259318672266 2.87336969159291E-13 -0.747502212409473
vn -0.664259318672266 2.87336969159291E-13 -0.747502212409473
vn -0.664259318672266 2.87336969159291E-13 -0.747502212409473
vn -0.664259318672266 2.87336969159291E-13 -0.747502212409473
vn 4.28999988744821E-13 1 3.26943875618435E-15
vn 4.28999988744821E-13 1 3.26943875618435E-15
vn 4.28999988744821E-13 1 3.26943875618435E-15
vn 4.28999988744821E-13 1 3.26943875618435E-15
vn 4.28999988744821E-13 1 3.26943875618435E-15
vn 4.28999988744821E-13 1 3.26943875618435E-15
vn 4.28999988744821E-13 1 3.26943875618435E-15
vn 4.28999988744821E-13 1 3.26943875618435E-15
vn 4.28999988744821E-13 1 3.26943875618435E-15
vn 4.28999988744821E-13 1 3.26943875618435E-15
vn 4.28999988744821E-13 1 3.26943875618435E-15
vn 4.28999988744821E-13 1 3.26943875618435E-15
vn 4.28999988744821E-13 1 3.26943875618435E-15
vn 4.28999988744821E-13 1 3.26943875618435E-15
vn 4.28999988744821E-13 1 3.26943875618435E-15
vn 4.28999988744821E-13 1 3.26943875618435E-15
vn 4.28999988744821E-13 1 3.26943875618435E-15
vn 4.28999988744821E-13 1 3.26943875618435E-15
vn 4.28999988744821E-13 1 3.26943875618435E-15
vn 4.28999988744821E-13 1 3.26943875618435E-15
vn 0.747502212409473 -3.21184053576575E-13 -0.664259318672266
vn 0.710916811369125 0.309017000053123 -0.63174819429178
vn 0.604741991499936 0.587785244895539 -0.537397087450037
vn 0.439370776726687 0.809016994376658 -0.390441830966338
vn 0.230990880961276 0.951056516432818 -0.205267424262612
vn 4.14483253491707E-13 1 2.22044604925031E-14
vn 4.29286245223412E-13 1 7.40148654849006E-15
vn 0.230990880961276 0.951056516432818 -0.205267424262612
vn 0.439370776726687 0.809016994376658 -0.390441830966338
vn 0.604741991499936 0.587785244895539 -0.537397087450037
vn 0.710916811369125 0.309017000053123 -0.63174819429178
vn 0.747502212409473 -3.16811520397829E-13 -0.664259318672266
vn 4.27479910193942E-13 1 4.06376507829575E-15
vn 0.273878718079392 0.951056521595509 -0.143115130275733
vn 0.520948294573862 0.80901700840459 -0.272221149973091
vn 0.71702384715046 0.587785242072393 -0.374680279464308
vn 0.842912070395963 0.309016999830148 -0.440463091980209
vn 0.886290203279794 -3.78704315310791E-13 -0.463130300855236
vn 0.845559841856723 -3.60999671485321E-13 -0.53388065505245
vn 0.799194152127925 -3.40889125775587E-13 -0.601072963295245
vn 0.747502212409473 -3.18506697610118E-13 -0.664259318672266
vn 0.710916811369125 0.309017000053123 -0.63174819429178
vn 0.604741991499936 0.587785244895539 -0.537397087450037
vn 0.439370776726687 0.809016994376658 -0.390441830966338
vn 0.230990880961276 0.951056516432818 -0.205267424262612
vn 4.29377724781715E-13 1 2.93377421050581E-15
vn 4.29226397263491E-13 1 3.09916861664376E-15
vn 4.29051786503612E-13 1 3.23674794310154E-15
vn 4.21884749357559E-13 1 2.22044604925031E-14
vn 0.273878718079392 0.951056521595509 -0.143115130275733
vn 0.520948294573862 0.80901700840459 -0.272221149973091
vn 0.71702384715046 0.587785242072393 -0.374680279464308
vn 0.842912070395963 0.309016999830148 -0.440463091980209
vn 0.886290203279794 -3.78494440872724E-13 -0.463130300855236
vn 0.886290203279794 -3.83205787259901E-13 -0.463130300855236
vn 0.842912070395963 0.309016999830148 -0.440463091980209
vn 0.71702384715046 0.587785242072393 -0.374680279464308
vn 0.520948294573862 0.80901700840459 -0.272221149973091
vn 0.273878718079392 0.951056521595509 -0.143115130275733
vn 4.21884749357559E-13 1 2.22044604925031E-14
vn 4.28745689125265E-13 1 2.98325236957025E-15
vn 0.205267424262612 0.951056516432818 0.230990880961276
vn 0.390441830966338 0.809016994376658 0.439370776726687
vn 0.537397087450037 0.587785244895539 0.604741991499936
vn 0.63174819429178 0.309017000053123 0.710916811369125
vn 0.664259318672266 -2.87411182798459E-13 0.747502212409473
vn 0.87135486945294 -3.75415406903614E-13 0.490653331264194
vn 0.98359480026102 -4.22551951035705E-13 0.180391986793991
vn 0.988760696608407 -4.23689533762299E-13 -0.149506805338278
vn 0.886290203279794 -3.78704315310791E-13 -0.463130300855236
vn 0.842912070395963 0.309016999830148 -0.440463091980209
vn 0.71702384715046 0.587785242072393 -0.374680279464308
vn 0.520948294573862 0.80901700840459 -0.272221149973091
vn 0.273878718079392 0.951056521595509 -0.143115130275733
vn 4.29054280168609E-13 1 3.24108030486851E-15
vn 4.28840990496226E-13 1 3.29348136287569E-15
vn 4.2884183075291E-13 1 3.24042957180679E-15
vn 4.28859882719082E-13 1 3.19053573132348E-15
vn 0.811561151262981 0.214493091652072 0.543471444874742
vn 0.662210236772865 0.604006300208014 0.443456865571222
vn 0.390993326853728 0.882364749798632 0.261833280292349
vn 0.0478222600694921 0.998342349899629 0.0320247379182589
vn 0.966994752768664 0.214493093733839 0.137527673063846
vn 0.789039543484416 0.604006283755047 0.112218572448243
vn 0.465878011598401 0.882364753321894 0.0662579837024416
vn 0.0569813781489425 0.998342350034971 0.00810399104756464
vn 0.930903185427224 0.21449309336152 -0.295655157678087
vn 0.75958986390149 0.604006300772207 -0.241245989159593
vn 0.448489846492346 0.882364753239876 -0.142440513314169
vn 0.0548546396809802 0.998342349901354 -0.0174218511907533
vn 4.31136598861084E-13 1 5.55111512312578E-15
vn 0.205267424262612 0.951056516432818 0.230990880961276
vn 0.390441830966338 0.809016994376658 0.439370776726687
vn 0.537397087450037 0.587785244895539 0.604741991499936
vn 0.63174819429178 0.309017000053123 0.710916811369125
vn 0.664259318672266 -2.91137721213762E-13 0.747502212409473
vn 0.664259318672266 -2.91837112934533E-13 0.747502212409473
vn 0.63174819429178 0.309017000053123 0.710916811369125
vn 0.537397087450037 0.587785244895539 0.604741991499936
vn 0.390441830966338 0.809016994376658 0.439370776726687
vn 0.205267424262612 0.951056516432818 0.230990880961276
vn 4.12632899854035E-13 1 -1.48029730969801E-14
vn 4.28213969274824E-13 1 4.42008261656896E-15
vn -0.174309398520526 0.951056517185433 0.255162173345749
vn -0.331556196465447 0.809016991563987 0.485347294157618
vn -0.456347948844079 0.587785252349584 0.668023238148298
vn -0.536469208066707 0.309016995066408 0.785308401557253
vn -0.564077097602776 2.39289444555553E-13 0.825722125148665
vn -0.264669057019034 1.10390170400132E-13 0.964339302453579
vn 0.0635508431621947 -3.05261416778591E-14 0.997978602142037
vn 0.384852591349225 -1.68119385359981E-13 0.922978051164699
vn 0.664259318672266 -2.87411182798459E-13 0.747502212409473
vn 0.63174819429178 0.309017000053123 0.710916811369125
vn 0.537397087450037 0.587785244895539 0.604741991499936
vn 0.390441830966338 0.809016994376658 0.439370776726687
vn 0.205267424262612 0.951056516432818 0.230990880961276
vn 4.29630642043502E-13 1 3.97912531104137E-15
vn 4.29194467509511E-13 1 3.73583966089804E-15
vn 4.29032108234181E-13 1 3.77373887957351E-15
vn 4.28925016164594E-13 1 3.54261386969568E-15
vn -0.349256125358623 0.214493094207932 0.912147395674948
vn -0.284982827479588 0.604006284487693 0.744285695375849
vn -0.168264374285605 0.882364750688116 0.439453691632432
vn -0.0205803572419509 0.998342349841211 0.0537494317116172
vn 0.0810970062158158 0.214493094335524 0.973352961707727
vn 0.0661727930800073 0.604006286533066 0.79422765457048
vn 0.0390708558341644 0.88236475008968 0.468941271401402
vn 0.00477874286060978 0.998342349929051 0.0573560454948931
vn 0.495387907694712 0.214493094098764 0.841774039451084
vn 0.40422208098385 0.604006305098869 0.68686308144047
vn 0.238667620943232 0.882364745230343 0.405549285645887
vn 0.0291913547209456 0.998342349974402 0.0496025912341739
vn 4.21884749357559E-13 1 0
vn -0.174309398520526 0.951056517185433 0.255162173345749
vn -0.331556196465447 0.809016991563987 0.485347294157618
vn -0.456347948844079 0.587785252349584 0.668023238148298
vn -0.536469208066707 0.309016995066408 0.785308401557253
vn -0.564077097602776 2.43620452904431E-13 0.825722125148665
vn -0.564077097602776 2.4147942459483E-13 0.825722125148665
vn -0.536469208066707 0.309016995066408 0.785308401557253
vn -0.456347948844079 0.587785252349584 0.668023238148298
vn -0.331556196465447 0.809016991563987 0.485347294157618
vn -0.174309398520526 0.951056517185433 0.255162173345749
vn 4.29286245223412E-13 1 -3.70074327424503E-15
vn 4.30614013413946E-13 1 1.83516083121396E-15
vn -0.230990880961276 0.951056516432818 0.205267424262612
vn -0.439370776726687 0.809016994376658 0.390441830966338
vn -0.604741991499936 0.587785244895539 0.537397087450037
vn -0.710916811369125 0.309017000053123 0.63174819429178
vn -0.747502212409473 3.18506697610118E-13 0.664259318672266
vn -0.6908284473851 2.94001533067436E-13 0.723018710880633
vn -0.629550624848685 2.67536991585898E-13 0.776959465321474
vn -0.564077097602776 2.39289444555553E-13 0.825722125148665
vn -0.536469208066707 0.309016995066408 0.785308401557253
vn -0.456347948844079 0.587785252349584 0.668023238148298
vn -0.331556196465447 0.809016991563987 0.485347294157618
vn -0.174309398520526 0.951056517185433 0.255162173345749
vn 4.28965456905628E-13 1 3.31999963511362E-15
vn 4.2896144535759E-13 1 3.31701384397455E-15
vn 4.28957704860095E-13 1 3.31371083899673E-15
vn -0.710434832224992 0.214493089291277 0.670279839923395
vn -0.579694098961961 0.604006297404543 0.54692882930445
vn -0.342272758362043 0.88236474959434 0.322926938418826
vn -0.0418632632711824 0.998342349958011 0.0394970817732584
vn 4.58892201581768E-13 1 0
vn -0.180036635689743 0.970562108405033 0.159987510568467
vn -0.349473483780057 0.883981604145163 0.310555643432178
vn -0.498334805392595 0.745355978897241 0.442839571917935
vn -0.60364918483059 0.589792178129387 0.536425995148219
vn -0.682373037427348 0.408248299668424 0.606383017250661
vn -0.731038573059752 0.208721191449231 0.649629178022951
vn -0.747502212409473 3.14903487192703E-13 0.664259318672266
vn -0.747502212409473 3.1971634198149E-13 0.664259318672266
vn -0.710916811369125 0.309017000053123 0.63174819429178
vn -0.604741991499936 0.587785244895539 0.537397087450037
vn -0.439370776726687 0.809016994376658 0.390441830966338
vn -0.230990880961276 0.951056516432818 0.205267424262612
vn 4.51490705715915E-13 1 -7.40148654849006E-15
vn -0.998266153469537 4.28598044881047E-13 -0.0588615905080358
vn -0.998266153469537 4.28598044881047E-13 -0.0588615905080358
vn -0.998266153469537 4.28598044881047E-13 -0.0588615905080358
vn -0.998266153469537 4.28598044881047E-13 -0.0588615905080358
vn -0.998266153469537 4.28598044881047E-13 -0.0588615905080358
vn -0.998266153469537 4.28598044881047E-13 -0.0588615905080358
vn -0.998266153469537 4.28598044881047E-13 -0.0588615905080358
vn -0.747502212409473 3.18792222254019E-13 0.664259318672266
vn -0.747502212409473 3.18792222254019E-13 0.664259318672266
vn -0.747502212409473 3.18792222254019E-13 0.664259318672266
vn -0.747502212409473 3.18792222254019E-13 0.664259318672266
vn -0.747502212409473 3.18550255432668E-13 0.664259318672266
vn -0.747502212409473 3.18550255432668E-13 0.664259318672266
vn -0.6908284473851 2.93974075647226E-13 0.723018710880633
vn -0.629550624848685 2.67517746997671E-13 0.776959465321474
vn -0.564077097602776 2.39315573828757E-13 0.825722125148665
vn -0.564077097602776 2.39315573828757E-13 0.825722125148665
vn -0.629550624848685 2.67517746997671E-13 0.776959465321474
vn -0.6908284473851 2.94041214867225E-13 0.723018710880633
vn -0.564077097602776 2.39584428871205E-13 0.825722125148665
vn -0.564077097602776 2.39584428871205E-13 0.825722125148665
vn -0.564077097602776 2.39584428871205E-13 0.825722125148665
vn -0.564077097602776 2.39584428871205E-13 0.825722125148665
vn -0.564077097602776 2.39315573828757E-13 0.825722125148665
vn -0.564077097602776 2.39315573828757E-13 0.825722125148665
vn -0.264669057019034 1.10391356246241E-13 0.964339302453579
vn 0.0635508431621947 -3.04852028825001E-14 0.997978602142037
vn 0.384852591349225 -1.68004365061059E-13 0.922978051164699
vn 0.664259318672266 -2.87393564513047E-13 0.747502212409473
vn 0.664259318672266 -2.87393564513047E-13 0.747502212409473
vn 0.384852591349225 -1.68138670606283E-13 0.922978051164699
vn 0.0635508431621947 -3.05523522647082E-14 0.997978602142037
vn -0.264669057019034 1.10391356246241E-13 0.964339302453579
vn 0.664259318672266 -2.87336969159291E-13 0.747502212409473
vn 0.664259318672266 -2.87336969159291E-13 0.747502212409473
vn 0.664259318672266 -2.87336969159291E-13 0.747502212409473
vn 0.664259318672266 -2.87336969159291E-13 0.747502212409473
vn 0.664259318672266 -2.87393564513047E-13 0.747502212409473
vn 0.664259318672266 -2.87411182798459E-13 0.747502212409473
vn 0.87135486945294 -3.75357483403113E-13 0.490653331264194
vn 0.98359480026102 -4.22495409890969E-13 0.180391986793991
vn 0.988760696608407 -4.23704062071217E-13 -0.149506805338278
vn 0.886290203279794 -3.787148862821E-13 -0.463130300855236
vn 0.886290203279794 -3.7864774706176E-13 -0.463130300855236
vn 0.988760696608407 -4.23704062071217E-13 -0.149506805338278
vn 0.98359480026102 -4.22562549112211E-13 0.180391986793991
vn 0.87135486945294 -3.75415406903614E-13 0.490653331264194
vn 0.87135486945294 -3.75415406903614E-13 0.490653331264194
vn 0.87135486945294 -3.75357483403113E-13 0.490653331264194
vn 0.886290203279794 -3.78963331212918E-13 -0.463130300855236
vn 0.886290203279794 -3.78963331212918E-13 -0.463130300855236
vn 0.886290203279794 -3.78963331212918E-13 -0.463130300855236
vn 0.886290203279794 -3.78963331212918E-13 -0.463130300855236
vn 0.886290203279794 -3.7864774706176E-13 -0.463130300855236
vn 0.886290203279794 -3.787148862821E-13 -0.463130300855236
vn 0.845559841856723 -3.60987799471442E-13 -0.53388065505245
vn 0.799194152127925 -3.40843399549248E-13 -0.601072963295245
vn 0.747502212409473 -3.18550255432668E-13 -0.664259318672266
vn 0.747502212409473 -3.18550255432668E-13 -0.664259318672266
vn 0.799194152127925 -3.40910538768359E-13 -0.601072963295245
vn 0.845559841856723 -3.60987799471442E-13 -0.53388065505245
vn 0.747502212409473 -3.18792222254019E-13 -0.664259318672266
vn 0.747502212409473 -3.18792222254019E-13 -0.664259318672266
vn 0.747502212409473 -3.18792222254019E-13 -0.664259318672266
vn 0.747502212409473 -3.18792222254019E-13 -0.664259318672266
vn -0.747502212409473 3.18792222254019E-13 0.664259318672266
vn -0.747502212409473 3.18792222254019E-13 0.664259318672266
vn -0.747502212409473 3.18792222254019E-13 0.664259318672266
vn -0.747502212409473 3.18792222254019E-13 0.664259318672266
vn -0.886290203279794 3.78829215402566E-13 0.463130300855236
vn -0.845559841856723 3.61056564994754E-13 0.53388065505245
vn -0.799194152127925 3.40882241091834E-13 0.601072963295245
vn -0.747502212409473 3.18466311078941E-13 0.664259318672266
vn -0.747502212409473 3.18306201522123E-13 0.664259318672266
vn -0.799194152127925 3.41042350646655E-13 0.601072963295245
vn -0.845559841856723 3.61216674551792E-13 0.53388065505245
vn -0.886290203279794 3.7850896918201E-13 0.463130300855236
vn -0.886290203279794 3.78963331212918E-13 0.463130300855236
vn -0.886290203279794 3.78963331212918E-13 0.463130300855236
vn -0.886290203279794 3.78963331212918E-13 0.463130300855236
vn -0.886290203279794 3.78963331212918E-13 0.463130300855236
vn -0.664259318672266 2.87411182798459E-13 -0.747502212409473
vn -0.87135486945294 3.75466798086088E-13 -0.490653331264194
vn -0.98359480026102 4.22540268756999E-13 -0.180391986793991
vn -0.988760696608407 4.23661046350596E-13 0.149506805338278
vn -0.886290203279794 3.78829215402566E-13 0.463130300855236
vn -0.886290203279794 3.7850896918201E-13 0.463130300855236
vn -0.988760696608407 4.23661046350596E-13 0.149506805338278
vn -0.98359480026102 4.227003783169E-13 -0.180391986793991
vn -0.87135486945294 3.75415406903614E-13 -0.490653331264194
vn -0.664259318672266 2.87564353461331E-13 -0.747502212409473
vn -0.87135486945294 3.75415406903614E-13 -0.490653331264194
vn -0.87135486945294 3.75466798086088E-13 -0.490653331264194
vn -0.664259318672266 2.87336969159291E-13 -0.747502212409473
vn -0.664259318672266 2.87336969159291E-13 -0.747502212409473
vn -0.664259318672266 2.87336969159291E-13 -0.747502212409473
vn -0.664259318672266 2.87336969159291E-13 -0.747502212409473
vn 0.564077097602776 -2.39209999638785E-13 -0.825722125148665
vn 0.264669057019034 -1.1031838944105E-13 -0.964339302453579
vn -0.0635508431621947 3.04216178148428E-14 -0.997978602142037
vn -0.384852591349225 1.68119466675144E-13 -0.922978051164699
vn -0.664259318672266 2.87404243904512E-13 -0.747502212409473
vn -0.664259318672266 2.87564353461331E-13 -0.747502212409473
vn -0.384852591349225 1.68119466675144E-13 -0.922978051164699
vn -0.0635508431621947 3.04216178148428E-14 -0.997978602142037
vn 0.264669057019034 -1.10478505770904E-13 -0.964339302453579
vn 0.564077097602776 -2.39530218760821E-13 -0.825722125148665
vn 0.564077097602776 -2.39584428871205E-13 -0.825722125148665
vn 0.564077097602776 -2.39584428871205E-13 -0.825722125148665
vn 0.564077097602776 -2.39584428871205E-13 -0.825722125148665
vn 0.564077097602776 -2.39584428871205E-13 -0.825722125148665
vn 0.564077097602776 -2.39209999638785E-13 -0.825722125148665
vn 0.564077097602776 -2.39530218760821E-13 -0.825722125148665
vn 0.629550624848685 -2.67390000878924E-13 -0.776959465321474
vn 0.6908284473851 -2.93968898581817E-13 -0.723018710880633
vn 0.747502212409473 -3.18306201522123E-13 -0.664259318672266
vn 0.747502212409473 -3.18466311078941E-13 -0.664259318672266
vn 0.6908284473851 -2.93968898581817E-13 -0.723018710880633
vn 0.629550624848685 -2.67550110431957E-13 -0.776959465321474
vn 0.747502212409473 -3.18792222254019E-13 -0.664259318672266
vn 0.747502212409473 -3.18792222254019E-13 -0.664259318672266
vn 0.747502212409473 -3.18792222254019E-13 -0.664259318672266
vn 0.747502212409473 -3.18792222254019E-13 -0.664259318672266
vn 4.28999988744821E-13 1 3.26943875618435E-15
vn 4.28999988744821E-13 1 3.26943875618435E-15
vn 4.28999988744821E-13 1 3.26943875618435E-15
vn 4.28999988744821E-13 1 3.26943875618435E-15
vn 4.28999988744821E-13 1 3.26943875618435E-15
vn 4.28999988744821E-13 1 3.26943875618435E-15
vn 4.28999988744821E-13 1 3.26943875618435E-15
vn 4.28999988744821E-13 1 3.26943875618435E-15
vn 4.28999988744821E-13 1 3.26943875618435E-15
vn 4.28999988744821E-13 1 3.26943875618435E-15
vn 4.28999988744821E-13 1 3.26943875618435E-15
vn 4.28999988744821E-13 1 3.26943875618435E-15
vn 4.28999988744821E-13 1 3.26943875618435E-15
vn 4.28999988744821E-13 1 3.26943875618435E-15
vn 4.28999988744821E-13 1 3.26943875618435E-15
vn 4.28999988744821E-13 1 3.26943875618435E-15
vn 4.28999988744821E-13 1 3.26943875618435E-15
vn 4.28999988744821E-13 1 3.26943875618435E-15
vn 4.28999988744821E-13 1 3.26943875618435E-15
vn 4.28999988744821E-13 1 3.26943875618435E-15
vn 4.28999988744821E-13 1 3.26943875618435E-15
vn 4.28999988744821E-13 1 3.26943875618435E-15
vn 4.28999988744821E-13 1 3.26943875618435E-15
vn 4.28999988744821E-13 1 3.26943875618435E-15
vn 4.28999988744821E-13 1 3.26943875618435E-15
vn 4.28999988744821E-13 1 3.26943875618435E-15
vn 4.28999988744821E-13 1 3.26943875618435E-15
vn 4.28999988744821E-13 1 3.26943875618435E-15
vn 4.28999988744821E-13 1 3.26943875618435E-15
vn 4.28999988744821E-13 1 3.26943875618435E-15
vn 4.28999988744821E-13 1 3.26943875618435E-15
vn 4.28999988744821E-13 1 3.26943875618435E-15
vn 4.28999988744821E-13 1 3.26943875618435E-15
vn 4.28999988744821E-13 1 3.26943875618435E-15
vn 4.28999988744821E-13 1 3.26943875618435E-15
vn 4.28999988744821E-13 1 3.26943875618435E-15
vn 4.28999988744821E-13 1 3.26943875618435E-15
vn 4.28999988744821E-13 1 3.26943875618435E-15
vn 4.28999988744821E-13 1 3.26943875618435E-15
vn 4.28999988744821E-13 1 3.26943875618435E-15
vn 4.28999988744821E-13 1 3.26943875618435E-15
vn 4.28999988744821E-13 1 3.26943875618435E-15
vn 4.28999988744821E-13 1 3.26943875618435E-15
vn 4.28999988744821E-13 1 3.26943875618435E-15
vn 4.28999988744821E-13 1 3.26943875618435E-15
vn 4.28999988744821E-13 1 3.26943875618435E-15
vn 4.28999988744821E-13 1 3.26943875618435E-15
vn 4.28999988744821E-13 1 3.26943875618435E-15
vn 4.28999988744821E-13 1 3.26943875618435E-15
vn 4.28999988744821E-13 1 3.26943875618435E-15
vn 4.28999988744821E-13 1 3.26943875618435E-15
vn 4.28999988744821E-13 1 3.26943875618435E-15
vn 4.28999988744821E-13 1 3.26943875618435E-15
vn 4.28999988744821E-13 1 3.26943875618435E-15
vn 4.28999988744821E-13 1 3.26943875618435E-15
vn 4.28999988744821E-13 1 3.26943875618435E-15
vn 4.28999988744821E-13 1 3.26943875618435E-15
vn 4.28999988744821E-13 1 3.26943875618435E-15
vn 4.28999988744821E-13 1 3.26943875618435E-15
vn 4.28999988744821E-13 1 3.26943875618435E-15
vn 4.28999988744821E-13 1 3.26943875618435E-15
vn 4.28999988744821E-13 1 3.26943875618435E-15
vn 4.28999988744821E-13 1 3.26943875618435E-15
vn 4.28999988744821E-13 1 3.26943875618435E-15
vn 4.28999988744821E-13 1 3.26943875618435E-15
vn 4.28999988744821E-13 1 3.26943875618435E-15
vn 4.28999988744821E-13 1 3.26943875618435E-15
vn 4.28999988744821E-13 1 3.26943875618435E-15
vn 4.28999988744821E-13 1 3.26943875618435E-15
vn 4.28999988744821E-13 1 3.26943875618435E-15
vn 4.28999988744821E-13 1 3.26943875618435E-15
vn 4.28999988744821E-13 1 3.26943875618435E-15
vn 4.28999988744821E-13 1 3.26943875618435E-15
vn 4.28999988744821E-13 1 3.26943875618435E-15
vn 4.28999988744821E-13 1 3.26943875618435E-15
vn 4.28999988744821E-13 1 3.26943875618435E-15
vn 4.28999988744821E-13 1 3.26943875618435E-15
vn 4.28999988744821E-13 1 3.26943875618435E-15
vn 4.28999988744821E-13 1 3.26943875618435E-15
vn 4.28999988744821E-13 1 3.26943875618435E-15
vn 4.28999988744821E-13 1 3.26943875618435E-15
vn 4.28999988744821E-13 1 3.26943875618435E-15
vn 4.28999988744821E-13 1 3.26943875618435E-15
vn 4.28999988744821E-13 1 3.26943875618435E-15
vn 4.28999988744821E-13 1 3.26943875618435E-15
vn 4.28999988744821E-13 1 3.26943875618435E-15
vn 4.28999988744821E-13 1 3.26943875618435E-15
vn 4.28999988744821E-13 1 3.26943875618435E-15
vn 4.28999988744821E-13 1 3.26943875618435E-15
vn 4.28999988744821E-13 1 3.26943875618435E-15
vn 4.28999988744821E-13 1 3.26943875618435E-15
vn 4.28999988744821E-13 1 3.26943875618435E-15
vn 4.28999988744821E-13 1 3.26943875618435E-15
vn 4.28999988744821E-13 1 3.26943875618435E-15
vn 4.28999988744821E-13 1 3.26943875618435E-15
vn 4.28999988744821E-13 1 3.26943875618435E-15
vn 4.28999988744821E-13 1 3.26943875618435E-15
vn 4.28999988744821E-13 1 3.26943875618435E-15
vn 4.28999988744821E-13 1 3.26943875618435E-15
vn 4.28999988744821E-13 1 3.26943875618435E-15
vn 4.28999988744821E-13 1 3.26943875618435E-15
vn 4.28999988744821E-13 1 3.26943875618435E-15
vn 4.28999988744821E-13 1 3.26943875618435E-15
vn 4.28999988744821E-13 1 3.26943875618435E-15
vn 4.28999988744821E-13 1 3.26943875618435E-15
vn 4.28999988744821E-13 1 3.26943875618435E-15
vn 4.28999988744821E-13 1 3.26943875618435E-15
vn 4.28999988744821E-13 1 3.26943875618435E-15
vn 4.28999988744821E-13 1 3.26943875618435E-15
vn 4.28999988744821E-13 1 3.26943875618435E-15
vn 4.28999988744821E-13 1 3.26943875618435E-15
vn 4.28999988744821E-13 1 3.26943875618435E-15
vn 4.28999988744821E-13 1 3.26943875618435E-15
vn 4.28999988744821E-13 1 3.26943875618435E-15
vn 4.28999988744821E-13 1 3.26943875618435E-15
vn 4.28999988744821E-13 1 3.26943875618435E-15
vn 4.28999988744821E-13 1 3.26943875618435E-15
vn 4.28999988744821E-13 1 3.26943875618435E-15
vn 4.28999988744821E-13 1 3.26943875618435E-15
vn 4.28999988744821E-13 1 3.26943875618435E-15
vn 4.28999988744821E-13 1 3.26943875618435E-15
vn 4.28999988744821E-13 1 3.26943875618435E-15
vn 4.28999988744821E-13 1 3.26943875618435E-15
vn 4.28999988744821E-13 1 3.26943875618435E-15
vn 4.28999988744821E-13 1 3.26943875618435E-15
vn 4.28999988744821E-13 1 3.26943875618435E-15
vn 4.28999988744821E-13 1 3.26943875618435E-15
vn 4.28999988744821E-13 1 3.26943875618435E-15
vn 4.28999988744821E-13 1 3.26943875618435E-15
vn 4.28999988744821E-13 1 3.26943875618435E-15
vn 4.28999988744821E-13 1 3.26943875618435E-15
vn 4.28999988744821E-13 1 3.26943875618435E-15
vn 4.28999988744821E-13 1 3.26943875618435E-15
vn 4.28999988744821E-13 1 3.26943875618435E-15
vn 4.28999988744821E-13 1 3.26943875618435E-15
vn 4.28999988744821E-13 1 3.26943875618435E-15
vn 4.28999988744821E-13 1 3.26943875618435E-15
vn 4.28999988744821E-13 1 3.26943875618435E-15
vn 4.28999988744821E-13 1 3.26943875618435E-15
vn 4.28999988744821E-13 1 3.26943875618435E-15
vn 4.28999988744821E-13 1 3.26943875618435E-15
vn 4.28999988744821E-13 1 3.26943875618435E-15
vn 4.28999988744821E-13 1 3.26943875618435E-15
vn 4.28999988744821E-13 1 3.26943875618435E-15
vn 4.28999988744821E-13 1 3.26943875618435E-15
vn 4.28999988744821E-13 1 3.26943875618435E-15
vn 4.28999988744821E-13 1 3.26943875618435E-15
vn 4.28999988744821E-13 1 3.26943875618435E-15
vn 4.28999988744821E-13 1 3.26943875618435E-15
vn 4.28999988744821E-13 1 3.26943875618435E-15
vn 4.28999988744821E-13 1 3.26943875618435E-15
vn 4.28999988744821E-13 1 3.26943875618435E-15
vn 4.28999988744821E-13 1 3.26943875618435E-15
vn 4.28999988744821E-13 1 3.26943875618435E-15
vn -4.28999988744821E-13 -1 -3.26943875618435E-15
vn -4.28999988744821E-13 -1 -3.26943875618435E-15
vn -4.28999988744821E-13 -1 -3.26943875618435E-15
vn -4.28999988744821E-13 -1 -3.26943875618435E-15
vn -4.28999988744821E-13 -1 -3.26943875618435E-15
vn -4.28999988744821E-13 -1 -3.26943875618435E-15
vn -4.28999988744821E-13 -1 -3.26943875618435E-15
vn -4.28999988744821E-13 -1 -3.26943875618435E-15
vn -4.28999988744821E-13 -1 -3.26943875618435E-15
vn -4.28999988744821E-13 -1 -3.26943875618435E-15
vn -4.28999988744821E-13 -1 -3.26943875618435E-15
vn -4.28999988744821E-13 -1 -3.26943875618435E-15
vn -4.28999988744821E-13 -1 -3.26943875618435E-15
vn -4.28999988744821E-13 -1 -3.26943875618435E-15
vn -4.28999988744821E-13 -1 -3.26943875618435E-15
vn -4.28999988744821E-13 -1 -3.26943875618435E-15
vn -4.28999988744821E-13 -1 -3.26943875618435E-15
vn -4.28999988744821E-13 -1 -3.26943875618435E-15
vn -4.28999988744821E-13 -1 -3.26943875618435E-15
vn -4.28999988744821E-13 -1 -3.26943875618435E-15
vn -4.28999988744821E-13 -1 -3.26943875618435E-15
vn -4.28999988744821E-13 -1 -3.26943875618435E-15
vn -4.28999988744821E-13 -1 -3.26943875618435E-15
vn -4.28999988744821E-13 -1 -3.26943875618435E-15
vn -4.28999988744821E-13 -1 -3.26943875618435E-15
vn -4.28999988744821E-13 -1 -3.26943875618435E-15
vn -4.28999988744821E-13 -1 -3.26943875618435E-15
vn -4.28999988744821E-13 -1 -3.26943875618435E-15
vn -4.28999988744821E-13 -1 -3.26943875618435E-15
vn -4.28999988744821E-13 -1 -3.26943875618435E-15
vn -4.28999988744821E-13 -1 -3.26943875618435E-15
vn -4.28999988744821E-13 -1 -3.26943875618435E-15
vn -4.28999988744821E-13 -1 -3.26943875618435E-15
vn -4.28999988744821E-13 -1 -3.26943875618435E-15
vn -4.28999988744821E-13 -1 -3.26943875618435E-15
vn -4.28999988744821E-13 -1 -3.26943875618435E-15
vn -4.28999988744821E-13 -1 -3.26943875618435E-15
vn -4.28999988744821E-13 -1 -3.26943875618435E-15
vn -4.28999988744821E-13 -1 -3.26943875618435E-15
vn -4.28999988744821E-13 -1 -3.26943875618435E-15
vn -4.28999988744821E-13 -1 -3.26943875618435E-15
vn -4.28999988744821E-13 -1 -3.26943875618435E-15
vn -4.28999988744821E-13 -1 -3.26943875618435E-15
vn -4.28999988744821E-13 -1 -3.26943875618435E-15
vn -4.28999988744821E-13 -1 -3.26943875618435E-15
vn -4.28999988744821E-13 -1 -3.26943875618435E-15
vn -4.28999988744821E-13 -1 -3.26943875618435E-15
vn -4.28999988744821E-13 -1 -3.26943875618435E-15
vn -4.28999988744821E-13 -1 -3.26943875618435E-15
vn -4.28999988744821E-13 -1 -3.26943875618435E-15
vn -4.28999988744821E-13 -1 -3.26943875618435E-15
vn -4.28999988744821E-13 -1 -3.26943875618435E-15
vn -4.28999988744821E-13 -1 -3.26943875618435E-15
vn -4.28999988744821E-13 -1 -3.26943875618435E-15
vn -4.28999988744821E-13 -1 -3.26943875618435E-15
vn -4.28999988744821E-13 -1 -3.26943875618435E-15
vn -4.28999988744821E-13 -1 -3.26943875618435E-15
vn -4.28999988744821E-13 -1 -3.26943875618435E-15
vn -4.28999988744821E-13 -1 -3.26943875618435E-15
vn -4.28999988744821E-13 -1 -3.26943875618435E-15
vn -4.28999988744821E-13 -1 -3.26943875618435E-15
vn -4.28999988744821E-13 -1 -3.26943875618435E-15
vn -4.28999988744821E-13 -1 -3.26943875618435E-15
vn -4.28999988744821E-13 -1 -3.26943875618435E-15
vn -4.28999988744821E-13 -1 -3.26943875618435E-15
vn -4.28999988744821E-13 -1 -3.26943875618435E-15
vn -4.28999988744821E-13 -1 -3.26943875618435E-15
vn -4.28999988744821E-13 -1 -3.26943875618435E-15
vn -4.28999988744821E-13 -1 -3.26943875618435E-15
vn -4.28999988744821E-13 -1 -3.26943875618435E-15
vn -4.28999988744821E-13 -1 -3.26943875618435E-15
vn -4.28999988744821E-13 -1 -3.26943875618435E-15
vn -4.28999988744821E-13 -1 -3.26943875618435E-15
vn -4.28999988744821E-13 -1 -3.26943875618435E-15
vn -4.28999988744821E-13 -1 -3.26943875618435E-15
vn -4.28999988744821E-13 -1 -3.26943875618435E-15
vn -4.28999988744821E-13 -1 -3.26943875618435E-15
vn -4.28999988744821E-13 -1 -3.26943875618435E-15
vn -4.28999988744821E-13 -1 -3.26943875618435E-15
vn -4.28999988744821E-13 -1 -3.26943875618435E-15
vn -4.28999988744821E-13 -1 -3.26943875618435E-15
vn -4.28999988744821E-13 -1 -3.26943875618435E-15
vn -4.28999988744821E-13 -1 -3.26943875618435E-15
vn -4.28999988744821E-13 -1 -3.26943875618435E-15
vn -4.28999988744821E-13 -1 -3.26943875618435E-15
vn -4.28999988744821E-13 -1 -3.26943875618435E-15
vn -4.28999988744821E-13 -1 -3.26943875618435E-15
vn -4.28999988744821E-13 -1 -3.26943875618435E-15
vn -4.28999988744821E-13 -1 -3.26943875618435E-15
vn -4.28999988744821E-13 -1 -3.26943875618435E-15
vn -4.28999988744821E-13 -1 -3.26943875618435E-15
vn -4.28999988744821E-13 -1 -3.26943875618435E-15
vn -4.28999988744821E-13 -1 -3.26943875618435E-15
vn -4.28999988744821E-13 -1 -3.26943875618435E-15
vn -4.28999988744821E-13 -1 -3.26943875618435E-15
vn -4.28999988744821E-13 -1 -3.26943875618435E-15
vn -4.28999988744821E-13 -1 -3.26943875618435E-15
vn -4.28999988744821E-13 -1 -3.26943875618435E-15
vn -4.28999988744821E-13 -1 -3.26943875618435E-15
vn -4.28999988744821E-13 -1 -3.26943875618435E-15
vn -4.28999988744821E-13 -1 -3.26943875618435E-15
vn -4.28999988744821E-13 -1 -3.26943875618435E-15
vn -4.28999988744821E-13 -1 -3.26943875618435E-15
vn -4.28999988744821E-13 -1 -3.26943875618435E-15
vn -4.28999988744821E-13 -1 -3.26943875618435E-15
vn -4.28999988744821E-13 -1 -3.26943875618435E-15
vn -4.28999988744821E-13 -1 -3.26943875618435E-15
vn -4.28999988744821E-13 -1 -3.26943875618435E-15
vn -4.28999988744821E-13 -1 -3.26943875618435E-15
vn -4.28999988744821E-13 -1 -3.26943875618435E-15
vn -4.28999988744821E-13 -1 -3.26943875618435E-15
vn -4.28999988744821E-13 -1 -3.26943875618435E-15
vn -4.28999988744821E-13 -1 -3.26943875618435E-15
vn 0.695853485200898 -2.96429553302373E-13 -0.718183769751004
vn 0.459902893115282 -1.94289033761797E-13 -0.887969216191752
vn 0.185090589367818 -7.60502783474541E-14 -0.98272146294231
vn -0.105361820694759 4.82947022255113E-14 -0.99443395292995
vn -0.386911180462267 1.68753898376375E-13 -0.922116987390047
vn -0.635766622859959 2.7533530900512E-13 -0.77188133884506
vn -0.830899919877543 3.58046936490275E-13 -0.556421893123818
vn -0.830899919877543 3.58275269474846E-13 -0.556421893123818
vn -0.635766622859959 2.75267492159503E-13 -0.77188133884506
vn -0.386911180462267 1.68999700559414E-13 -0.922116987390047
vn -0.105361820694759 4.84514609211176E-14 -0.99443395292995
vn 0.185090589367818 -7.61909129238989E-14 -0.98272146294231
vn 0.459902893115282 -1.94395177156916E-13 -0.887969216191752
vn 0.695853485200898 -2.96173085273517E-13 -0.718183769751004
vn -0.830899919877543 3.58275269474846E-13 -0.556421893123818
vn -0.830899919877543 3.58275269474846E-13 -0.556421893123818
vn -0.830899919877543 3.58275269474846E-13 -0.556421893123818
vn -0.830899919877543 3.58275269474846E-13 -0.556421893123818
vn -0.830899919877543 3.58046936490275E-13 -0.556421893123818
vn -0.954546931774395 4.10782520560975E-13 -0.29806065664574
vn -0.999883761314549 4.28823639132213E-13 -0.0152467655412467
vn -0.963191010658929 4.12170288584477E-13 0.268817925343215
vn -0.84747891177417 3.62210255626177E-13 0.530829062974201
vn -0.66224039894885 2.81719098003193E-13 0.74929143462345
vn -0.66224039894885 2.81651362471144E-13 0.74929143462345
vn -0.84747891177417 3.61832926171513E-13 0.530829062974201
vn -0.963191010658929 4.12330045770985E-13 0.268817925343215
vn -0.999883761314549 4.2899998461387E-13 -0.0152467655412467
vn -0.954546931774395 4.10475122138936E-13 -0.29806065664574
vn -0.830899919877543 3.58275269474846E-13 -0.556421893123818
vn -0.66224039894885 2.8182583770916E-13 0.74929143462345
vn -0.871381698947293 3.72138219296051E-13 0.490605681520026
vn -0.98409729222302 4.21457732161889E-13 0.17763028863153
vn -0.987914250368669 4.24233287953085E-13 -0.15500139973081
vn -0.882410193054579 3.80037889932866E-13 -0.470480872292785
vn -0.679260021545558 2.93782091120088E-13 -0.733897692549805
vn -0.400944033646843 1.75073636961949E-13 -0.916102549872556
vn -0.0782602117926358 3.67227604318292E-14 -0.996932966277157
vn 0.253083767714319 -1.05471188259384E-13 -0.967444368694926
vn 0.556421893123818 -2.35922400012972E-13 -0.830899919877543
vn 0.556421893123818 -2.35988427927314E-13 -0.830899919877543
vn 0.253083767714319 -1.05409937612368E-13 -0.967444368694926
vn -0.0782602117926358 3.68330407315359E-14 -0.996932966277157
vn -0.400944033646843 1.75000141605473E-13 -0.916102549872556
vn -0.679260021545558 2.93801986230131E-13 -0.733897692549805
vn -0.882410193054579 3.80092181358155E-13 -0.470480872292785
vn -0.987914250368669 4.24321975689553E-13 -0.15500139973081
vn -0.98409729222302 4.21596970824513E-13 0.17763028863153
vn -0.871381698947293 3.72218748412311E-13 0.490605681520026
vn -0.66224039894885 2.81651362471144E-13 0.74929143462345
vn 0.556421893123818 -2.35978859842846E-13 -0.830899919877543
vn 0.785950838718043 -3.35159715394269E-13 -0.618288993204961
vn 0.938545486053352 -4.01494357640499E-13 -0.345155574500654
vn 0.999268738462438 -4.28560383812725E-13 -0.0382359560059386
vn 0.962176609429882 -4.13696985118635E-13 0.272426452948344
vn 0.830899919877543 -3.58280527855545E-13 0.556421893123818
vn 0.830899919877543 -3.58275269474846E-13 0.556421893123818
vn 0.962176609429882 -4.13664431948797E-13 0.272426452948344
vn 0.999268738462438 -4.28561278279542E-13 -0.0382359560059386
vn 0.938545486053352 -4.01507557802238E-13 -0.345155574500654
vn 0.785950838718043 -3.35151448352712E-13 -0.618288993204961
vn 0.556421893123818 -2.35988427927314E-13 -0.830899919877543
vn 0.830899919877543 -3.58275269474846E-13 0.556421893123818
vn 0.830899919877543 -3.58275269474846E-13 0.556421893123818
vn 0.830899919877543 -3.58275269474846E-13 0.556421893123818
vn 0.830899919877543 -3.58275269474846E-13 0.556421893123818
vn 0.830899919877543 -3.58299257448653E-13 0.556421893123818
vn 0.946600276875586 -4.06997685712429E-13 0.322409546724449
vn 0.997791385459626 -4.28192817018981E-13 0.0664255305026553
vn 0.980984660539701 -4.20118463921596E-13 -0.194085279673155
vn 0.980984660539701 -4.20207856388233E-13 -0.194085279673155
vn 0.997791385459626 -4.28269659846105E-13 0.0664255305026553
vn 0.946600276875586 -4.0714562510176E-13 0.322409546724449
vn 0.830899919877543 -3.58275269474846E-13 0.556421893123818
vn 0.980984660539701 -4.20416456880422E-13 -0.194085279673155
vn 0.980984660539701 -4.20416456880422E-13 -0.194085279673155
vn 0.980984660539701 -4.20416456880422E-13 -0.194085279673155
vn 0.980984660539701 -4.20416456880422E-13 -0.194085279673155
vn 0.980984660539701 -4.20118463921596E-13 -0.194085279673155
vn 0.897325450278488 -3.83531582890519E-13 -0.441369500852188
vn 0.752515003763379 -3.20450718276009E-13 -0.658575105140637
vn 0.556421893123818 -2.35922400012972E-13 -0.830899919877543
vn 0.556421893123818 -2.35988427927314E-13 -0.830899919877543
vn 0.752515003763379 -3.20675744432655E-13 -0.658575105140637
vn 0.897325450278488 -3.83509573586562E-13 -0.441369500852188
vn 0.980984660539701 -4.20207856388233E-13 -0.194085279673155
vn 0.556421893123818 -2.3628343934755E-13 -0.830899919877543
vn 0.556421893123818 -2.3628343934755E-13 -0.830899919877543
vn 0.556421893123818 -2.3628343934755E-13 -0.830899919877543
vn 0.556421893123818 -2.3628343934755E-13 -0.830899919877543
vn 0.263197545623044 -1.1003725918873E-13 -0.964741961344071
vn 0.263197545623044 -1.1003725918873E-13 -0.964741961344071
vn 0.263197545623044 -1.1003725918873E-13 -0.964741961344071
vn 0.263197545623044 -1.1003725918873E-13 -0.964741961344071
vn 0.761916476594884 -3.25028477524044E-13 -0.647675291093645
vn 0.761916476594884 -3.25028477524044E-13 -0.647675291093645
vn 0.761916476594884 -3.25028477524044E-13 -0.647675291093645
vn 0.761916476594884 -3.25028477524044E-13 -0.647675291093645
vn 0.915160420334505 -3.91534977287178E-13 -0.403089822562133
vn 0.915160420334505 -3.91534977287178E-13 -0.403089822562133
vn 0.915160420334505 -3.91534977287178E-13 -0.403089822562133
vn 0.915160420334505 -3.91534977287178E-13 -0.403089822562133
vn -0.847437227835559 3.65295288486168E-13 -0.530895606384516
vn -0.847437227835559 3.65295288486168E-13 -0.530895606384516
vn -0.847437227835559 3.65295288486168E-13 -0.530895606384516
vn -0.847437227835559 3.65295288486168E-13 -0.530895606384516
vn -0.85775989507941 3.66565150459183E-13 0.514050544590082
vn -0.85775989507941 3.66565150459183E-13 0.514050544590082
vn -0.85775989507941 3.66565150459183E-13 0.514050544590082
vn -0.85775989507941 3.66565150459183E-13 0.514050544590082
vn -0.85775989507941 3.66373599039882E-13 0.514050544590082
vn -0.980153664541074 4.20496964010056E-13 0.198239233974266
vn -0.990107127459981 4.24660310511864E-13 -0.140313492412333
vn -0.886478448355677 3.81639175169186E-13 -0.462769878666396
vn -0.681155605771985 2.95596873261706E-13 -0.732138675884153
vn -0.681155605771985 2.94609436156648E-13 -0.732138675884153
vn -0.886478448355677 3.81812268050765E-13 -0.462769878666396
vn -0.990107127459981 4.25214717297455E-13 -0.140313492412333
vn -0.980153664541074 4.19837796204533E-13 0.198239233974266
vn -0.85775989507941 3.66298328303869E-13 0.514050544590082
vn -0.681155605771985 2.94541781942697E-13 -0.732138675884153
vn -0.681155605771985 2.94541781942697E-13 -0.732138675884153
vn -0.681155605771985 2.94541781942697E-13 -0.732138675884153
vn -0.681155605771985 2.94541781942697E-13 -0.732138675884153
vn -0.681155605771985 2.95596873261706E-13 -0.732138675884153
vn -0.397692632649876 1.73472352786521E-13 -0.91751870277178
vn -0.0686075401435762 3.19189125186115E-14 -0.997643726705805
vn 0.268348006657239 -1.12410080515673E-13 -0.963322037183353
vn 0.574519456925026 -2.44249066051895E-13 -0.818490924576793
vn 0.574519456925026 -2.43792833776528E-13 -0.818490924576793
vn 0.268348006657239 -1.11971771461492E-13 -0.963322037183353
vn -0.0686075401435762 3.26943711954433E-14 -0.997643726705805
vn -0.397692632649876 1.7360991094127E-13 -0.91751870277178
vn -0.681155605771985 2.94609436156648E-13 -0.732138675884153
vn 0.574519456925026 -2.44087790978319E-13 -0.818490924576793
vn 0.574519456925026 -2.44087790978319E-13 -0.818490924576793
vn 0.574519456925026 -2.44087790978319E-13 -0.818490924576793
vn 0.574519456925026 -2.44087790978319E-13 -0.818490924576793
vn 0.574519456925026 -2.44249066051895E-13 -0.818490924576793
vn 0.259931318658988 -1.08246741880284E-13 -0.96562710690007
vn -0.086008375229898 4.02455836397458E-14 -0.996294414011397
vn -0.421574210699508 1.83186801470174E-13 -0.906793904298594
vn -0.706291933940123 3.05313752747371E-13 -0.70792069050927
vn -0.90582046528801 3.89982090253716E-13 -0.423661757378942
vn -0.90582046528801 3.89982090253716E-13 -0.423661757378942
vn -0.706291933940123 3.05313752747371E-13 -0.70792069050927
vn -0.421574210699508 1.83820043309862E-13 -0.906793904298594
vn -0.086008375229898 4.01549172353311E-14 -0.996294414011397
vn 0.259931318658988 -1.08353474804923E-13 -0.96562710690007
vn 0.574519456925026 -2.43792833776528E-13 -0.818490924576793
vn -0.90582046528801 3.90026949117432E-13 -0.423661757378942
vn -0.90582046528801 3.90026949117432E-13 -0.423661757378942
vn -0.90582046528801 3.90026949117432E-13 -0.423661757378942
vn -0.90582046528801 3.90026949117432E-13 -0.423661757378942
vn -0.90582046528801 3.89965827221554E-13 -0.423661757378942
vn -0.990107127459981 4.25122912477723E-13 -0.140313492412333
vn -0.987867849658537 4.23272535625739E-13 0.155296849971329
vn -0.899298314211545 3.84414723957107E-13 0.437335731511014
vn -0.732138675884153 3.11787616283276E-13 0.681155605771985
vn -0.732138675884153 3.11860474667531E-13 0.681155605771985
vn -0.899298314211545 3.84369133255555E-13 0.437335731511014
vn -0.987867849658537 4.23287578931149E-13 0.155296849971329
vn -0.990107127459981 4.25214717297455E-13 -0.140313492412333
vn -0.90582046528801 3.89982090253716E-13 -0.423661757378942
vn -0.732138675884153 3.1214762560607E-13 0.681155605771985
vn -0.732138675884153 3.1214762560607E-13 0.681155605771985
vn -0.732138675884153 3.1214762560607E-13 0.681155605771985
vn -0.732138675884153 3.1214762560607E-13 0.681155605771985
vn -0.732138675884153 3.11787616283276E-13 0.681155605771985
vn -0.512282501563809 2.16956082799415E-13 0.858816999477494
vn -0.251494860246976 1.0454600605488E-13 0.967858633928196
vn 0.0293873379156159 -1.57281599885066E-14 0.999568098915844
vn 0.30792146715535 -1.3553973120206E-13 0.951411777341912
vn 0.30792146715535 -1.35208886911336E-13 0.951411777341912
vn 0.0293873379156159 -1.58751947428972E-14 0.999568098915844
vn -0.251494860246976 1.04726939072675E-13 0.967858633928196
vn -0.512282501563809 2.1696135473259E-13 0.858816999477494
vn -0.732138675884153 3.11860474667531E-13 0.681155605771985
vn 0.30792146715535 -1.35026225951546E-13 0.951411777341912
vn 0.30792146715535 -1.35026225951546E-13 0.951411777341912
vn 0.30792146715535 -1.35026225951546E-13 0.951411777341912
vn 0.30792146715535 -1.35026225951546E-13 0.951411777341912
vn 0.30792146715535 -1.35308430222632E-13 0.951411777341912
vn 0.519032072469075 -2.25514056816727E-13 0.854754764683097
vn 0.702161495913605 -3.03576610456114E-13 0.712017720043798
vn 0.847437227835559 -3.65332774777384E-13 0.530895606384516
vn 0.847437227835559 -3.65286316712927E-13 0.530895606384516
vn 0.702161495913605 -3.03555170358E-13 0.712017720043798
vn 0.519032072469075 -2.25459331710873E-13 0.854754764683097
vn 0.30792146715535 -1.35208886911336E-13 0.951411777341912
vn 0.847437227835559 -3.65295288486168E-13 0.530895606384516
vn 0.847437227835559 -3.65295288486168E-13 0.530895606384516
vn 0.847437227835559 -3.65295288486168E-13 0.530895606384516
vn 0.847437227835559 -3.65295288486168E-13 0.530895606384516
vn 0.847437227835559 -3.65286316712927E-13 0.530895606384516
vn 0.636603344083544 -2.75634219742894E-13 0.771191404452649
vn 0.360713034270707 -1.57779767722084E-13 0.93267685020441
vn 0.0479603868995514 -2.36989914381541E-14 0.998849238518229
vn -0.269693489217147 1.12516832569755E-13 0.962946219616589
vn -0.55978656414845 2.37416913761045E-13 0.828636833962185
vn -0.792673363082666 3.38191015331018E-13 0.609646569299964
vn -0.944554508369145 4.04163871696558E-13 0.328354656917674
vn -0.999908773199806 4.28930394938298E-13 0.0135072305843582
vn -0.999908773199806 4.28916706885488E-13 0.0135072305843582
vn -0.944554508369145 4.04140344509399E-13 0.328354656917674
vn -0.792673363082666 3.38063675783659E-13 0.609646569299964
vn -0.55978656414845 2.37439248326038E-13 0.828636833962185
vn -0.269693489217147 1.12550205667304E-13 0.962946219616589
vn 0.0479603868995514 -2.38406814191072E-14 0.998849238518229
vn 0.360713034270707 -1.57795217603016E-13 0.93267685020441
vn 0.636603344083544 -2.75624190872977E-13 0.771191404452649
vn 0.847437227835559 -3.65286316712927E-13 0.530895606384516
vn 0.636603344083544 -2.75634219742894E-13 0.771191404452649
vn 0.636603344083544 -2.75624190872977E-13 0.771191404452649
vn -0.999908773199806 4.28917682667471E-13 0.0135072305843582
vn -0.986917600044874 4.2285897994403E-13 0.161225465487514
vn -0.952224649177938 4.07497891826352E-13 0.305398456934467
vn -0.896592802609365 3.83188573823874E-13 0.442855897904819
vn -0.821245374393995 3.50453038795803E-13 0.570575179127577
vn -0.727839203488898 3.09999653984603E-13 0.685747835479374
vn -0.618428229332322 2.62741894892782E-13 0.78584128497101
vn -0.495418396403365 2.09705095370661E-13 0.868654483960751
vn -0.361514604300602 1.5202641109198E-13 0.932366446670717
vn -0.2196612474283 9.10480648071621E-14 0.975576207365802
vn -0.2196612474283 9.10450900274958E-14 0.975576207365802
vn -0.361514604300602 1.52041440844853E-13 0.932366446670717
vn -0.495418396403365 2.09694483741965E-13 0.868654483960751
vn -0.618428229332322 2.62736473881928E-13 0.78584128497101
vn -0.727839203488898 3.10001009237267E-13 0.685747835479374
vn -0.821245374393995 3.50448810407319E-13 0.570575179127577
vn -0.896592802609365 3.83190416967581E-13 0.442855897904819
vn -0.952224649177938 4.07505887817183E-13 0.305398456934467
vn -0.986917600044874 4.22860524932102E-13 0.161225465487514
vn -0.999908773199806 4.28916706885488E-13 0.0135072305843582
vn -0.2196612474283 9.10471771166466E-14 0.975576207365802
vn 0.0814325976312518 -3.82270009338966E-14 0.996678851006194
vn 0.375107713882588 -1.64013053185491E-13 0.926981231193911
vn 0.634609461549969 -2.74707638675692E-13 0.772832990568634
vn 0.836296478746001 -3.60558200088186E-13 0.548277484160201
vn 0.961794516632643 -4.13520762063496E-13 0.273772364886195
vn 0.999670363181184 -4.28754596766394E-13 -0.0256742084045575
vn 0.94647340767634 -4.04978400280955E-13 -0.322781797134746
vn 0.807050062635985 -3.44327762099312E-13 -0.590483019568939
vn 0.807050062635985 -3.44293934990971E-13 -0.590483019568939
vn 0.94647340767634 -4.04981761307648E-13 -0.322781797134746
vn 0.999670363181184 -4.28774627401067E-13 -0.0256742084045575
vn 0.961794516632643 -4.13504932711432E-13 0.273772364886195
vn 0.836296478746001 -3.60563729519133E-13 0.548277484160201
vn 0.634609461549969 -2.74774181584104E-13 0.772832990568634
vn 0.375107713882588 -1.63951917734139E-13 0.926981231193911
vn 0.0814325976312518 -3.8193167049111E-14 0.996678851006194
vn -0.2196612474283 9.10450900274958E-14 0.975576207365802
vn 0.807050062635985 -3.44253250303777E-13 -0.590483019568939
vn 0.772411050157581 -3.29282066767628E-13 -0.635122956280485
vn 0.735306008123732 -3.13217462541282E-13 -0.677735253928215
vn 0.695853485200898 -2.96143594973855E-13 -0.718183769751004
vn 0.695853485200898 -2.96173085273517E-13 -0.718183769751004
vn 0.735306008123732 -3.13230472967062E-13 -0.677735253928215
vn 0.772411050157581 -3.2928784014421E-13 -0.635122956280485
vn 0.807050062635985 -3.44293934990971E-13 -0.590483019568939
vn -0.973613592907749 4.17149891421039E-13 0.228202917828111
vn -0.973613592907749 4.17149891421039E-13 0.228202917828111
vn -0.973613592907749 4.17149891421039E-13 0.228202917828111
vn -0.973613592907749 4.17149891421039E-13 0.228202917828111
vn 0.0382359560059386 -1.94289034724154E-14 0.999268738462438
vn -0.301682852170262 1.26089606001315E-13 0.953408336813988
vn -0.606109274789296 2.57333846288116E-13 0.79538138462903
vn -0.839228168049814 3.58443451611378E-13 0.543779442376919
vn -0.973613592907749 4.16730142561557E-13 0.228202917828111
vn -0.973613592907749 4.16934135194675E-13 0.228202917828111
vn -0.839228168049814 3.58251032827418E-13 0.543779442376919
vn -0.606109274789296 2.5742044693854E-13 0.79538138462903
vn -0.301682852170262 1.26304833679738E-13 0.953408336813988
vn 0.0382359560059386 -1.96702739877918E-14 0.999268738462438
vn 0.0382359560059386 -1.94316055075924E-14 0.999268738462438
vn 0.0382359560059386 -1.94316055075924E-14 0.999268738462438
vn 0.0382359560059386 -1.94316055075924E-14 0.999268738462438
vn 0.0382359560059386 -1.94316055075924E-14 0.999268738462438
vn 0.88451009497825 -3.8098007609956E-13 0.466521051916811
vn 0.671608024207129 -2.90640528538716E-13 0.740906648519634
vn 0.377700087906483 -1.65343933737539E-13 0.925927990502196
vn 0.0382359560059386 -1.94289034724154E-14 0.999268738462438
vn 0.0382359560059386 -1.96702739877918E-14 0.999268738462438
vn 0.377700087906483 -1.65060604606691E-13 0.925927990502196
vn 0.671608024207129 -2.90542191402637E-13 0.740906648519634
vn 0.88451009497825 -3.8098007609956E-13 0.466521051916811
vn 0.671608024207129 -2.90542191402637E-13 0.740906648519634
vn 0.671608024207129 -2.90640528538716E-13 0.740906648519634
vn 0.88451009497825 -3.81010921651196E-13 0.466521051916811
vn 0.88451009497825 -3.81010921651196E-13 0.466521051916811
vn 0.88451009497825 -3.81010921651196E-13 0.466521051916811
vn 0.88451009497825 -3.81010921651196E-13 0.466521051916811
vn 4.28999988744821E-13 1 3.26943875618435E-15
vn 4.28999988744821E-13 1 3.26943875618435E-15
vn 4.28999988744821E-13 1 3.26943875618435E-15
vn 4.28999988744821E-13 1 3.26943875618435E-15
vn 4.28999988744821E-13 1 3.26943875618435E-15
vn 4.28999988744821E-13 1 3.26943875618435E-15
vn 4.28999988744821E-13 1 3.26943875618435E-15
vn 4.28999988744821E-13 1 3.26943875618435E-15
vn 4.28999988744821E-13 1 3.26943875618435E-15
vn 4.28999988744821E-13 1 3.26943875618435E-15
vn 4.28999988744821E-13 1 3.26943875618435E-15
vn 4.28999988744821E-13 1 3.26943875618435E-15
vn 4.28999988744821E-13 1 3.26943875618435E-15
vn 4.28999988744821E-13 1 3.26943875618435E-15
vn 4.28999988744821E-13 1 3.26943875618435E-15
vn 4.28999988744821E-13 1 3.26943875618435E-15
vn 4.28999988744821E-13 1 3.26943875618435E-15
vn 4.28999988744821E-13 1 3.26943875618435E-15
vn 4.28999988744821E-13 1 3.26943875618435E-15
vn 4.28999988744821E-13 1 3.26943875618435E-15
vn -4.28999988744821E-13 -1 -3.26943875618435E-15
vn -4.28999988744821E-13 -1 -3.26943875618435E-15
vn -4.28999988744821E-13 -1 -3.26943875618435E-15
vn -4.28999988744821E-13 -1 -3.26943875618435E-15
vn -4.28999988744821E-13 -1 -3.26943875618435E-15
vn -4.28999988744821E-13 -1 -3.26943875618435E-15
vn -4.28999988744821E-13 -1 -3.26943875618435E-15
vn -4.28999988744821E-13 -1 -3.26943875618435E-15
vn -4.28999988744821E-13 -1 -3.26943875618435E-15
vn -4.28999988744821E-13 -1 -3.26943875618435E-15
vn -4.28999988744821E-13 -1 -3.26943875618435E-15
vn -4.28999988744821E-13 -1 -3.26943875618435E-15
vn -4.28999988744821E-13 -1 -3.26943875618435E-15
vn -4.28999988744821E-13 -1 -3.26943875618435E-15
vn -4.28999988744821E-13 -1 -3.26943875618435E-15
vn -4.28999988744821E-13 -1 -3.26943875618435E-15
vn -4.28999988744821E-13 -1 -3.26943875618435E-15
vn -4.28999988744821E-13 -1 -3.26943875618435E-15
vn -4.28999988744821E-13 -1 -3.26943875618435E-15
vn -4.28999988744821E-13 -1 -3.26943875618435E-15
vn -0.747502212409473 3.18792222254019E-13 0.664259318672266
vn -0.747502212409473 3.18792222254019E-13 0.664259318672266
vn -0.747502212409473 3.18792222254019E-13 0.664259318672266
vn -0.747502212409473 3.18792222254019E-13 0.664259318672266
vn -0.747502212409473 3.18466311078941E-13 0.664259318672266
vn -0.799194152127925 3.40882241091834E-13 0.601072963295245
vn -0.845559841856723 3.61056564994754E-13 0.53388065505245
vn -0.886290203279794 3.78829215402566E-13 0.463130300855236
vn -0.886290203279794 3.7850896918201E-13 0.463130300855236
vn -0.845559841856723 3.61216674551792E-13 0.53388065505245
vn -0.799194152127925 3.41042350646655E-13 0.601072963295245
vn -0.747502212409473 3.18306201522123E-13 0.664259318672266
vn -0.886290203279794 3.78963331212918E-13 0.463130300855236
vn -0.886290203279794 3.78963331212918E-13 0.463130300855236
vn -0.886290203279794 3.78963331212918E-13 0.463130300855236
vn -0.886290203279794 3.78963331212918E-13 0.463130300855236
vn -0.886290203279794 3.78829215402566E-13 0.463130300855236
vn -0.988760696608407 4.23661046350596E-13 0.149506805338278
vn -0.98359480026102 4.22540268756999E-13 -0.180391986793991
vn -0.87135486945294 3.75415406903614E-13 -0.490653331264194
vn -0.664259318672266 2.87411182798459E-13 -0.747502212409473
vn -0.664259318672266 2.87411182798459E-13 -0.747502212409473
vn -0.87135486945294 3.75306688531828E-13 -0.490653331264194
vn -0.98359480026102 4.227003783169E-13 -0.180391986793991
vn -0.988760696608407 4.23661046350596E-13 0.149506805338278
vn -0.886290203279794 3.7850896918201E-13 0.463130300855236
vn -0.664259318672266 2.87336969159291E-13 -0.747502212409473
vn -0.664259318672266 2.87336969159291E-13 -0.747502212409473
vn -0.664259318672266 2.87336969159291E-13 -0.747502212409473
vn -0.664259318672266 2.87336969159291E-13 -0.747502212409473
vn -0.664259318672266 2.87404243904512E-13 -0.747502212409473
vn -0.384852591349225 1.68119466675144E-13 -0.922978051164699
vn -0.0635508431621947 3.04216178148428E-14 -0.997978602142037
vn 0.264669057019034 -1.1031838944105E-13 -0.964339302453579
vn 0.564077097602776 -2.39209999638785E-13 -0.825722125148665
vn 0.564077097602776 -2.39530218760821E-13 -0.825722125148665
vn 0.264669057019034 -1.10478505770904E-13 -0.964339302453579
vn -0.0635508431621947 3.04216178148428E-14 -0.997978602142037
vn -0.384852591349225 1.68119466675144E-13 -0.922978051164699
vn -0.664259318672266 2.87564353461331E-13 -0.747502212409473
vn 0.564077097602776 -2.39584428871205E-13 -0.825722125148665
vn 0.564077097602776 -2.39584428871205E-13 -0.825722125148665
vn 0.564077097602776 -2.39584428871205E-13 -0.825722125148665
vn 0.564077097602776 -2.39584428871205E-13 -0.825722125148665
vn 0.564077097602776 -2.39530218760821E-13 -0.825722125148665
vn 0.564077097602776 -2.39209999638785E-13 -0.825722125148665
vn 0.629550624848685 -2.67550110431957E-13 -0.776959465321474
vn 0.6908284473851 -2.93968898581817E-13 -0.723018710880633
vn 0.747502212409473 -3.18466311078941E-13 -0.664259318672266
vn 0.747502212409473 -3.18306201522123E-13 -0.664259318672266
vn 0.6908284473851 -2.93968898581817E-13 -0.723018710880633
vn 0.629550624848685 -2.67390000878924E-13 -0.776959465321474
vn 0.747502212409473 -3.18792222254019E-13 -0.664259318672266
vn 0.747502212409473 -3.18792222254019E-13 -0.664259318672266
vn 0.747502212409473 -3.18792222254019E-13 -0.664259318672266
vn 0.747502212409473 -3.18792222254019E-13 -0.664259318672266
vn -0.664259318672266 2.87336969159291E-13 -0.747502212409473
vn -0.664259318672266 2.87336969159291E-13 -0.747502212409473
vn -0.664259318672266 2.87336969159291E-13 -0.747502212409473
vn -0.664259318672266 2.87336969159291E-13 -0.747502212409473
vn -0.664259318672266 2.87336969159291E-13 -0.747502212409473
vn -0.664259318672266 2.87336969159291E-13 -0.747502212409473
vn -0.664259318672266 2.87336969159291E-13 -0.747502212409473
vn -0.664259318672266 2.87336969159291E-13 -0.747502212409473
vn -0.664259318672266 2.87336969159291E-13 -0.747502212409473
vn -0.664259318672266 2.87336969159291E-13 -0.747502212409473
vn -0.664259318672266 2.87336969159291E-13 -0.747502212409473
vn -0.664259318672266 2.87336969159291E-13 -0.747502212409473
vn -0.664259318672266 2.87336969159291E-13 -0.747502212409473
vn -0.664259318672266 2.87336969159291E-13 -0.747502212409473
vn -0.664259318672266 2.87336969159291E-13 -0.747502212409473
vn -0.664259318672266 2.87336969159291E-13 -0.747502212409473
vn -0.998266153469537 4.28598044881047E-13 -0.0588615905080358
vn -0.998266153469537 4.28598044881047E-13 -0.0588615905080358
vn -0.998266153469537 4.28598044881047E-13 -0.0588615905080358
vn -0.998266153469537 4.28598044881047E-13 -0.0588615905080358
vn -0.998266153469537 4.28598044881047E-13 -0.0588615905080358
vn -0.998266153469537 4.28598044881047E-13 -0.0588615905080358
vn -0.998266153469537 4.28598044881047E-13 -0.0588615905080358
vn -0.747502212409473 3.18792222254019E-13 0.664259318672266
vn -0.747502212409473 3.18792222254019E-13 0.664259318672266
vn -0.747502212409473 3.18792222254019E-13 0.664259318672266
vn -0.747502212409473 3.18792222254019E-13 0.664259318672266
vn -0.747502212409473 3.18550255432668E-13 0.664259318672266
vn -0.747502212409473 3.18550255432668E-13 0.664259318672266
vn -0.6908284473851 2.94041214867225E-13 0.723018710880633
vn -0.629550624848685 2.67517746997671E-13 0.776959465321474
vn -0.564077097602776 2.39315573828757E-13 0.825722125148665
vn -0.564077097602776 2.39315573828757E-13 0.825722125148665
vn -0.629550624848685 2.67517746997671E-13 0.776959465321474
vn -0.6908284473851 2.93974075647226E-13 0.723018710880633
vn -0.564077097602776 2.39584428871205E-13 0.825722125148665
vn -0.564077097602776 2.39584428871205E-13 0.825722125148665
vn -0.564077097602776 2.39584428871205E-13 0.825722125148665
vn -0.564077097602776 2.39584428871205E-13 0.825722125148665
vn -0.564077097602776 2.39315573828757E-13 0.825722125148665
vn -0.564077097602776 2.39315573828757E-13 0.825722125148665
vn -0.264669057019034 1.10391356246241E-13 0.964339302453579
vn 0.0635508431621947 -3.05523522647082E-14 0.997978602142037
vn 0.384852591349225 -1.68138670606283E-13 0.922978051164699
vn 0.664259318672266 -2.87393564513047E-13 0.747502212409473
vn 0.664259318672266 -2.87393564513047E-13 0.747502212409473
vn 0.384852591349225 -1.68004365061059E-13 0.922978051164699
vn 0.0635508431621947 -3.04852028825001E-14 0.997978602142037
vn -0.264669057019034 1.10391356246241E-13 0.964339302453579
vn 0.664259318672266 -2.87336969159291E-13 0.747502212409473
vn 0.664259318672266 -2.87336969159291E-13 0.747502212409473
vn 0.664259318672266 -2.87336969159291E-13 0.747502212409473
vn 0.664259318672266 -2.87336969159291E-13 0.747502212409473
vn 0.664259318672266 -2.87393564513047E-13 0.747502212409473
vn 0.664259318672266 -2.87411182798459E-13 0.747502212409473
vn 0.87135486945294 -3.7542462262199E-13 0.490653331264194
vn 0.98359480026102 -4.22562549112211E-13 0.180391986793991
vn 0.988760696608407 -4.23704062071217E-13 -0.149506805338278
vn 0.886290203279794 -3.7864774706176E-13 -0.463130300855236
vn 0.886290203279794 -3.787148862821E-13 -0.463130300855236
vn 0.988760696608407 -4.23704062071217E-13 -0.149506805338278
vn 0.98359480026102 -4.22495409890969E-13 0.180391986793991
vn 0.87135486945294 -3.75415406903614E-13 0.490653331264194
vn 0.87135486945294 -3.7542462262199E-13 0.490653331264194
vn 0.87135486945294 -3.75415406903614E-13 0.490653331264194
vn 0.886290203279794 -3.78963331212918E-13 -0.463130300855236
vn 0.886290203279794 -3.78963331212918E-13 -0.463130300855236
vn 0.886290203279794 -3.78963331212918E-13 -0.463130300855236
vn 0.886290203279794 -3.78963331212918E-13 -0.463130300855236
vn 0.886290203279794 -3.787148862821E-13 -0.463130300855236
vn 0.886290203279794 -3.7864774706176E-13 -0.463130300855236
vn 0.845559841856723 -3.60987799471442E-13 -0.53388065505245
vn 0.799194152127925 -3.40910538768359E-13 -0.601072963295245
vn 0.747502212409473 -3.18550255432668E-13 -0.664259318672266
vn 0.747502212409473 -3.18550255432668E-13 -0.664259318672266
vn 0.799194152127925 -3.40843399549248E-13 -0.601072963295245
vn 0.845559841856723 -3.60987799471442E-13 -0.53388065505245
vn 0.747502212409473 -3.18792222254019E-13 -0.664259318672266
vn 0.747502212409473 -3.18792222254019E-13 -0.664259318672266
vn 0.747502212409473 -3.18792222254019E-13 -0.664259318672266
vn 0.747502212409473 -3.18792222254019E-13 -0.664259318672266
vn -4.28999988744821E-13 -1 -3.26943875618435E-15
vn -4.28999988744821E-13 -1 -3.26943875618435E-15
vn -4.28999988744821E-13 -1 -3.26943875618435E-15
vn -4.28999988744821E-13 -1 -3.26943875618435E-15
vn -4.28999988744821E-13 -1 -3.26943875618435E-15
vn -4.28999988744821E-13 -1 -3.26943875618435E-15
vn -4.28999988744821E-13 -1 -3.26943875618435E-15
vn -4.28999988744821E-13 -1 -3.26943875618435E-15
vn -4.28999988744821E-13 -1 -3.26943875618435E-15
vn -4.28999988744821E-13 -1 -3.26943875618435E-15
vn -4.28999988744821E-13 -1 -3.26943875618435E-15
vn -4.28999988744821E-13 -1 -3.26943875618435E-15
vn -4.28999988744821E-13 -1 -3.26943875618435E-15
vn -4.28999988744821E-13 -1 -3.26943875618435E-15
vn -4.28999988744821E-13 -1 -3.26943875618435E-15
vn -4.28999988744821E-13 -1 -3.26943875618435E-15
vn -4.28999988744821E-13 -1 -3.26943875618435E-15
vn -4.28999988744821E-13 -1 -3.26943875618435E-15
vn -4.28999988744821E-13 -1 -3.26943875618435E-15
vn -4.28999988744821E-13 -1 -3.26943875618435E-15
vn -4.28999988744821E-13 -1 -3.26943875618435E-15
vn -4.28999988744821E-13 -1 -3.26943875618435E-15
vn -4.28999988744821E-13 -1 -3.26943875618435E-15
vn -4.28999988744821E-13 -1 -3.26943875618435E-15
vn -4.28999988744821E-13 -1 -3.26943875618435E-15
vn -4.28999988744821E-13 -1 -3.26943875618435E-15
vn -4.28999988744821E-13 -1 -3.26943875618435E-15
vn -4.28999988744821E-13 -1 -3.26943875618435E-15
vn -4.28999988744821E-13 -1 -3.26943875618435E-15
vn -4.28999988744821E-13 -1 -3.26943875618435E-15
vn -4.28999988744821E-13 -1 -3.26943875618435E-15
vn -4.28999988744821E-13 -1 -3.26943875618435E-15
vn -4.28999988744821E-13 -1 -3.26943875618435E-15
vn -4.28999988744821E-13 -1 -3.26943875618435E-15
vn -4.28999988744821E-13 -1 -3.26943875618435E-15
vn -4.28999988744821E-13 -1 -3.26943875618435E-15
vn -4.28999988744821E-13 -1 -3.26943875618435E-15
vn -4.28999988744821E-13 -1 -3.26943875618435E-15
vn -4.28999988744821E-13 -1 -3.26943875618435E-15
vn -4.28999988744821E-13 -1 -3.26943875618435E-15
vn -4.28999988744821E-13 -1 -3.26943875618435E-15
vn -4.28999988744821E-13 -1 -3.26943875618435E-15
vn -4.28999988744821E-13 -1 -3.26943875618435E-15
vn -4.28999988744821E-13 -1 -3.26943875618435E-15
vn -4.28999988744821E-13 -1 -3.26943875618435E-15
vn -4.28999988744821E-13 -1 -3.26943875618435E-15
vn -4.28999988744821E-13 -1 -3.26943875618435E-15
vn -4.28999988744821E-13 -1 -3.26943875618435E-15
vn -4.28999988744821E-13 -1 -3.26943875618435E-15
vn -4.28999988744821E-13 -1 -3.26943875618435E-15
vn -4.28999988744821E-13 -1 -3.26943875618435E-15
vn -4.28999988744821E-13 -1 -3.26943875618435E-15
vn -4.28999988744821E-13 -1 -3.26943875618435E-15
vn -4.28999988744821E-13 -1 -3.26943875618435E-15
vn -4.28999988744821E-13 -1 -3.26943875618435E-15
vn -4.28999988744821E-13 -1 -3.26943875618435E-15
vn -4.28999988744821E-13 -1 -3.26943875618435E-15
vn -4.28999988744821E-13 -1 -3.26943875618435E-15
vn -4.28999988744821E-13 -1 -3.26943875618435E-15
vn -4.28999988744821E-13 -1 -3.26943875618435E-15
vn -4.28999988744821E-13 -1 -3.26943875618435E-15
vn -4.28999988744821E-13 -1 -3.26943875618435E-15
vn -4.28999988744821E-13 -1 -3.26943875618435E-15
vn -4.28999988744821E-13 -1 -3.26943875618435E-15
vn -4.28999988744821E-13 -1 -3.26943875618435E-15
vn -4.28999988744821E-13 -1 -3.26943875618435E-15
vn -4.28999988744821E-13 -1 -3.26943875618435E-15
vn -4.28999988744821E-13 -1 -3.26943875618435E-15
vn -4.28999988744821E-13 -1 -3.26943875618435E-15
vn -4.28999988744821E-13 -1 -3.26943875618435E-15
vn -4.28999988744821E-13 -1 -3.26943875618435E-15
vn -4.28999988744821E-13 -1 -3.26943875618435E-15
vn -4.28999988744821E-13 -1 -3.26943875618435E-15
vn -4.28999988744821E-13 -1 -3.26943875618435E-15
vn -4.28999988744821E-13 -1 -3.26943875618435E-15
vn -4.28999988744821E-13 -1 -3.26943875618435E-15
vn -4.28999988744821E-13 -1 -3.26943875618435E-15
vn -4.28999988744821E-13 -1 -3.26943875618435E-15
vn -4.28999988744821E-13 -1 -3.26943875618435E-15
vn -4.28999988744821E-13 -1 -3.26943875618435E-15
vn -4.28999988744821E-13 -1 -3.26943875618435E-15
vn -4.28999988744821E-13 -1 -3.26943875618435E-15
vn -4.28999988744821E-13 -1 -3.26943875618435E-15
vn -4.28999988744821E-13 -1 -3.26943875618435E-15
vn -4.28999988744821E-13 -1 -3.26943875618435E-15
vn -4.28999988744821E-13 -1 -3.26943875618435E-15
vn -4.28999988744821E-13 -1 -3.26943875618435E-15
vn -4.28999988744821E-13 -1 -3.26943875618435E-15
vn -4.28999988744821E-13 -1 -3.26943875618435E-15
vn -4.28999988744821E-13 -1 -3.26943875618435E-15
vn -4.28999988744821E-13 -1 -3.26943875618435E-15
vn -4.28999988744821E-13 -1 -3.26943875618435E-15
vn -4.28999988744821E-13 -1 -3.26943875618435E-15
vn -4.28999988744821E-13 -1 -3.26943875618435E-15
vn -4.28999988744821E-13 -1 -3.26943875618435E-15
vn -4.28999988744821E-13 -1 -3.26943875618435E-15
vn -4.28999988744821E-13 -1 -3.26943875618435E-15
vn -4.28999988744821E-13 -1 -3.26943875618435E-15
vn -4.28999988744821E-13 -1 -3.26943875618435E-15
vn -4.28999988744821E-13 -1 -3.26943875618435E-15
vn -4.28999988744821E-13 -1 -3.26943875618435E-15
vn -4.28999988744821E-13 -1 -3.26943875618435E-15
vn -4.28999988744821E-13 -1 -3.26943875618435E-15
vn -4.28999988744821E-13 -1 -3.26943875618435E-15
vn -4.28999988744821E-13 -1 -3.26943875618435E-15
vn -4.28999988744821E-13 -1 -3.26943875618435E-15
vn -4.28999988744821E-13 -1 -3.26943875618435E-15
vn -4.28999988744821E-13 -1 -3.26943875618435E-15
vn -4.28999988744821E-13 -1 -3.26943875618435E-15
vn -4.28999988744821E-13 -1 -3.26943875618435E-15
vn -4.28999988744821E-13 -1 -3.26943875618435E-15
vn -4.28999988744821E-13 -1 -3.26943875618435E-15
vn -4.28999988744821E-13 -1 -3.26943875618435E-15
vn -4.28999988744821E-13 -1 -3.26943875618435E-15
vn -4.28999988744821E-13 -1 -3.26943875618435E-15
vn -4.28999988744821E-13 -1 -3.26943875618435E-15
vn -4.28999988744821E-13 -1 -3.26943875618435E-15
vn -4.28999988744821E-13 -1 -3.26943875618435E-15
vn -4.28999988744821E-13 -1 -3.26943875618435E-15
vn -4.28999988744821E-13 -1 -3.26943875618435E-15
vn -4.28999988744821E-13 -1 -3.26943875618435E-15
vn -4.28999988744821E-13 -1 -3.26943875618435E-15
vn -4.28999988744821E-13 -1 -3.26943875618435E-15
vn -4.28999988744821E-13 -1 -3.26943875618435E-15
vn -4.28999988744821E-13 -1 -3.26943875618435E-15
vn -4.28999988744821E-13 -1 -3.26943875618435E-15
vn -4.28999988744821E-13 -1 -3.26943875618435E-15
vn -4.28999988744821E-13 -1 -3.26943875618435E-15
vn -4.28999988744821E-13 -1 -3.26943875618435E-15
vn -4.28999988744821E-13 -1 -3.26943875618435E-15
vn -4.28999988744821E-13 -1 -3.26943875618435E-15
vn -4.28999988744821E-13 -1 -3.26943875618435E-15
vn -4.28999988744821E-13 -1 -3.26943875618435E-15
vn -4.28999988744821E-13 -1 -3.26943875618435E-15
vn -4.28999988744821E-13 -1 -3.26943875618435E-15
vn -4.28999988744821E-13 -1 -3.26943875618435E-15
vn -4.28999988744821E-13 -1 -3.26943875618435E-15
vn -4.28999988744821E-13 -1 -3.26943875618435E-15
vn -4.28999988744821E-13 -1 -3.26943875618435E-15
vn -4.28999988744821E-13 -1 -3.26943875618435E-15
vn -4.28999988744821E-13 -1 -3.26943875618435E-15
vn -4.28999988744821E-13 -1 -3.26943875618435E-15
vn -4.28999988744821E-13 -1 -3.26943875618435E-15
vn -4.28999988744821E-13 -1 -3.26943875618435E-15
vn -4.28999988744821E-13 -1 -3.26943875618435E-15
vn -4.28999988744821E-13 -1 -3.26943875618435E-15
vn -4.28999988744821E-13 -1 -3.26943875618435E-15
vn -4.28999988744821E-13 -1 -3.26943875618435E-15
vn -4.28999988744821E-13 -1 -3.26943875618435E-15
vn -4.28999988744821E-13 -1 -3.26943875618435E-15
vn -4.28999988744821E-13 -1 -3.26943875618435E-15
vn -4.28999988744821E-13 -1 -3.26943875618435E-15
vn -4.28999988744821E-13 -1 -3.26943875618435E-15
vn -4.28999988744821E-13 -1 -3.26943875618435E-15
vn 4.28999988744821E-13 1 3.26943875618435E-15
vn 4.28999988744821E-13 1 3.26943875618435E-15
vn 4.28999988744821E-13 1 3.26943875618435E-15
vn 4.28999988744821E-13 1 3.26943875618435E-15
vn 4.28999988744821E-13 1 3.26943875618435E-15
vn 4.28999988744821E-13 1 3.26943875618435E-15
vn 4.28999988744821E-13 1 3.26943875618435E-15
vn 4.28999988744821E-13 1 3.26943875618435E-15
vn 4.28999988744821E-13 1 3.26943875618435E-15
vn 4.28999988744821E-13 1 3.26943875618435E-15
vn 4.28999988744821E-13 1 3.26943875618435E-15
vn 4.28999988744821E-13 1 3.26943875618435E-15
vn 4.28999988744821E-13 1 3.26943875618435E-15
vn 4.28999988744821E-13 1 3.26943875618435E-15
vn 4.28999988744821E-13 1 3.26943875618435E-15
vn 4.28999988744821E-13 1 3.26943875618435E-15
vn 4.28999988744821E-13 1 3.26943875618435E-15
vn 4.28999988744821E-13 1 3.26943875618435E-15
vn 4.28999988744821E-13 1 3.26943875618435E-15
vn 4.28999988744821E-13 1 3.26943875618435E-15
vn 4.28999988744821E-13 1 3.26943875618435E-15
vn 4.28999988744821E-13 1 3.26943875618435E-15
vn 4.28999988744821E-13 1 3.26943875618435E-15
vn 4.28999988744821E-13 1 3.26943875618435E-15
vn 4.28999988744821E-13 1 3.26943875618435E-15
vn 4.28999988744821E-13 1 3.26943875618435E-15
vn 4.28999988744821E-13 1 3.26943875618435E-15
vn 4.28999988744821E-13 1 3.26943875618435E-15
vn 4.28999988744821E-13 1 3.26943875618435E-15
vn 4.28999988744821E-13 1 3.26943875618435E-15
vn 4.28999988744821E-13 1 3.26943875618435E-15
vn 4.28999988744821E-13 1 3.26943875618435E-15
vn 4.28999988744821E-13 1 3.26943875618435E-15
vn 4.28999988744821E-13 1 3.26943875618435E-15
vn 4.28999988744821E-13 1 3.26943875618435E-15
vn 4.28999988744821E-13 1 3.26943875618435E-15
vn 4.28999988744821E-13 1 3.26943875618435E-15
vn 4.28999988744821E-13 1 3.26943875618435E-15
vn 4.28999988744821E-13 1 3.26943875618435E-15
vn 4.28999988744821E-13 1 3.26943875618435E-15
vn 4.28999988744821E-13 1 3.26943875618435E-15
vn 4.28999988744821E-13 1 3.26943875618435E-15
vn 4.28999988744821E-13 1 3.26943875618435E-15
vn 4.28999988744821E-13 1 3.26943875618435E-15
vn 4.28999988744821E-13 1 3.26943875618435E-15
vn 4.28999988744821E-13 1 3.26943875618435E-15
vn 4.28999988744821E-13 1 3.26943875618435E-15
vn 4.28999988744821E-13 1 3.26943875618435E-15
vn 4.28999988744821E-13 1 3.26943875618435E-15
vn 4.28999988744821E-13 1 3.26943875618435E-15
vn 4.28999988744821E-13 1 3.26943875618435E-15
vn 4.28999988744821E-13 1 3.26943875618435E-15
vn 4.28999988744821E-13 1 3.26943875618435E-15
vn 4.28999988744821E-13 1 3.26943875618435E-15
vn 4.28999988744821E-13 1 3.26943875618435E-15
vn 4.28999988744821E-13 1 3.26943875618435E-15
vn 4.28999988744821E-13 1 3.26943875618435E-15
vn 4.28999988744821E-13 1 3.26943875618435E-15
vn 4.28999988744821E-13 1 3.26943875618435E-15
vn 4.28999988744821E-13 1 3.26943875618435E-15
vn 4.28999988744821E-13 1 3.26943875618435E-15
vn 4.28999988744821E-13 1 3.26943875618435E-15
vn 4.28999988744821E-13 1 3.26943875618435E-15
vn 4.28999988744821E-13 1 3.26943875618435E-15
vn 4.28999988744821E-13 1 3.26943875618435E-15
vn 4.28999988744821E-13 1 3.26943875618435E-15
vn 4.28999988744821E-13 1 3.26943875618435E-15
vn 4.28999988744821E-13 1 3.26943875618435E-15
vn 4.28999988744821E-13 1 3.26943875618435E-15
vn 4.28999988744821E-13 1 3.26943875618435E-15
vn 4.28999988744821E-13 1 3.26943875618435E-15
vn 4.28999988744821E-13 1 3.26943875618435E-15
vn 4.28999988744821E-13 1 3.26943875618435E-15
vn 4.28999988744821E-13 1 3.26943875618435E-15
vn 4.28999988744821E-13 1 3.26943875618435E-15
vn 4.28999988744821E-13 1 3.26943875618435E-15
vn 4.28999988744821E-13 1 3.26943875618435E-15
vn 4.28999988744821E-13 1 3.26943875618435E-15
vn 4.28999988744821E-13 1 3.26943875618435E-15
vn 4.28999988744821E-13 1 3.26943875618435E-15
vn 4.28999988744821E-13 1 3.26943875618435E-15
vn 4.28999988744821E-13 1 3.26943875618435E-15
vn 4.28999988744821E-13 1 3.26943875618435E-15
vn 4.28999988744821E-13 1 3.26943875618435E-15
vn 4.28999988744821E-13 1 3.26943875618435E-15
vn 4.28999988744821E-13 1 3.26943875618435E-15
vn 4.28999988744821E-13 1 3.26943875618435E-15
vn 4.28999988744821E-13 1 3.26943875618435E-15
vn 4.28999988744821E-13 1 3.26943875618435E-15
vn 4.28999988744821E-13 1 3.26943875618435E-15
vn 4.28999988744821E-13 1 3.26943875618435E-15
vn 4.28999988744821E-13 1 3.26943875618435E-15
vn 4.28999988744821E-13 1 3.26943875618435E-15
vn 4.28999988744821E-13 1 3.26943875618435E-15
vn 4.28999988744821E-13 1 3.26943875618435E-15
vn 4.28999988744821E-13 1 3.26943875618435E-15
vn 4.28999988744821E-13 1 3.26943875618435E-15
vn 4.28999988744821E-13 1 3.26943875618435E-15
vn 4.28999988744821E-13 1 3.26943875618435E-15
vn 4.28999988744821E-13 1 3.26943875618435E-15
vn 4.28999988744821E-13 1 3.26943875618435E-15
vn 4.28999988744821E-13 1 3.26943875618435E-15
vn 4.28999988744821E-13 1 3.26943875618435E-15
vn 4.28999988744821E-13 1 3.26943875618435E-15
vn 4.28999988744821E-13 1 3.26943875618435E-15
vn 4.28999988744821E-13 1 3.26943875618435E-15
vn 4.28999988744821E-13 1 3.26943875618435E-15
vn 4.28999988744821E-13 1 3.26943875618435E-15
vn 4.28999988744821E-13 1 3.26943875618435E-15
vn 4.28999988744821E-13 1 3.26943875618435E-15
vn 4.28999988744821E-13 1 3.26943875618435E-15
vn 4.28999988744821E-13 1 3.26943875618435E-15
vn 4.28999988744821E-13 1 3.26943875618435E-15
vn -0.830899919877543 3.58046936490275E-13 -0.556421893123818
vn -0.635766622859959 2.7533530900512E-13 -0.77188133884506
vn -0.386911180462267 1.68753898376375E-13 -0.922116987390047
vn -0.105361820694759 4.82947022255113E-14 -0.99443395292995
vn 0.185090589367818 -7.60502783474541E-14 -0.98272146294231
vn 0.459902893115282 -1.94289033761797E-13 -0.887969216191752
vn 0.695853485200898 -2.96429553302373E-13 -0.718183769751004
vn 0.695853485200898 -2.96173085273517E-13 -0.718183769751004
vn 0.459902893115282 -1.94395177156916E-13 -0.887969216191752
vn 0.185090589367818 -7.61909129238989E-14 -0.98272146294231
vn -0.105361820694759 4.84514609211176E-14 -0.99443395292995
vn -0.386911180462267 1.68999700559414E-13 -0.922116987390047
vn -0.635766622859959 2.75267492159503E-13 -0.77188133884506
vn -0.830899919877543 3.58275269474846E-13 -0.556421893123818
vn -0.830899919877543 3.58275269474846E-13 -0.556421893123818
vn -0.830899919877543 3.58275269474846E-13 -0.556421893123818
vn -0.830899919877543 3.58275269474846E-13 -0.556421893123818
vn -0.830899919877543 3.58275269474846E-13 -0.556421893123818
vn -0.66224039894885 2.81719098003193E-13 0.74929143462345
vn -0.84747891177417 3.62210255626177E-13 0.530829062974201
vn -0.963191010658929 4.12170288584477E-13 0.268817925343215
vn -0.999883761314549 4.28823639132213E-13 -0.0152467655412467
vn -0.954546931774395 4.10782520560975E-13 -0.29806065664574
vn -0.830899919877543 3.58046936490275E-13 -0.556421893123818
vn -0.830899919877543 3.58275269474846E-13 -0.556421893123818
vn -0.954546931774395 4.10475122138936E-13 -0.29806065664574
vn -0.999883761314549 4.2899998461387E-13 -0.0152467655412467
vn -0.963191010658929 4.12330045770985E-13 0.268817925343215
vn -0.84747891177417 3.61832926171513E-13 0.530829062974201
vn -0.66224039894885 2.81651362471144E-13 0.74929143462345
vn 0.556421893123818 -2.35922400012972E-13 -0.830899919877543
vn 0.253083767714319 -1.05471188259384E-13 -0.967444368694926
vn -0.0782602117926358 3.67227604318292E-14 -0.996932966277157
vn -0.400944033646843 1.75073636961949E-13 -0.916102549872556
vn -0.679260021545558 2.93801986230131E-13 -0.733897692549805
vn -0.882410193054579 3.80037889932866E-13 -0.470480872292785
vn -0.987914250368669 4.24233287953085E-13 -0.15500139973081
vn -0.98409729222302 4.21457732161889E-13 0.17763028863153
vn -0.871381698947293 3.72138219296051E-13 0.490605681520026
vn -0.66224039894885 2.8182583770916E-13 0.74929143462345
vn -0.66224039894885 2.81651362471144E-13 0.74929143462345
vn -0.871381698947293 3.72218748412311E-13 0.490605681520026
vn -0.98409729222302 4.21596970824513E-13 0.17763028863153
vn -0.987914250368669 4.24321975689553E-13 -0.15500139973081
vn -0.882410193054579 3.80092181358155E-13 -0.470480872292785
vn -0.679260021545558 2.93801986230131E-13 -0.733897692549805
vn -0.400944033646843 1.75000141605473E-13 -0.916102549872556
vn -0.0782602117926358 3.68330407315359E-14 -0.996932966277157
vn 0.253083767714319 -1.05409937612368E-13 -0.967444368694926
vn 0.556421893123818 -2.35988427927314E-13 -0.830899919877543
vn -0.882410193054579 3.80037889932866E-13 -0.470480872292785
vn -0.882410193054579 3.80092181358155E-13 -0.470480872292785
vn 0.830899919877543 -3.58280527855545E-13 0.556421893123818
vn 0.962176609429882 -4.13696985118635E-13 0.272426452948344
vn 0.999268738462438 -4.28560383812725E-13 -0.0382359560059386
vn 0.938545486053352 -4.01494357640499E-13 -0.345155574500654
vn 0.785950838718043 -3.35159715394269E-13 -0.618288993204961
vn 0.556421893123818 -2.35978859842846E-13 -0.830899919877543
vn 0.556421893123818 -2.35988427927314E-13 -0.830899919877543
vn 0.785950838718043 -3.35151448352712E-13 -0.618288993204961
vn 0.938545486053352 -4.01507557802238E-13 -0.345155574500654
vn 0.999268738462438 -4.28561278279542E-13 -0.0382359560059386
vn 0.962176609429882 -4.13664431948797E-13 0.272426452948344
vn 0.830899919877543 -3.58275269474846E-13 0.556421893123818
vn 0.830899919877543 -3.58275269474846E-13 0.556421893123818
vn 0.830899919877543 -3.58275269474846E-13 0.556421893123818
vn 0.830899919877543 -3.58275269474846E-13 0.556421893123818
vn 0.830899919877543 -3.58275269474846E-13 0.556421893123818
vn 0.980984660539701 -4.20118463921596E-13 -0.194085279673155
vn 0.997791385459626 -4.28192817018981E-13 0.0664255305026553
vn 0.946600276875586 -4.06997685712429E-13 0.322409546724449
vn 0.830899919877543 -3.58299257448653E-13 0.556421893123818
vn 0.830899919877543 -3.58275269474846E-13 0.556421893123818
vn 0.946600276875586 -4.0714562510176E-13 0.322409546724449
vn 0.997791385459626 -4.28269659846105E-13 0.0664255305026553
vn 0.980984660539701 -4.20207856388233E-13 -0.194085279673155
vn 0.980984660539701 -4.20416456880422E-13 -0.194085279673155
vn 0.980984660539701 -4.20416456880422E-13 -0.194085279673155
vn 0.980984660539701 -4.20416456880422E-13 -0.194085279673155
vn 0.980984660539701 -4.20416456880422E-13 -0.194085279673155
vn 0.556421893123818 -2.35922400012972E-13 -0.830899919877543
vn 0.752515003763379 -3.20450718276009E-13 -0.658575105140637
vn 0.897325450278488 -3.83531582890519E-13 -0.441369500852188
vn 0.980984660539701 -4.20118463921596E-13 -0.194085279673155
vn 0.980984660539701 -4.20207856388233E-13 -0.194085279673155
vn 0.897325450278488 -3.83509573586562E-13 -0.441369500852188
vn 0.752515003763379 -3.20675744432655E-13 -0.658575105140637
vn 0.556421893123818 -2.35988427927314E-13 -0.830899919877543
vn 0.556421893123818 -2.3628343934755E-13 -0.830899919877543
vn 0.556421893123818 -2.3628343934755E-13 -0.830899919877543
vn 0.556421893123818 -2.3628343934755E-13 -0.830899919877543
vn 0.556421893123818 -2.3628343934755E-13 -0.830899919877543
vn 0.263197545623044 -1.1003725918873E-13 -0.964741961344071
vn 0.263197545623044 -1.1003725918873E-13 -0.964741961344071
vn 0.263197545623044 -1.1003725918873E-13 -0.964741961344071
vn 0.263197545623044 -1.1003725918873E-13 -0.964741961344071
vn 0.761916476594884 -3.25028477524044E-13 -0.647675291093645
vn 0.761916476594884 -3.25028477524044E-13 -0.647675291093645
vn 0.761916476594884 -3.25028477524044E-13 -0.647675291093645
vn 0.761916476594884 -3.25028477524044E-13 -0.647675291093645
vn 0.915160420334505 -3.91534977287178E-13 -0.403089822562133
vn 0.915160420334505 -3.91534977287178E-13 -0.403089822562133
vn 0.915160420334505 -3.91534977287178E-13 -0.403089822562133
vn 0.915160420334505 -3.91534977287178E-13 -0.403089822562133
vn -0.847437227835559 3.65295288486168E-13 -0.530895606384516
vn -0.847437227835559 3.65295288486168E-13 -0.530895606384516
vn -0.847437227835559 3.65295288486168E-13 -0.530895606384516
vn -0.847437227835559 3.65295288486168E-13 -0.530895606384516
vn -0.85775989507941 3.66565150459183E-13 0.514050544590082
vn -0.85775989507941 3.66565150459183E-13 0.514050544590082
vn -0.85775989507941 3.66565150459183E-13 0.514050544590082
vn -0.85775989507941 3.66565150459183E-13 0.514050544590082
vn -0.681155605771985 2.94609436156648E-13 -0.732138675884153
vn -0.886478448355677 3.81639175169186E-13 -0.462769878666396
vn -0.990107127459981 4.24660310511864E-13 -0.140313492412333
vn -0.980153664541074 4.20496964010056E-13 0.198239233974266
vn -0.85775989507941 3.66373599039882E-13 0.514050544590082
vn -0.85775989507941 3.66298328303869E-13 0.514050544590082
vn -0.980153664541074 4.19837796204533E-13 0.198239233974266
vn -0.990107127459981 4.25214717297455E-13 -0.140313492412333
vn -0.886478448355677 3.81812268050765E-13 -0.462769878666396
vn -0.681155605771985 2.94609436156648E-13 -0.732138675884153
vn -0.886478448355677 3.81639175169186E-13 -0.462769878666396
vn -0.886478448355677 3.81812268050765E-13 -0.462769878666396
vn -0.681155605771985 2.94541781942697E-13 -0.732138675884153
vn -0.681155605771985 2.94541781942697E-13 -0.732138675884153
vn -0.681155605771985 2.94541781942697E-13 -0.732138675884153
vn -0.681155605771985 2.94541781942697E-13 -0.732138675884153
vn 0.574519456925026 -2.44249066051895E-13 -0.818490924576793
vn 0.268348006657239 -1.12410080515673E-13 -0.963322037183353
vn -0.0686075401435762 3.19189125186115E-14 -0.997643726705805
vn -0.397692632649876 1.73472352786521E-13 -0.91751870277178
vn -0.681155605771985 2.95596873261706E-13 -0.732138675884153
vn -0.681155605771985 2.94609436156648E-13 -0.732138675884153
vn -0.397692632649876 1.7360991094127E-13 -0.91751870277178
vn -0.0686075401435762 3.26943711954433E-14 -0.997643726705805
vn 0.268348006657239 -1.11971771461492E-13 -0.963322037183353
vn 0.574519456925026 -2.43792833776528E-13 -0.818490924576793
vn 0.574519456925026 -2.44087790978319E-13 -0.818490924576793
vn 0.574519456925026 -2.44087790978319E-13 -0.818490924576793
vn 0.574519456925026 -2.44087790978319E-13 -0.818490924576793
vn 0.574519456925026 -2.44087790978319E-13 -0.818490924576793
vn -0.90582046528801 3.89965827221554E-13 -0.423661757378942
vn -0.706291933940123 3.05311340397469E-13 -0.70792069050927
vn -0.421574210699508 1.83186801470174E-13 -0.906793904298594
vn -0.086008375229898 4.02455836397458E-14 -0.996294414011397
vn 0.259931318658988 -1.08246741880284E-13 -0.96562710690007
vn 0.574519456925026 -2.44249066051895E-13 -0.818490924576793
vn 0.574519456925026 -2.43792833776528E-13 -0.818490924576793
vn 0.259931318658988 -1.08353474804923E-13 -0.96562710690007
vn -0.086008375229898 4.01549172353311E-14 -0.996294414011397
vn -0.421574210699508 1.83820043309862E-13 -0.906793904298594
vn -0.706291933940123 3.05313752747371E-13 -0.70792069050927
vn -0.90582046528801 3.89982090253716E-13 -0.423661757378942
vn -0.90582046528801 3.90026949117432E-13 -0.423661757378942
vn -0.90582046528801 3.90026949117432E-13 -0.423661757378942
vn -0.90582046528801 3.90026949117432E-13 -0.423661757378942
vn -0.90582046528801 3.90026949117432E-13 -0.423661757378942
vn -0.732138675884153 3.11787616283276E-13 0.681155605771985
vn -0.899298314211545 3.84414723957107E-13 0.437335731511014
vn -0.987867849658537 4.23272535625739E-13 0.155296849971329
vn -0.990107127459981 4.25122912477723E-13 -0.140313492412333
vn -0.90582046528801 3.89965827221554E-13 -0.423661757378942
vn -0.90582046528801 3.89982090253716E-13 -0.423661757378942
vn -0.990107127459981 4.25214717297455E-13 -0.140313492412333
vn -0.987867849658537 4.23287578931149E-13 0.155296849971329
vn -0.899298314211545 3.84369133255555E-13 0.437335731511014
vn -0.732138675884153 3.11860474667531E-13 0.681155605771985
vn -0.732138675884153 3.1214762560607E-13 0.681155605771985
vn -0.732138675884153 3.1214762560607E-13 0.681155605771985
vn -0.732138675884153 3.1214762560607E-13 0.681155605771985
vn -0.732138675884153 3.1214762560607E-13 0.681155605771985
vn 0.30792146715535 -1.3553973120206E-13 0.951411777341912
vn 0.0293873379156159 -1.57281599885066E-14 0.999568098915844
vn -0.251494860246976 1.0454600605488E-13 0.967858633928196
vn -0.512282501563809 2.16956082799415E-13 0.858816999477494
vn -0.732138675884153 3.11787616283276E-13 0.681155605771985
vn -0.732138675884153 3.11860474667531E-13 0.681155605771985
vn -0.512282501563809 2.1696135473259E-13 0.858816999477494
vn -0.251494860246976 1.04726939072675E-13 0.967858633928196
vn 0.0293873379156159 -1.58751947428972E-14 0.999568098915844
vn 0.30792146715535 -1.35208886911336E-13 0.951411777341912
vn 0.30792146715535 -1.35026225951546E-13 0.951411777341912
vn 0.30792146715535 -1.35026225951546E-13 0.951411777341912
vn 0.30792146715535 -1.35026225951546E-13 0.951411777341912
vn 0.30792146715535 -1.35026225951546E-13 0.951411777341912
vn 0.847437227835559 -3.65286316712927E-13 0.530895606384516
vn 0.702161495913605 -3.03576610456114E-13 0.712017720043798
vn 0.519032072469075 -2.25514056816727E-13 0.854754764683097
vn 0.30792146715535 -1.35308430222632E-13 0.951411777341912
vn 0.30792146715535 -1.35208886911336E-13 0.951411777341912
vn 0.519032072469075 -2.25459331710873E-13 0.854754764683097
vn 0.702161495913605 -3.03555170358E-13 0.712017720043798
vn 0.847437227835559 -3.65286316712927E-13 0.530895606384516
vn 0.702161495913605 -3.03555170358E-13 0.712017720043798
vn 0.702161495913605 -3.03576610456114E-13 0.712017720043798
vn 0.847437227835559 -3.65295288486168E-13 0.530895606384516
vn 0.847437227835559 -3.65295288486168E-13 0.530895606384516
vn 0.847437227835559 -3.65295288486168E-13 0.530895606384516
vn 0.847437227835559 -3.65295288486168E-13 0.530895606384516
vn -0.999908773199806 4.28930394938298E-13 0.0135072305843582
vn -0.944554508369145 4.04163871696558E-13 0.328354656917674
vn -0.792673363082666 3.38191015331018E-13 0.609646569299964
vn -0.55978656414845 2.37416913761045E-13 0.828636833962185
vn -0.269693489217147 1.12516832569755E-13 0.962946219616589
vn 0.0479603868995514 -2.36989914381541E-14 0.998849238518229
vn 0.360713034270707 -1.57779767722084E-13 0.93267685020441
vn 0.636603344083544 -2.75634219742894E-13 0.771191404452649
vn 0.847437227835559 -3.65306076298102E-13 0.530895606384516
vn 0.847437227835559 -3.65286316712927E-13 0.530895606384516
vn 0.636603344083544 -2.75624190872977E-13 0.771191404452649
vn 0.360713034270707 -1.57795217603016E-13 0.93267685020441
vn 0.0479603868995514 -2.38406814191072E-14 0.998849238518229
vn -0.269693489217147 1.12550205667304E-13 0.962946219616589
vn -0.55978656414845 2.37439248326038E-13 0.828636833962185
vn -0.792673363082666 3.38063675783659E-13 0.609646569299964
vn -0.944554508369145 4.04140344509399E-13 0.328354656917674
vn -0.999908773199806 4.28916706885488E-13 0.0135072305843582
vn -0.2196612474283 9.10480648071621E-14 0.975576207365802
vn -0.361514604300602 1.5202641109198E-13 0.932366446670717
vn -0.495418396403365 2.09705095370661E-13 0.868654483960751
vn -0.618428229332322 2.62741894892782E-13 0.78584128497101
vn -0.727839203488898 3.09999653984603E-13 0.685747835479374
vn -0.821245374393995 3.50453038795803E-13 0.570575179127577
vn -0.896592802609365 3.83188573823874E-13 0.442855897904819
vn -0.952224649177938 4.07497891826352E-13 0.305398456934467
vn -0.986917600044874 4.2285897994403E-13 0.161225465487514
vn -0.999908773199806 4.28917682667471E-13 0.0135072305843582
vn -0.999908773199806 4.28916706885488E-13 0.0135072305843582
vn -0.986917600044874 4.22860524932102E-13 0.161225465487514
vn -0.952224649177938 4.07505887817183E-13 0.305398456934467
vn -0.896592802609365 3.83190416967581E-13 0.442855897904819
vn -0.821245374393995 3.50448810407319E-13 0.570575179127577
vn -0.727839203488898 3.10001009237267E-13 0.685747835479374
vn -0.618428229332322 2.62736473881928E-13 0.78584128497101
vn -0.495418396403365 2.09694483741965E-13 0.868654483960751
vn -0.361514604300602 1.52041440844853E-13 0.932366446670717
vn -0.2196612474283 9.10450900274958E-14 0.975576207365802
vn 0.807050062635985 -3.44327762099312E-13 -0.590483019568939
vn 0.94647340767634 -4.04978400280955E-13 -0.322781797134746
vn 0.999670363181184 -4.28754596766394E-13 -0.0256742084045575
vn 0.961794516632643 -4.13520762063496E-13 0.273772364886195
vn 0.836296478746001 -3.60563729519133E-13 0.548277484160201
vn 0.634609461549969 -2.74707638675692E-13 0.772832990568634
vn 0.375107713882588 -1.64013053185491E-13 0.926981231193911
vn 0.0814325976312518 -3.82270009338966E-14 0.996678851006194
vn -0.2196612474283 9.10471771166466E-14 0.975576207365802
vn -0.2196612474283 9.10450900274958E-14 0.975576207365802
vn 0.0814325976312518 -3.8193167049111E-14 0.996678851006194
vn 0.375107713882588 -1.63951917734139E-13 0.926981231193911
vn 0.634609461549969 -2.74774181584104E-13 0.772832990568634
vn 0.836296478746001 -3.60563729519133E-13 0.548277484160201
vn 0.961794516632643 -4.13504932711432E-13 0.273772364886195
vn 0.999670363181184 -4.28774627401067E-13 -0.0256742084045575
vn 0.94647340767634 -4.04981761307648E-13 -0.322781797134746
vn 0.807050062635985 -3.44293934990971E-13 -0.590483019568939
vn 0.836296478746001 -3.60563729519133E-13 0.548277484160201
vn 0.836296478746001 -3.60563729519133E-13 0.548277484160201
vn 0.695853485200898 -2.96143594973855E-13 -0.718183769751004
vn 0.735306008123732 -3.13217462541282E-13 -0.677735253928215
vn 0.772411050157581 -3.29282066767628E-13 -0.635122956280485
vn 0.807050062635985 -3.44253250303777E-13 -0.590483019568939
vn 0.807050062635985 -3.44293934990971E-13 -0.590483019568939
vn 0.772411050157581 -3.2928784014421E-13 -0.635122956280485
vn 0.735306008123732 -3.13230472967062E-13 -0.677735253928215
vn 0.695853485200898 -2.96173085273517E-13 -0.718183769751004
vn -4.3668771398421E-13 -1 0
vn 0.230990880961276 -0.951056516432818 -0.205267424262612
vn 0.439370776726687 -0.809016994376658 -0.390441830966338
vn 0.604741991499936 -0.587785244895539 -0.537397087450037
vn 0.710916811369125 -0.309017000053123 -0.63174819429178
vn 0.747502212409473 -3.21184053576575E-13 -0.664259318672266
vn 0.747502212409473 -3.20512281906321E-13 -0.664259318672266
vn 0.710916811369125 -0.309017000053123 -0.63174819429178
vn 0.604741991499936 -0.587785244895539 -0.537397087450037
vn 0.439370776726687 -0.809016994376658 -0.390441830966338
vn 0.230990880961276 -0.951056516432818 -0.205267424262612
vn -4.51490705715915E-13 -1 1.48029730969801E-14
vn 0.886290203279794 -3.78704315310791E-13 -0.463130300855236
vn 0.842912070395963 -0.309016999830148 -0.440463091980209
vn 0.71702384715046 -0.587785242072393 -0.374680279464308
vn 0.520948294573862 -0.80901700840459 -0.272221149973091
vn 0.273878718079392 -0.951056521595509 -0.143115130275733
vn -4.29339316919755E-13 -1 -3.09212617296206E-15
vn -4.28948218091085E-13 -1 -3.30212956926716E-15
vn -4.28773607331207E-13 -1 -3.43970889572494E-15
vn -4.28622279812982E-13 -1 -3.60510351362113E-15
vn 0.230990880961276 -0.951056516432818 -0.205267424262612
vn 0.439370776726687 -0.809016994376658 -0.390441830966338
vn 0.604741991499936 -0.587785244895539 -0.537397087450037
vn 0.710916811369125 -0.309017000053123 -0.63174819429178
vn 0.747502212409473 -3.18506697610118E-13 -0.664259318672266
vn 0.799194152127925 -3.40889125775587E-13 -0.601072963295245
vn 0.845559841856723 -3.60999671485321E-13 -0.53388065505245
vn 0.886290203279794 -3.78494440872724E-13 -0.463130300855236
vn 0.842912070395963 -0.309016999830148 -0.440463091980209
vn 0.71702384715046 -0.587785242072393 -0.374680279464308
vn 0.520948294573862 -0.80901700840459 -0.272221149973091
vn 0.273878718079392 -0.951056521595509 -0.143115130275733
vn -4.10782519111308E-13 -1 0
vn -4.14483253491707E-13 -1 7.40148654849006E-15
vn 0.273878718079392 -0.951056521595509 -0.143115130275733
vn 0.520948294573862 -0.80901700840459 -0.272221149973091
vn 0.71702384715046 -0.587785242072393 -0.374680279464308
vn 0.842912070395963 -0.309016999830148 -0.440463091980209
vn 0.886290203279794 -3.83205787259901E-13 -0.463130300855236
vn 0.664259318672266 -2.87411182798459E-13 0.747502212409473
vn 0.63174819429178 -0.309017000053123 0.710916811369125
vn 0.537397087450037 -0.587785244895539 0.604741991499936
vn 0.390441830966338 -0.809016994376658 0.439370776726687
vn 0.205267424262612 -0.951056516432818 0.230990880961276
vn -4.29254315469432E-13 -1 -3.55562493104021E-15
vn -4.29140121875615E-13 -1 -3.34834178104522E-15
vn -4.29158173841787E-13 -1 -3.29844794056192E-15
vn -4.29159014098471E-13 -1 -3.24539614949301E-15
vn -4.28945724426089E-13 -1 -3.29779720750019E-15
vn 0.273878718079392 -0.951056521595509 -0.143115130275733
vn 0.520948294573862 -0.80901700840459 -0.272221149973091
vn 0.71702384715046 -0.587785242072393 -0.374680279464308
vn 0.842912070395963 -0.309016999830148 -0.440463091980209
vn 0.886290203279794 -3.78704315310791E-13 -0.463130300855236
vn 0.988760696608407 -4.23689533762299E-13 -0.149506805338278
vn 0.98359480026102 -4.22551951035705E-13 0.180391986793991
vn 0.87135486945294 -3.75415406903614E-13 0.490653331264194
vn 0.0478222600694921 -0.998342349899629 0.0320247379182589
vn 0.390993326853728 -0.882364749798632 0.261833280292349
vn 0.662210236772865 -0.604006300208014 0.443456865571222
vn 0.811561151262981 -0.214493091652072 0.543471444874742
vn 0.0569813781489425 -0.998342350034971 0.00810399104756464
vn 0.465878011598401 -0.882364753321894 0.0662579837024416
vn 0.789039543484416 -0.604006283755047 0.112218572448243
vn 0.966994752768664 -0.214493093733839 0.137527673063846
vn 0.0548546396809802 -0.998342349901354 -0.0174218511907533
vn 0.448489846492346 -0.882364753239876 -0.142440513314169
vn 0.75958986390149 -0.604006300772207 -0.241245989159593
vn 0.930903185427224 -0.21449309336152 -0.295655157678087
vn 0.664259318672266 -2.87436959705271E-13 0.747502212409473
vn 0.63174819429178 -0.309017000053123 0.710916811369125
vn 0.537397087450037 -0.587785244895539 0.604741991499936
vn 0.390441830966338 -0.809016994376658 0.439370776726687
vn 0.205267424262612 -0.951056516432818 0.230990880961276
vn -4.40388475469664E-13 -1 -1.66533453693773E-14
vn -4.34837360346538E-13 -1 -7.40148654849006E-15
vn 0.205267424262612 -0.951056516432818 0.230990880961276
vn 0.390441830966338 -0.809016994376658 0.439370776726687
vn 0.537397087450037 -0.587785244895539 0.604741991499936
vn 0.63174819429178 -0.309017000053123 0.710916811369125
vn 0.664259318672266 -2.88136378531095E-13 0.747502212409473
vn -0.564077097602776 2.39289444555553E-13 0.825722125148665
vn -0.536469208066707 -0.309016995066408 0.785308401557253
vn -0.456347948844079 -0.587785252349584 0.668023238148298
vn -0.331556196465447 -0.809016991563987 0.485347294157618
vn -0.174309398520526 -0.951056517185433 0.255162173345749
vn -4.29034547689069E-13 -1 -3.21887787725508E-15
vn -4.29074961325049E-13 -1 -2.99626364267302E-15
vn -4.28967896360516E-13 -1 -2.76513863279519E-15
vn -4.28805537085186E-13 -1 -2.8030380632289E-15
vn -4.28369335446141E-13 -1 -2.55975220132734E-15
vn 0.205267424262612 -0.951056516432818 0.230990880961276
vn 0.390441830966338 -0.809016994376658 0.439370776726687
vn 0.537397087450037 -0.587785244895539 0.604741991499936
vn 0.63174819429178 -0.309017000053123 0.710916811369125
vn 0.664259318672266 -2.87411182798459E-13 0.747502212409473
vn 0.384852591349225 -1.68119385359981E-13 0.922978051164699
vn 0.0635508431621947 -3.05261416778591E-14 0.997978602142037
vn -0.264669057019034 1.10390170400132E-13 0.964339302453579
vn -0.0205803572419509 -0.998342349841211 0.0537494317116172
vn -0.168264374285605 -0.882364750688116 0.439453691632432
vn -0.284982827479588 -0.604006284487693 0.744285695375849
vn -0.349256125358623 -0.214493094207932 0.912147395674948
vn 0.00477874286060978 -0.998342349929051 0.0573560454948931
vn 0.0390708558341644 -0.88236475008968 0.468941271401402
vn 0.0661727930800073 -0.604006286533066 0.79422765457048
vn 0.0810970062158158 -0.214493094335524 0.973352961707727
vn 0.0291913547209456 -0.998342349974402 0.0496025912341739
vn 0.238667620943232 -0.882364745230343 0.405549285645887
vn 0.40422208098385 -0.604006305098869 0.68686308144047
vn 0.495387907694712 -0.214493094098764 0.841774039451084
vn -0.564077097602776 2.39919718403928E-13 0.825722125148665
vn -0.536469208066707 -0.309016995066408 0.785308401557253
vn -0.456347948844079 -0.587785252349584 0.668023238148298
vn -0.331556196465447 -0.809016991563987 0.485347294157618
vn -0.174309398520526 -0.951056517185433 0.255162173345749
vn -4.29286245223412E-13 -1 -1.48029730969801E-14
vn -4.3668771398421E-13 -1 1.11022302462516E-14
vn -0.174309398520526 -0.951056517185433 0.255162173345749
vn -0.331556196465447 -0.809016991563987 0.485347294157618
vn -0.456347948844079 -0.587785252349584 0.668023238148298
vn -0.536469208066707 -0.309016995066408 0.785308401557253
vn -0.564077097602776 2.37778690094327E-13 0.825722125148665
vn -0.747502212409473 3.18506697610118E-13 0.664259318672266
vn -0.710916811369125 -0.309017000053123 0.63174819429178
vn -0.604741991499936 -0.587785244895539 0.537397087450037
vn -0.439370776726687 -0.809016994376658 0.390441830966338
vn -0.230990880961276 -0.951056516432818 0.205267424262612
vn -4.29045769181555E-13 -1 -3.22876465757367E-15
vn -4.29042299734603E-13 -1 -3.22516667337197E-15
vn -4.29038559237108E-13 -1 -3.22186366839416E-15
vn -4.29034547689069E-13 -1 -3.21887787725508E-15
vn -0.174309398520526 -0.951056517185433 0.255162173345749
vn -0.331556196465447 -0.809016991563987 0.485347294157618
vn -0.456347948844079 -0.587785252349584 0.668023238148298
vn -0.536469208066707 -0.309016995066408 0.785308401557253
vn -0.564077097602776 2.39289444555553E-13 0.825722125148665
vn -0.629550624848685 2.67536991585898E-13 0.776959465321474
vn -0.6908284473851 2.94001533067436E-13 0.723018710880633
vn -0.0418632632711824 -0.998342349958011 0.0394970817732584
vn -0.342272758362043 -0.88236474959434 0.322926938418826
vn -0.579694098961961 -0.604006297404543 0.54692882930445
vn -0.710434832224992 -0.214493089291277 0.670279839923395
vn -0.498334805392595 -0.745355978897241 0.442839571917935
vn -0.349473483780057 -0.883981604145163 0.310555643432178
vn -0.180036635689743 -0.970562108405033 0.159987510568467
vn -4.21884749357559E-13 -1 7.40148654849006E-15
vn -4.29286245223412E-13 -1 0
vn -0.230990880961276 -0.951056516432818 0.205267424262612
vn -0.439370776726687 -0.809016994376658 0.390441830966338
vn -0.604741991499936 -0.587785244895539 0.537397087450037
vn -0.710916811369125 -0.309017000053123 0.63174819429178
vn -0.747502212409473 3.16015607578053E-13 0.664259318672266
vn -0.747502212409473 3.14903487192703E-13 0.664259318672266
vn -0.731038573059752 -0.208721191449231 0.649629178022951
vn -0.682373037427348 -0.408248299668424 0.606383017250661
vn -0.60364918483059 -0.589792178129387 0.536425995148219
vn -0.253278160092203 1.05500227921065E-13 0.967393494716761
vn -0.357524664147404 1.50314209715881E-13 0.933903696601682
vn -0.457484811123986 1.93364611254383E-13 0.889217435496432
vn -0.551960241583848 2.34053070522741E-13 0.833870428610285
vn -0.551960241583848 2.34064644381178E-13 0.833870428610285
vn -0.457484811123986 1.93353742127614E-13 0.889217435496432
vn -0.357524664147404 1.50324740029509E-13 0.933903696601682
vn -0.253278160092203 1.0549349909149E-13 0.967393494716761
vn 0.958696377352448 -4.12298320222624E-13 0.284431461078573
vn 0.958696377352448 -4.12298320222624E-13 0.284431461078573
vn 0.958696377352448 -4.12298320222624E-13 0.284431461078573
vn 0.958696377352448 -4.12298320222624E-13 0.284431461078573
vn -0.556421893123818 2.3628343934755E-13 0.830899919877543
vn -0.556421893123818 2.3628343934755E-13 0.830899919877543
vn -0.556421893123818 2.3628343934755E-13 0.830899919877543
vn -0.556421893123818 2.3628343934755E-13 0.830899919877543
vn -4.28999988744821E-13 -1 -3.26943875618435E-15
vn -4.28999988744821E-13 -1 -3.26943875618435E-15
vn -4.28999988744821E-13 -1 -3.26943875618435E-15
vn -4.28999988744821E-13 -1 -3.26943875618435E-15
vn -4.28999988744821E-13 -1 -3.26943875618435E-15
vn -4.28999988744821E-13 -1 -3.26943875618435E-15
vn 4.28999988744821E-13 1 3.26943875618435E-15
vn 4.28999988744821E-13 1 3.26943875618435E-15
vn 4.28999988744821E-13 1 3.26943875618435E-15
vn 4.28999988744821E-13 1 3.26943875618435E-15
vn 4.28999988744821E-13 1 3.26943875618435E-15
vn 4.28999988744821E-13 1 3.26943875618435E-15
vn -0.847437227835559 3.65295288486168E-13 -0.530895606384516
vn -0.847437227835559 3.65295288486168E-13 -0.530895606384516
vn -0.847437227835559 3.65295288486168E-13 -0.530895606384516
vn -0.847437227835559 3.65295288486168E-13 -0.530895606384516
vn 4.28999988744821E-13 1 3.26943875618435E-15
vn 4.28999988744821E-13 1 3.26943875618435E-15
vn 4.28999988744821E-13 1 3.26943875618435E-15
vn 4.28999988744821E-13 1 3.26943875618435E-15
vn 4.28999988744821E-13 1 3.26943875618435E-15
vn 4.28999988744821E-13 1 3.26943875618435E-15
vn -4.28999988744821E-13 -1 -3.26943875618435E-15
vn -4.28999988744821E-13 -1 -3.26943875618435E-15
vn -4.28999988744821E-13 -1 -3.26943875618435E-15
vn -4.28999988744821E-13 -1 -3.26943875618435E-15
vn -4.28999988744821E-13 -1 -3.26943875618435E-15
vn -4.28999988744821E-13 -1 -3.26943875618435E-15
vn -0.847437227835559 3.65295288486168E-13 -0.530895606384516
vn -0.847437227835559 3.65295288486168E-13 -0.530895606384516
vn -0.847437227835559 3.65295288486168E-13 -0.530895606384516
vn -0.847437227835559 3.65295288486168E-13 -0.530895606384516
vn -0.556421893123818 2.3628343934755E-13 0.830899919877543
vn -0.556421893123818 2.3628343934755E-13 0.830899919877543
vn -0.556421893123818 2.3628343934755E-13 0.830899919877543
vn -0.556421893123818 2.3628343934755E-13 0.830899919877543
vn -0.556421893123818 2.3628343934755E-13 0.830899919877543
vn -0.556421893123818 2.3628343934755E-13 0.830899919877543
vn -0.556421893123818 2.3628343934755E-13 0.830899919877543
vn -0.556421893123818 2.3628343934755E-13 0.830899919877543
vn 0.830899919877543 -3.58275269474846E-13 0.556421893123818
vn 0.830899919877543 -3.58275269474846E-13 0.556421893123818
vn 0.830899919877543 -3.58275269474846E-13 0.556421893123818
vn 0.830899919877543 -3.58275269474846E-13 0.556421893123818
vn 0.88451009497825 -3.81010921651196E-13 0.466521051916811
vn 0.88451009497825 -3.81010921651196E-13 0.466521051916811
vn 0.88451009497825 -3.81010921651196E-13 0.466521051916811
vn 0.88451009497825 -3.81010921651196E-13 0.466521051916811
vn -0.973613592907749 4.17149891421039E-13 0.228202917828111
vn -0.973613592907749 4.17149891421039E-13 0.228202917828111
vn -0.973613592907749 4.17149891421039E-13 0.228202917828111
vn -0.973613592907749 4.17149891421039E-13 0.228202917828111
vn 0.88451009497825 -3.80647903660808E-13 0.466521051916811
vn 0.88451009497825 -3.8098007609956E-13 0.466521051916811
vn 0.671608024207129 -2.91830060940589E-13 0.740906648519634
vn 0.377700087906483 -1.64947413900633E-13 0.925927990502196
vn 0.0382359560059386 -1.90323954802939E-14 0.999268738462438
vn 0.0382359560059386 -1.98254114645369E-14 0.999268738462438
vn 0.377700087906483 -1.64947413900633E-13 0.925927990502196
vn 0.671608024207129 -2.90542191402637E-13 0.740906648519634
vn 0.671608024207129 -2.90542191402637E-13 0.740906648519634
vn 0.671608024207129 -2.91830060940589E-13 0.740906648519634
vn 0.0382359560059386 -1.94316055075924E-14 0.999268738462438
vn 0.0382359560059386 -1.94316055075924E-14 0.999268738462438
vn 0.0382359560059386 -1.94316055075924E-14 0.999268738462438
vn 0.0382359560059386 -1.94316055075924E-14 0.999268738462438
vn 0.0382359560059386 -1.98254114645369E-14 0.999268738462438
vn 0.0382359560059386 -1.90323954802939E-14 0.999268738462438
vn -0.301682852170262 1.26882632108166E-13 0.953408336813988
vn -0.606109274789296 2.56937326439898E-13 0.79538138462903
vn -0.839228168049814 3.55271374154263E-13 0.543779442376919
vn -0.973613592907749 4.18712660389287E-13 0.228202917828111
vn -0.973613592907749 4.17126635285082E-13 0.228202917828111
vn -0.839228168049814 3.58443451611378E-13 0.543779442376919
vn -0.606109274789296 2.57730339031279E-13 0.79538138462903
vn -0.301682852170262 1.26089606001315E-13 0.953408336813988
vt -2.16834187507629 0.0199999995529652
vt -1.99664700031281 0.0199999995529652
vt -1.99664700031281 -0.0199999995529652
vt -2.16834187507629 -0.0199999995529652
vt -0.0753982216119766 -0.0199999995529652
vt -0.0474729537963867 -0.0199999995529652
vt -0.019547687843442 -0.0199999995529652
vt 0.00837757997214794 -0.0199999995529652
vt 0.00837757997214794 0.0199999995529652
vt -0.019547687843442 0.0199999995529652
vt -0.0474729537963867 0.0199999995529652
vt -0.0753982216119766 0.0199999995529652
vt -0.185703039169312 -0.0199999995529652
vt -0.158126831054688 -0.0199999995529652
vt -0.130550622940063 -0.0199999995529652
vt -0.10297442227602 -0.0199999995529652
vt -0.0753982216119766 -0.0199999995529652
vt -0.0753982216119766 0.0199999995529652
vt -0.10297442227602 0.0199999995529652
vt -0.130550622940063 0.0199999995529652
vt -0.158126831054688 0.0199999995529652
vt -0.185703039169312 0.0199999995529652
vt 0.159999996423721 0.129999995231628
vt -1.33246165634339E-17 0.129999995231628
vt 0 0
vt 0.159999996423721 9.62898584109216E-17
vt 0.140000000596046 0.115000002086163
vt 0.140000000596046 0.0149999996647239
vt 0.0199999995529652 0.0149999996647239
vt 0.0199999995529652 0.115000002086163
vt -2.20483589172363 -0.841473579406738
vt -2.17632150650024 -0.868063688278198
vt -2.34284353256226 0.716288089752197
vt -2.48948168754578 0.622025966644287
vt -2.62535095214844 0.51281201839447
vt -2.74893283843994 0.389866471290588
vt -2.85884690284729 0.25456303358078
vt -2.95386481285095 0.108413472771645
vt -2.99403381347656 0.0215619057416916
vt -3.01793122291565 -0.0710969194769859
vt -3.02477788925171 -0.166542530059814
vt -3.0143506526947 -0.26166358590126
vt -2.98698973655701 -0.353359371423721
vt -2.94358658790588 -0.438640773296356
vt -2.88555645942688 -0.514727771282196
vt -2.81479072570801 -0.579140186309814
vt -2.73359632492065 -0.629778206348419
vt -2.64461994171143 -0.664991199970245
vt -2.55076217651367 -0.683631300926208
vt -2.45581197738647 -0.701523780822754
vt -2.36496472358704 -0.734424948692322
vt -2.28057670593262 -0.781481623649597
vt -1.90010714530945 -0.0850000008940697
vt -1.90010714530945 -0.129999995231628
vt -1.78428852558136 -0.129999995231628
vt -1.66847002506256 -0.129999995231628
vt -1.55265152454376 -0.129999995231628
vt -1.43683302402496 -0.129999995231628
vt -1.43683302402496 3.39134972012338E-16
vt -1.56028687953949 2.57421832630891E-18
vt -1.68374073505402 4.36762083688737E-17
vt -1.80719459056854 -9.8725925167225E-18
vt -1.93064844608307 2.33917915732948E-16
vt -1.93064844608307 -0.0450000017881393
vt -1.81293475627899 -0.0450000017881393
vt -1.69522094726563 -0.0450000017881393
vt -1.57750725746155 -0.0450000017881393
vt -1.57750725746155 -0.0850000008940697
vt -1.68504047393799 -0.0850000008940697
vt -1.79257380962372 -0.0850000008940697
vt -0.0497725382447243 0.129999995231628
vt -0.0497725382447243 0.0850000008940697
vt -0.0197130776941776 0.0850000008940697
vt -0.0197130776941776 0.0450000017881393
vt -0.0599999986588955 0.0450000017881393
vt -0.0599999986588955 2.02642150597869E-16
vt 0 0
vt 1.33246165634339E-17 0.129999995231628
vt -0.479514330625534 1.53584229946136
vt -0.493951857089996 1.57345330715179
vt -0.604967951774597 1.53419613838196
vt -0.712899744510651 1.48711729049683
vt -0.817197144031525 1.43245685100555
vt -0.650675058364868 -0.151894882321358
vt -0.558516085147858 -0.237834483385086
vt -0.535535752773285 -0.252829492092133
vt -0.508840143680573 -0.259176969528198
vt -0.481569916009903 -0.256130158901215
vt -0.456933408975601 -0.244047537446022
vt -0.318029433488846 -0.143127903342247
vt -0.29872927069664 -0.123141974210739
vt -0.287428617477417 -0.097760297358036
vt -0.2854905128479 -0.0700442641973495
vt -0.383270442485809 0.860269546508789
vt -0.386212438344955 0.963973999023438
vt -0.373344331979752 1.06691908836365
vt -0.344965666532516 1.16670846939087
vt -0.301736950874329 1.2610194683075
vt -0.129495114088058 1.57175195217133
vt -0.244797274470329 1.54828429222107
vt -0.361849009990692 1.53627562522888
vt 1.59307885169983 0.0199999995529652
vt 3.64285089171464E-18 0.0199999995529652
vt 0 0
vt 1.59307885169983 -5.81157246045056E-17
vt -2.95386481285095 0.108413472771645
vt -2.85846614837646 0.25508576631546
vt -2.74806499481201 0.390825539827347
vt -2.62390446662903 0.514104902744293
vt -2.48738145828247 0.623536169528961
vt -2.34003329277039 0.717887580394745
vt -2.183518409729 0.796097159385681
vt -2.01959824562073 0.857284545898438
vt -2.00882601737976 0.829221606254578
vt -2.17007899284363 0.769227027893066
vt -2.32405543327332 0.692460656166077
vt -2.46901726722717 0.599789261817932
vt -2.60332703590393 0.492259234189987
vt -2.72546887397766 0.371084690093994
vt -2.83406329154968 0.23763382434845
vt -2.92788410186768 0.0934134721755981
vt -2.96737170219421 0.00694745592772961
vt -2.98978209495544 -0.0854291096329689
vt -2.99430513381958 -0.18037748336792
vt -2.98077726364136 -0.274466007947922
vt -2.94968748092651 -0.364294022321701
vt -2.90215945243835 -0.446614980697632
vt -2.83991098403931 -0.518453538417816
vt -2.76519179344177 -0.577213287353516
vt -2.68070268630981 -0.620770514011383
vt -2.58949708938599 -0.647550880908966
vt -2.49487137794495 -0.656586527824402
vt -2.35930991172791 -0.656586527824402
vt -2.07959532737732 -0.917424738407135
vt -2.05948734283447 -0.930545389652252
vt -2.03612875938416 -0.936099469661713
vt -2.01226735115051 -0.933433473110199
vt -1.99071037769318 -0.922861218452454
vt -1.87592554092407 -0.839465081691742
vt -1.85903787612915 -0.821977376937866
vt -1.84914982318878 -0.799768447875977
vt -1.84745395183563 -0.775516927242279
vt -1.85995399951935 -0.656586527824402
vt -1.8448714017868 -0.656586527824402
vt -1.8448714017868 -0.636586546897888
vt -2.49487137794495 -0.636586546897888
vt -2.58571195602417 -0.627912282943726
vt -2.67326927185059 -0.602203130722046
vt -2.75437903404236 -0.560388207435608
vt -2.82610940933228 -0.503978848457336
vt -2.88586783409119 -0.435013830661774
vt -2.93149471282959 -0.355985730886459
vt -2.96134090423584 -0.26975080370903
vt -2.97432780265808 -0.179425850510597
vt -2.96998572349548 -0.0882754027843475
vt -2.94847178459167 0.000406096689403057
vt -2.91056370735168 0.0834134742617607
vt -2.82817053794861 0.211601734161377
vt -2.7339506149292 0.33136573433876
vt -2.62875890731812 0.441617965698242
vt -2.5135509967804 0.541357398033142
vt -2.38937258720398 0.629678308963776
vt -2.2573516368866 0.705778777599335
vt -2.11868643760681 0.768967807292938
vt -1.97463667392731 0.818671643733978
vt -1.86717319488525 0.821357786655426
vt -1.76038658618927 0.833694934844971
vt -1.65514159202576 0.855583071708679
vt -1.8273833990097 0.544850587844849
vt -1.87061202526093 0.450539648532867
vt -1.89899075031281 0.350750267505646
vt -1.91185891628265 0.247805178165436
vt -1.90891683101654 0.144100695848465
vt -1.81113696098328 -0.786213099956512
vt -1.81307506561279 -0.81392914056778
vt -1.82437562942505 -0.839310824871063
vt -1.8436758518219 -0.85929673910141
vt -1.98257982730865 -0.960216343402863
vt -2.00721621513367 -0.972298979759216
vt -2.0344865322113 -0.9753457903862
vt -2.06118226051331 -0.968998312950134
vt -2.08416247367859 -0.95400333404541
vt -2.20483589172363 -0.841473579406738
vt -2.28057670593262 -0.781481623649597
vt -2.36496472358704 -0.734424948692322
vt -2.45581197738647 -0.701523780822754
vt -2.55076217651367 -0.683631300926208
vt -2.64461994171143 -0.664991199970245
vt -2.73359632492065 -0.629778206348419
vt -2.81479072570801 -0.579140186309814
vt -2.88555645942688 -0.514727771282196
vt -2.94358658790588 -0.438640773296356
vt -2.98698973655701 -0.353359371423721
vt -3.0143506526947 -0.26166358590126
vt -3.02477788925171 -0.166542530059814
vt -3.01793122291565 -0.0710969194769859
vt -2.99403381347656 0.0215619057416916
vt 3.09215402603149 0.0199999995529652
vt 3.09215402603149 -0.0199999995529652
vt 3.26720380783081 -0.0199999995529652
vt 3.44225382804871 -0.0199999995529652
vt 3.61730360984802 -0.0199999995529652
vt 3.79235339164734 -0.0199999995529652
vt 3.96740317344666 -0.0199999995529652
vt 4.14245319366455 -0.0199999995529652
vt 4.31750297546387 -0.0199999995529652
vt 4.31750297546387 -2.45805123175156E-16
vt 4.14309978485107 0
vt 3.96869659423828 0
vt 3.79429340362549 5.62344379588742E-17
vt 3.61989045143127 0
vt 3.44548726081848 -4.79464058584481E-16
vt 3.44548726081848 0.0199999995529652
vt 3.32770943641663 0.0199999995529652
vt 3.20993185043335 0.0199999995529652
vt -0.409395962953568 0.0199999995529652
vt -0.0541187226772308 0.0199999995529652
vt -0.0541187226772308 -0.0199999995529652
vt -0.409395962953568 -0.0199999995529652
vt -2.06507349014282 -0.0199999995529652
vt 2.10364532470703 -0.0199999995529652
vt 1.99979829788208 -0.0199999995529652
vt 1.89595115184784 -0.0199999995529652
vt 1.79210412502289 -0.0199999995529652
vt 1.79210412502289 0.0199999995529652
vt 1.89595115184784 0.0199999995529652
vt 1.99979829788208 0.0199999995529652
vt -2.16892075538635 0.0199999995529652
vt -2.06507349014282 0.0199999995529652
vt -2.16892075538635 -0.0199999995529652
vt 2.10364532470703 0.0199999995529652
vt -0.592590749263763 0.0199999995529652
vt 0.342847436666489 0.0199999995529652
vt 0.342847436666489 -0.0199999995529652
vt -0.592590749263763 -0.0199999995529652
vt -0.0333634614944458 -1.1579521894455
vt -0.00270858174189925 -1.16591453552246
vt 0.0277846902608871 -1.17447507381439
vt 0.0581046864390373 -1.1836302280426
vt 0.0759415701031685 -1.1371636390686
vt -0.37217703461647 -0.965147018432617
vt -0.429515898227692 -1.11451983451843
vt -0.31959655880928 -1.15086770057678
vt -0.206674590706825 -1.1764030456543
vt -0.0918108746409416 -1.19088590145111
vt 0.0239154137670994 -1.19418025016785
vt 0.00328549044206738 -1.18829524517059
vt -0.0174215231090784 -1.18268752098083
vt -0.0382018983364105 -1.17735815048218
vt -0.280775815248489 -1.11687767505646
vt -0.274823933839798 -1.09774935245514
vt 0.479999989271164 0.129999995231628
vt -1.71113016732443E-16 0.129999995231628
vt 0 0
vt 0.479999989271164 -2.20698239437926E-17
vt 0.0759415701031685 -1.1371636390686
vt 0.0544394925236702 -1.19317841529846
vt -0.0689571499824524 -1.19242751598358
vt -0.191617771983147 -1.17894911766052
vt -0.312233150005341 -1.15288722515106
vt -0.429515898227692 -1.11451983451843
vt -0.37217703461647 -0.965147018432617
vt -2.84830472154003E-16 0.100000001490116
vt -0.143178209662437 0.100000001490116
vt -0.143178209662437 2.80819956437211E-16
vt 0 0
vt 2.12363958015091E-16 0.100000001490116
vt -0.0599999986588955 0.100000001490116
vt -0.0599999986588955 -2.02642150597869E-16
vt 0 0
vt 0.143178209662437 0.100000001490116
vt 2.9130815661813E-16 0.100000001490116
vt 0 0
vt 0.143178209662437 3.93728938762952E-17
vt 0.119950219988823 -0.0781789273023605
vt 0 0
vt 0.0215020775794983 0.0560148246586323
vt 0.16295437514782 0.0338507257401943
vt 0 0
vt 0.119950219988823 -0.0781789273023605
vt 0.16295437514782 0.0338507257401943
vt 0.0215020775794983 0.0560148246586323
vt -1.03863131999969 0.0199999995529652
vt -0.873631298542023 0.0199999995529652
vt -0.873631298542023 -0.0199999995529652
vt -0.999642729759216 -0.0199999995529652
vt -0.999642729759216 3.67336847964386E-17
vt -1.03863131999969 -2.68640105729172E-17
vt 8.18162464521848E-16 -0.0450000017881393
vt 1.48025042642438E-15 -1.35500001907349
vt -0.248852461576462 -1.35500001907349
vt -0.248852461576462 -0.764999985694885
vt -0.137065038084984 -0.764999985694885
vt -0.137065038084984 -0.634999990463257
vt -0.248852461576462 -0.634999990463257
vt -0.248852461576462 -0.0450000017881393
vt 0.25 -0.764999985694885
vt 0.25 -1.35500001907349
vt 3.41491417671599E-16 -1.35500001907349
vt 1.6795515879107E-16 -0.0450000017881393
vt 0.25 -0.0450000017881393
vt 0.25 -0.634999990463257
vt 0.206604540348053 -0.634999990463257
vt 0.206604540348053 -0.764999985694885
vt 0.847792625427246 -1.39999997615814
vt 1.01992559432983 -1.39999997615814
vt 1.19205856323242 -1.39999997615814
vt 1.36419153213501 -1.39999997615814
vt 1.5363245010376 -1.39999997615814
vt 1.70845758914948 -1.39999997615814
vt 1.88059055805206 -1.39999997615814
vt 2.05272340774536 -1.39999997615814
vt 2.05272340774536 -1.35500001907349
vt 2.08439612388611 -1.35500001907349
vt 2.11606860160828 -1.35500001907349
vt 2.14774131774902 -1.35500001907349
vt 2.14774131774902 -0.0450000017881393
vt 2.11606860160828 -0.0450000017881393
vt 2.08439612388611 -0.0450000017881393
vt 2.05272340774536 -0.0450000017881393
vt 2.05272340774536 4.85611664896975E-16
vt 1.88059055805206 -8.09768923879929E-17
vt 1.70845758914948 -7.37161855211332E-17
vt 1.5363245010376 1.30248645074182E-17
vt 1.36419153213501 1.20325372855689E-17
vt 1.19205856323242 0
vt 1.01992559432983 0
vt 0.847792625427246 2.50526908339625E-16
vt 2.12121224403381 -1.35500001907349
vt 2.09975910186768 -1.35500001907349
vt 2.07830619812012 -1.35500001907349
vt 2.05685305595398 -1.35500001907349
vt 2.05685305595398 -1.39999997615814
vt 1.90441155433655 -1.39999997615814
vt 1.75196993350983 -1.39999997615814
vt 1.5995284318924 -1.39999997615814
vt 1.44708681106567 -1.39999997615814
vt 1.29464530944824 -1.39999997615814
vt 1.14220368862152 -1.39999997615814
vt 0.989762187004089 -1.39999997615814
vt 0.837320625782013 -1.39999997615814
vt 0.837320625782013 0
vt 0.989762187004089 0
vt 1.14220368862152 7.01504878331029E-17
vt 1.29464530944824 -1.98788690009621E-17
vt 1.44708681106567 0
vt 1.5995284318924 0
vt 1.75196993350983 -2.55799747993287E-17
vt 1.90441155433655 0
vt 2.05685305595398 4.96077180476775E-16
vt 2.05685305595398 -0.0450000017881393
vt 2.07830619812012 -0.0450000017881393
vt 2.09975910186768 -0.0450000017881393
vt 2.12121224403381 -0.0450000017881393
vt -0.119585484266281 -1.19749999046326
vt -5.91680836321303E-16 -1.19749999046326
vt -5.75860060811605E-16 -1.39999997615814
vt -0.119585484266281 -1.39999997615814
vt -0.153938040137291 -1.19749999046326
vt -0.178372651338577 -1.19749999046326
vt -0.202807262539864 -1.19749999046326
vt -0.22724187374115 -1.19749999046326
vt -0.22724187374115 -1.39999997615814
vt -0.202807262539864 -1.39999997615814
vt -0.178372651338577 -1.39999997615814
vt -0.153938040137291 -1.39999997615814
vt -0.141881927847862 -1.19749999046326
vt 1.20417666028843E-15 -1.19749999046326
vt 1.33776857914701E-15 -1.39999997615814
vt -0.141881927847862 -1.39999997615814
vt -0.0574213340878487 -1.19749999046326
vt -0.0815505087375641 -1.19749999046326
vt -0.10567968338728 -1.19749999046326
vt -0.129808858036995 -1.19749999046326
vt -0.153938040137291 -1.19749999046326
vt -0.153938040137291 -1.39999997615814
vt -0.129808858036995 -1.39999997615814
vt -0.10567968338728 -1.39999997615814
vt -0.0815505087375641 -1.39999997615814
vt -0.0574213340878487 -1.39999997615814
vt -0.382461667060852 -1.19749999046326
vt 6.43559433818701E-16 -1.19749999046326
vt 3.21459750213525E-16 -1.39999997615814
vt -0.382461667060852 -1.39999997615814
vt -1.39999997615814 -6.7774427239976E-18
vt -1.19749999046326 2.68362616412163E-16
vt -1.19749999046326 -0.0199999995529652
vt -1.39999997615814 -0.0199999995529652
vt 0.632895171642303 -0.202500000596046
vt -1.42675738412952E-16 -0.202500000596046
vt 0 0
vt 0.649999976158142 -4.58753672890195E-17
vt 0.649999976158142 -1.39999997615814
vt 1.11326665223266E-16 -1.39999997615814
vt 3.77552892488886E-16 -1.19749999046326
vt 0.632895171642303 -1.19749999046326
vt 0.632895171642303 -1.12750005722046
vt 3.89856019577975E-16 -1.12750005722046
vt -2.78529367589599E-16 -0.27250000834465
vt 0.632895171642303 -0.27250000834465
vt -0.785398185253143 -0.202500000596046
vt -0.703788042068481 -0.202500000596046
vt -0.62217789888382 -0.202500000596046
vt -0.540567755699158 -0.202500000596046
vt -0.540567755699158 -0.27250000834465
vt -0.62217789888382 -0.27250000834465
vt -0.703788042068481 -0.27250000834465
vt -0.785398185253143 -0.27250000834465
vt -0.785398185253143 -1.12750005722046
vt -0.703788042068481 -1.12750005722046
vt -0.62217789888382 -1.12750005722046
vt -0.540567755699158 -1.12750005722046
vt -0.540567755699158 -1.19749999046326
vt -0.62217789888382 -1.19749999046326
vt -0.703788042068481 -1.19749999046326
vt -0.785398185253143 -1.19749999046326
vt -0.785398185253143 -1.39999997615814
vt -0.690198361873627 -1.39999997615814
vt -0.594998598098755 -1.39999997615814
vt -0.499798834323883 -1.39999997615814
vt -0.404599040746689 -1.39999997615814
vt -0.309399276971817 -1.39999997615814
vt -0.214199498295784 -1.39999997615814
vt -0.118999719619751 -1.39999997615814
vt -0.0237999446690083 -1.39999997615814
vt 0.0713998302817345 -1.39999997615814
vt 0.166599616408348 -1.39999997615814
vt 0.261799395084381 -1.39999997615814
vt 0.261799395084381 -4.68158584106025E-18
vt 0.166599616408348 0
vt 0.0713998302817345 -1.63115136429843E-17
vt -0.0237999446690083 -8.09736696923264E-17
vt -0.118999719619751 0
vt -0.214199498295784 -8.6715527370751E-17
vt -0.309399276971817 9.15143991508652E-17
vt -0.404599040746689 7.15672430816143E-17
vt -0.499798834323883 0
vt -0.594998598098755 -7.1625615563081E-17
vt -0.690198361873627 -5.16927291865773E-18
vt -0.785398185253143 -1.33522872438489E-16
vt 0.25132742524147 -1.39999997615814
vt 0.159935623407364 -1.39999997615814
vt 0.0685438364744186 -1.39999997615814
vt -0.0228479467332363 -1.39999997615814
vt -0.114239729940891 -1.39999997615814
vt -0.205631524324417 -1.39999997615814
vt -0.297023296356201 -1.39999997615814
vt -0.388415098190308 -1.39999997615814
vt -0.479806870222092 -1.39999997615814
vt -0.571198642253876 -1.39999997615814
vt -0.662590444087982 -1.39999997615814
vt -0.753982245922089 -1.39999997615814
vt -0.753982245922089 -1.90354442155398E-16
vt -0.662590444087982 -5.21610013012224E-19
vt -0.571198642253876 0
vt -0.479806870222092 8.48676522044219E-17
vt -0.388415098190308 0
vt -0.297023296356201 0
vt -0.205631524324417 -1.66335284380063E-17
vt -0.114239729940891 0
vt -0.0228479467332363 0
vt 0.0685438364744186 0
vt 0.159935623407364 0
vt 0.25132742524147 -7.55485957187301E-17
vt -0.68233048915863 -1.12750005722046
vt -0.68233048915863 -1.19749999046326
vt -0.624024093151093 -1.19749999046326
vt -0.565717697143555 -1.19749999046326
vt -0.507411301136017 -1.19749999046326
vt -0.507411301136017 -1.12750005722046
vt -0.565717697143555 -1.12750005722046
vt -0.624024093151093 -1.12750005722046
vt -0.68233048915863 -0.27250000834465
vt -0.624024093151093 -0.27250000834465
vt -0.565717697143555 -0.27250000834465
vt -0.507411301136017 -0.27250000834465
vt -0.507411301136017 -0.202500000596046
vt -0.565717697143555 -0.202500000596046
vt -0.624024093151093 -0.202500000596046
vt -0.68233048915863 -0.202500000596046
vt -0.649999976158142 -1.39999997615814
vt -0.649999976158142 -1.19749999046326
vt -0.514438629150391 -1.19749999046326
vt -0.514438629150391 -1.39999997615814
vt -0.015082623809576 -1.39999997615814
vt -0.015082623809576 -1.19749999046326
vt -2.54002416871107E-16 -1.19749999046326
vt -2.34877154075934E-16 -1.39999997615814
vt 0.0200328938663006 -0.764999985694885
vt 0.0200328938663006 -1.35500001907349
vt -2.60675315959797E-16 -1.35500001907349
vt -3.38446605541461E-17 -0.764999985694885
vt 1.3875367641449 -0.0199999995529652
vt 1.48335802555084 -0.0199999995529652
vt 1.57917940616608 -0.0199999995529652
vt -1.6550874710083 -0.0199999995529652
vt -1.55926620960236 -0.0199999995529652
vt -1.46344494819641 -0.0199999995529652
vt -1.36762356758118 -0.0199999995529652
vt -1.27180230617523 -0.0199999995529652
vt -1.17598092556 -0.0199999995529652
vt -1.08015966415405 -0.0199999995529652
vt -0.984338343143463 -0.0199999995529652
vt -0.888517022132874 -0.0199999995529652
vt -0.888517022132874 1.50266702102457E-16
vt -0.984338343143463 0
vt -1.08015966415405 0
vt -1.17598092556 -6.39183899841202E-17
vt -1.27180230617523 0
vt -1.36762356758118 4.85604683492605E-17
vt -1.46344494819641 0
vt -1.55926620960236 -8.22191191447006E-17
vt 1.67500066757202 0
vt 1.57917940616608 0
vt 1.48335802555084 0
vt 1.3875367641449 9.40337348707118E-18
vt -1.6550874710083 0
vt 1.67500066757202 -0.0199999995529652
vt 0.879087269306183 -0.0199999995529652
vt 0.782361149787903 -0.0199999995529652
vt 0.685635089874268 -0.0199999995529652
vt 0.588908970355988 -0.0199999995529652
vt 0.492182850837708 -0.0199999995529652
vt 0.492182850837708 -8.37882542969341E-17
vt 0.588908970355988 3.82068140580568E-17
vt 0.685635089874268 4.69130355889652E-18
vt 0.782361149787903 -2.13300531609292E-17
vt 0.879087269306183 -1.74302770758235E-16
vt 0 0
vt 0.119950219988823 0.0781789273023605
vt 0.16295437514782 -0.0338507257401943
vt 0.0215020775794983 -0.0560148246586323
vt 0.119950219988823 0.0781789273023605
vt 0 0
vt 0.0215020775794983 -0.0560148246586323
vt 0.16295437514782 -0.0338507257401943
vt 0.0599999986588955 -0.100000001490116
vt 1.54577540629887E-17 -0.100000001490116
vt 0 0
vt 0.0599999986588955 -2.02642150597869E-16
vt -5.14286165381256E-16 -0.100000001490116
vt -0.143178209662437 -0.100000001490116
vt -0.143178209662437 -1.82671707740014E-16
vt 0 0
vt 0.143178209662437 -0.100000001490116
vt -2.84830472154003E-16 -0.100000001490116
vt 0 0
vt 0.143178209662437 5.8775344894735E-17
vt -0.141452297568321 0.0221641007810831
vt 0 0
vt 0.0215020775794983 0.0560148246586323
vt -0.0984481424093246 0.134193748235703
vt 0 0
vt -0.141452297568321 0.0221641007810831
vt -0.0984481424093246 0.134193748235703
vt 0.0215020775794983 0.0560148246586323
vt 0.143178209662437 -0.100000001490116
vt -2.82063691971356E-16 -0.100000001490116
vt -8.88109492394042E-16 3.81174324951537E-28
vt 0.143178209662437 3.26419449065777E-18
vt -2.01061415064725E-16 -0.100000001490116
vt -0.0599999986588955 -0.100000001490116
vt -0.0599999986588955 -1.9402452672801E-17
vt 0 0
vt 1.0805437180723E-17 -0.100000001490116
vt -0.143178209662437 -0.100000001490116
vt -0.143178209662437 -1.61382590093238E-17
vt 0 0
vt -0.0468304269015789 0.870825231075287
vt -0.0408785417675972 0.851696968078613
vt 0.0675883293151855 0.878740787506104
vt 0.0789623633027077 0.877791821956635
vt 0.0903231650590897 0.87669563293457
vt 0.101668812334538 0.87545245885849
vt 0.123170889914036 0.819437623023987
vt -0.231589674949646 0.683257818222046
vt -0.288928538560867 0.832630693912506
vt -0.196165397763252 0.859227955341339
vt -0.101050443947315 0.875524044036865
vt -0.00472400337457657 0.881323575973511
vt 0.0675883293151855 0.878740787506104
vt -0.0408785417675972 0.851696968078613
vt -0.0468304269015789 0.870825231075287
vt -0.00472400337457657 0.881323575973511
vt -0.101050443947315 0.875524044036865
vt -0.196165397763252 0.859227955341339
vt -0.288928538560867 0.832630693912506
vt -0.231589674949646 0.683257818222046
vt 0.123170889914036 0.819437623023987
vt 0.101668812334538 0.87545245885849
vt 0.0903231650590897 0.87669563293457
vt 0.0789623633027077 0.877791821956635
vt -1.28250408172607 -2.83319762422795E-16
vt -1.29391765594482 -2.48967198910471E-18
vt -1.30533134937286 -1.15844643010969E-17
vt -1.31674492359161 -2.82209328698725E-16
vt -1.31674492359161 -0.129999995231628
vt -1.30533134937286 -0.129999995231628
vt -1.29391765594482 -0.129999995231628
vt -1.28250408172607 -0.129999995231628
vt -0.0178907923400402 -0.115000002086163
vt -0.0178907923400402 -0.0149999996647239
vt -0.137890785932541 -0.0149999996647239
vt -0.137890785932541 -0.115000002086163
vt -1.33246165634339E-17 -0.129999995231628
vt -0.159999996423721 -0.129999995231628
vt -0.159999996423721 -1.47324407428716E-17
vt 0 0
vt -1.71113016732443E-16 -0.129999995231628
vt -0.379999995231628 -0.129999995231628
vt -0.379999995231628 -1.7471943817639E-17
vt 0 0
vt 0.0599999986588955 -0.129999995231628
vt 1.33246165634339E-17 -0.129999995231628
vt 0 0
vt 0.0599999986588955 -1.9402452672801E-17
vt 0.0544394925236702 1.19317841529846
vt 0.0759415701031685 1.1371636390686
vt -0.37217703461647 0.965147018432617
vt -0.429515898227692 1.11451983451843
vt -0.312233150005341 1.15288722515106
vt -0.191617771983147 1.17894911766052
vt -0.0689571499824524 1.19242751598358
vt 0.0581046864390373 1.1836302280426
vt 0.0277846902608871 1.17447507381439
vt -0.00270858174189925 1.16591453552246
vt -0.0333634614944458 1.1579521894455
vt -0.274823933839798 1.09774935245514
vt -0.280775815248489 1.11687767505646
vt -0.0382018983364105 1.17735815048218
vt -0.0174215231090784 1.18268752098083
vt 0.00328549044206738 1.18829524517059
vt 0.0239154137670994 1.19418025016785
vt -0.0918108746409416 1.19088590145111
vt -0.206674590706825 1.1764030456543
vt -0.31959655880928 1.15086770057678
vt -0.429515898227692 1.11451983451843
vt -0.37217703461647 0.965147018432617
vt 0.0759415701031685 1.1371636390686
vt -2.3155472278595 -0.129999995231628
vt -2.1997287273407 -0.129999995231628
vt -2.0839102268219 -0.129999995231628
vt -1.96809160709381 -0.129999995231628
vt -1.85227310657501 -0.129999995231628
vt -1.85227310657501 -0.0850000008940697
vt -1.95980644226074 -0.0850000008940697
vt -2.06733965873718 -0.0850000008940697
vt -2.1748731136322 -0.0850000008940697
vt -2.1748731136322 -0.0450000017881393
vt -2.05715918540955 -0.0450000017881393
vt -1.93944549560547 -0.0450000017881393
vt -1.8217316865921 -0.0450000017881393
vt -1.8217316865921 -2.33917915732948E-16
vt -1.94518566131592 9.8725925167225E-18
vt -2.06863951683044 -4.36762083688737E-17
vt -2.19209337234497 -2.57421832630891E-18
vt -2.3155472278595 -1.17090380322196E-16
vt -1.33246165634339E-17 -0.129999995231628
vt -0.159999996423721 -0.129999995231628
vt -0.159999996423721 9.62898584109216E-17
vt 0 0
vt -0.0199999995529652 -0.0149999996647239
vt -0.140000000596046 -0.0149999996647239
vt -0.140000000596046 -0.115000002086163
vt -0.0199999995529652 -0.115000002086163
vt -1.71113016732443E-16 -0.129999995231628
vt -0.479999989271164 -0.129999995231628
vt -0.479999989271164 -2.20698239437926E-17
vt 0 0
vt 0.0197130776941776 -0.0850000008940697
vt 0.0497725382447243 -0.0850000008940697
vt 0.0497725382447243 -0.129999995231628
vt 1.33246165634339E-17 -0.129999995231628
vt 0 0
vt 0.0599999986588955 -1.9402452672801E-17
vt 0.0599999986588955 -0.0450000017881393
vt 0.0197130776941776 -0.0450000017881393
vt -0.817197144031525 -1.43245685100555
vt -0.712899744510651 -1.48711729049683
vt -0.604967951774597 -1.53419613838196
vt -0.493951857089996 -1.57345330715179
vt -0.479514330625534 -1.53584229946136
vt -0.361849009990692 -1.53627562522888
vt -0.244797274470329 -1.54828429222107
vt -0.129495114088058 -1.57175195217133
vt -0.301736950874329 -1.2610194683075
vt -0.344965666532516 -1.16670846939087
vt -0.373344331979752 -1.06691908836365
vt -0.386212438344955 -0.963973999023438
vt -0.383270442485809 -0.860269546508789
vt -0.2854905128479 0.0700442641973495
vt -0.287428617477417 0.097760297358036
vt -0.29872927069664 0.123141974210739
vt -0.318029433488846 0.143127903342247
vt -0.456933408975601 0.244047537446022
vt -0.481569916009903 0.256130158901215
vt -0.508840143680573 0.259176969528198
vt -0.535535752773285 0.252829492092133
vt -0.558516085147858 0.237834483385086
vt -0.650675058364868 0.151894882321358
vt -1.92757845203673E-16 -0.0199999995529652
vt -1.59307885169983 -0.0199999995529652
vt -1.59307885169983 -5.81157246045056E-17
vt 0 0
vt -2.34284353256226 -0.716288089752197
vt -2.17632150650024 0.868063688278198
vt -2.20483589172363 0.841473579406738
vt -2.28057670593262 0.781481623649597
vt -2.36496472358704 0.734424948692322
vt -2.45581197738647 0.701523780822754
vt -2.55076217651367 0.683631300926208
vt -2.64461994171143 0.664991199970245
vt -2.73359632492065 0.629778206348419
vt -2.81479072570801 0.579140186309814
vt -2.88555645942688 0.514727771282196
vt -2.94358658790588 0.438640773296356
vt -2.98698973655701 0.353359371423721
vt -3.0143506526947 0.26166358590126
vt -3.02477788925171 0.166542530059814
vt -3.01793122291565 0.0710969194769859
vt -2.99403381347656 -0.0215619057416916
vt -2.95386481285095 -0.108413472771645
vt -2.85884690284729 -0.25456303358078
vt -2.74893283843994 -0.389866471290588
vt -2.62535095214844 -0.51281201839447
vt -2.48948168754578 -0.622025966644287
vt -2.00882601737976 -0.829221606254578
vt -2.01959824562073 -0.857284545898438
vt -2.183518409729 -0.796097159385681
vt -2.34003329277039 -0.717887580394745
vt -2.48738145828247 -0.623536169528961
vt -2.62390446662903 -0.514104902744293
vt -2.74806499481201 -0.390825539827347
vt -2.85846614837646 -0.25508576631546
vt -2.95386481285095 -0.108413472771645
vt -2.99403381347656 -0.0215619057416916
vt -3.01793122291565 0.0710969194769859
vt -3.02477788925171 0.166542530059814
vt -3.0143506526947 0.26166358590126
vt -2.98698973655701 0.353359371423721
vt -2.94358658790588 0.438640773296356
vt -2.88555645942688 0.514727771282196
vt -2.81479072570801 0.579140186309814
vt -2.73359632492065 0.629778206348419
vt -2.64461994171143 0.664991199970245
vt -2.55076217651367 0.683631300926208
vt -2.45581197738647 0.701523780822754
vt -2.36496472358704 0.734424948692322
vt -2.28057670593262 0.781481623649597
vt -2.20483589172363 0.841473579406738
vt -2.08416247367859 0.95400333404541
vt -2.06118226051331 0.968998312950134
vt -2.0344865322113 0.9753457903862
vt -2.00721621513367 0.972298979759216
vt -1.98257982730865 0.960216343402863
vt -1.8436758518219 0.85929673910141
vt -1.82437562942505 0.839310824871063
vt -1.81307506561279 0.81392914056778
vt -1.81113696098328 0.786213099956512
vt -1.90891683101654 -0.144100695848465
vt -1.91185891628265 -0.247805178165436
vt -1.89899075031281 -0.350750267505646
vt -1.87061202526093 -0.450539648532867
vt -1.8273833990097 -0.544850587844849
vt -1.65514159202576 -0.855583071708679
vt -1.76038658618927 -0.833694934844971
vt -1.86717319488525 -0.821357786655426
vt -1.97463667392731 -0.818671643733978
vt -2.11868643760681 -0.768967807292938
vt -2.2573516368866 -0.705778777599335
vt -2.38937258720398 -0.629678308963776
vt -2.5135509967804 -0.541357398033142
vt -2.62875890731812 -0.441617965698242
vt -2.7339506149292 -0.33136573433876
vt -2.82817053794861 -0.211601734161377
vt -2.91056370735168 -0.0834134742617607
vt -2.94847178459167 -0.000406096689403057
vt -2.96998572349548 0.0882754027843475
vt -2.97432780265808 0.179425850510597
vt -2.96134090423584 0.26975080370903
vt -2.93149471282959 0.355985730886459
vt -2.88586783409119 0.435013830661774
vt -2.82610940933228 0.503978848457336
vt -2.75437903404236 0.560388207435608
vt -2.67326927185059 0.602203130722046
vt -2.58571195602417 0.627912282943726
vt -2.49487137794495 0.636586546897888
vt -1.8448714017868 0.636586546897888
vt -1.8448714017868 0.656586527824402
vt -1.85995399951935 0.656586527824402
vt -1.84745395183563 0.775516927242279
vt -1.84914982318878 0.799768447875977
vt -1.85903787612915 0.821977376937866
vt -1.87592554092407 0.839465081691742
vt -1.99071037769318 0.922861218452454
vt -2.01226735115051 0.933433473110199
vt -2.03612875938416 0.936099469661713
vt -2.05948734283447 0.930545389652252
vt -2.07959532737732 0.917424738407135
vt -2.35930991172791 0.656586527824402
vt -2.49487137794495 0.656586527824402
vt -2.58949708938599 0.647550880908966
vt -2.68070268630981 0.620770514011383
vt -2.76519179344177 0.577213287353516
vt -2.83991098403931 0.518453538417816
vt -2.90215945243835 0.446614980697632
vt -2.94968748092651 0.364294022321701
vt -2.98077726364136 0.274466007947922
vt -2.99430513381958 0.18037748336792
vt -2.98978209495544 0.0854291096329689
vt -2.96737170219421 -0.00694745592772961
vt -2.92788410186768 -0.0934134721755981
vt -2.83406329154968 -0.23763382434845
vt -2.72546887397766 -0.371084690093994
vt -2.60332703590393 -0.492259234189987
vt -2.46901726722717 -0.599789261817932
vt -2.32405543327332 -0.692460656166077
vt -2.17007899284363 -0.769227027893066
vt 1.39277279376984 -0.0199999995529652
vt 1.29604661464691 -0.0199999995529652
vt 1.19932055473328 -0.0199999995529652
vt 1.10259437561035 -0.0199999995529652
vt 1.00586831569672 -0.0199999995529652
vt 1.00586831569672 1.74302770758235E-16
vt 1.10259437561035 2.13300531609292E-17
vt 1.19932055473328 0
vt 1.29604661464691 0
vt 1.39277279376984 3.0583286583941E-16
vt 0.873631298542023 -0.0199999995529652
vt 1.03863131999969 -0.0199999995529652
vt 1.03863131999969 1.95180597660837E-16
vt 0.999642729759216 3.67336847964386E-17
vt 0.999642729759216 0.0199999995529652
vt 0.873631298542023 0.0199999995529652
vt -0.175929188728333 -0.0199999995529652
vt -0.148352980613708 -0.0199999995529652
vt -0.120776787400246 -0.0199999995529652
vt -0.0932005792856216 -0.0199999995529652
vt -0.0656243786215782 -0.0199999995529652
vt -0.0656243786215782 0.0199999995529652
vt -0.0932005792856216 0.0199999995529652
vt -0.120776787400246 0.0199999995529652
vt -0.148352980613708 0.0199999995529652
vt -0.175929188728333 0.0199999995529652
vt 1.99664700031281 -0.0199999995529652
vt 2.16834187507629 -0.0199999995529652
vt 2.16834187507629 0.0199999995529652
vt 1.99664700031281 0.0199999995529652
vt 0.242949828505516 -0.0199999995529652
vt -0.231779724359512 -0.0199999995529652
vt -0.203854456543922 -0.0199999995529652
vt -0.175929188728333 -0.0199999995529652
vt -0.175929188728333 0.0199999995529652
vt -0.203854456543922 0.0199999995529652
vt 0.270875096321106 0.0199999995529652
vt 0.242949828505516 0.0199999995529652
vt -0.231779724359512 0.0199999995529652
vt 0.270875096321106 -0.0199999995529652
vt -0.342847436666489 -0.0199999995529652
vt 0.592590749263763 -0.0199999995529652
vt 0.592590749263763 0.0199999995529652
vt -0.342847436666489 0.0199999995529652
vt 0.344178915023804 -0.0199999995529652
vt 0.240331843495369 -0.0199999995529652
vt 0.136484742164612 -0.0199999995529652
vt 0.0326376557350159 -0.0199999995529652
vt -0.0712094306945801 -0.0199999995529652
vt -0.0712094306945801 0.0199999995529652
vt 0.0326376557350159 0.0199999995529652
vt 0.136484742164612 0.0199999995529652
vt 0.240331843495369 0.0199999995529652
vt 0.344178915023804 0.0199999995529652
vt 0.409395962953568 0.0199999995529652
vt 0.0541187226772308 0.0199999995529652
vt 0.0541187226772308 -0.0199999995529652
vt 0.409395962953568 -0.0199999995529652
vt 2.08884930610657 -0.0199999995529652
vt 2.08884930610657 0.0199999995529652
vt 1.971071600914 0.0199999995529652
vt 1.85329389572144 0.0199999995529652
vt 1.73551619052887 0.0199999995529652
vt 1.73551619052887 4.79464058584481E-16
vt 1.56111299991608 -1.2048184234036E-17
vt 1.38670992851257 -5.62344379588742E-17
vt 1.21230685710907 -4.08665140560475E-17
vt 1.03790366649628 -7.66955990976818E-18
vt 0.863500595092773 2.45805123175156E-16
vt 0.863500595092773 -0.0199999995529652
vt 1.03855037689209 -0.0199999995529652
vt 1.21360015869141 -0.0199999995529652
vt 1.38865005970001 -0.0199999995529652
vt 1.56369984149933 -0.0199999995529652
vt 1.73874962329865 -0.0199999995529652
vt 1.91379952430725 -0.0199999995529652
vt -0.776527106761932 -0.0199999995529652
vt -0.680705785751343 -0.0199999995529652
vt -0.584884464740753 -0.0199999995529652
vt -0.489063143730164 -0.0199999995529652
vt -0.393241852521896 -0.0199999995529652
vt -0.297420531511307 -0.0199999995529652
vt -0.201599210500717 -0.0199999995529652
vt -0.105777904391289 -0.0199999995529652
vt -0.00995658896863461 -0.0199999995529652
vt 0.0858647227287292 -0.0199999995529652
vt 0.181686043739319 -0.0199999995529652
vt 0.277507364749908 -0.0199999995529652
vt 0.277507364749908 -9.40337348707118E-18
vt 0.181686043739319 0
vt 0.0858647227287292 0
vt -0.00995658896863461 2.22748952525343E-17
vt -0.105777904391289 8.22191191447006E-17
vt -0.201599210500717 0
vt -0.297420531511307 0
vt -0.393241852521896 0
vt -0.489063143730164 0
vt -0.584884464740753 0
vt -0.680705785751343 0
vt -0.776527106761932 -1.50266702102457E-16
vt -0.514438629150391 -0.202500000596046
vt -0.649999976158142 -0.202500000596046
vt -0.649999976158142 1.76169234327289E-16
vt -0.514438629150391 1.36044170230749E-17
vt -0.202500000596046 -0.0199999995529652
vt -0.202500000596046 -9.06432125297243E-17
vt 0 0
vt 1.65213035208122E-16 -0.0199999995529652
vt 0.0398746319115162 0.0110295806080103
vt 0.0416413731873035 0.0111181177198887
vt 0.0433950051665306 0.0113504715263844
vt 0.0451238416135311 0.0117250932380557
vt 0.119610786437988 0.0310799665749073
vt 0.082615353167057 0.173456326127052
vt 0.00812841113656759 0.154101446270943
vt 0.00643589301034808 0.153587058186531
vt 0.00479097338393331 0.152936324477196
vt 0.00320461438968778 0.152153581380844
vt -0.0157991107553244 0.141791552305222
vt -0.0214253645390272 0.13738040626049
vt -0.0253099128603935 0.131378471851349
vt -0.0270298849791288 0.124439112842083
vt -0.026398042216897 0.117317758500576
vt -0.00294206384569407 0.0270477812737226
vt -2.71898225037148E-05 0.0205196533352137
vt 0.00485340273007751 0.015295404009521
vt 0.0111684128642082 0.0119437463581562
vt 0.0182303879410028 0.0108295409008861
vt 0.371043026447296 0.0299999993294477
vt 0.371043026447296 0.0500000007450581
vt 0.401043027639389 0.0500000007450581
vt 0.401043027639389 0.025000000372529
vt 0.54814738035202 0.025000000372529
vt 0.54814738035202 0.0500000007450581
vt 0.568147361278534 0.0500000007450581
vt 0.568147361278534 0.00763932010158896
vt 0.562173008918762 0.00348055176436901
vt 0.555372893810272 0.000883136817719787
vt 0.54814738035202 -3.98482638209815E-18
vt 0.401043027639389 -4.82942187624144E-17
vt 0.391772538423538 0.00146830454468727
vt 0.383409470319748 0.0057294899597764
vt 0.376772522926331 0.0123664420098066
vt 0.372511357069016 0.0207294896245003
vt -1.83784782886505 0.0631902441382408
vt -1.87484323978424 -0.0791861116886139
vt -1.80035626888275 -0.0985409840941429
vt -1.79862749576569 -0.0989156067371368
vt -1.7968738079071 -0.0991479605436325
vt -1.79510700702667 -0.0992364957928658
vt -1.77346277236938 -0.0994365364313126
vt -1.7664008140564 -0.098322331905365
vt -1.76008582115173 -0.0949706733226776
vt -1.75520527362823 -0.0897464230656624
vt -1.75229036808014 -0.0832182988524437
vt -1.72883439064026 0.00705167790874839
vt -1.72820258140564 0.0141730355098844
vt -1.72992253303528 0.0211123917251825
vt -1.73380708694458 0.0271143279969692
vt -1.73943328857422 0.0315254740417004
vt -1.75843703746796 0.0418875068426132
vt -1.76002335548401 0.0426702462136745
vt -1.76166832447052 0.0433209799230099
vt -1.76336085796356 0.0438353717327118
vt -7.17551057248925E-17 -1.79467046260834
vt 0.00942477770149708 -1.79467046260834
vt 0.0188495554029942 -1.79467046260834
vt 0.0282743331044912 -1.79467046260834
vt 0.0376991108059883 -1.79467046260834
vt 0.0471238903701305 -1.79467046260834
vt 0.0471238903701305 -1.71770989894867
vt 0.0376991108059883 -1.71770989894867
vt 0.0282743331044912 -1.71770989894867
vt 0.0188495554029942 -1.71770989894867
vt 0.00942477770149708 -1.71770989894867
vt 5.9420565624861E-17 -1.71770989894867
vt 0.0459520556032658 0.0471238903701305
vt 0.0459520556032658 0.0376991108059883
vt 0.0459520556032658 0.0282743331044912
vt 0.0459520556032658 0.0188495554029942
vt 0.0459520556032658 0.00942477770149708
vt 0.0459520556032658 0
vt 0.0494537651538849 0
vt 0.0529554784297943 0
vt 0.0564571879804134 0
vt 0.0564571879804134 0.00942477770149708
vt 0.0564571879804134 0.0188495554029942
vt 0.0564571879804134 0.0282743331044912
vt 0.0564571879804134 0.0376991108059883
vt 0.0564571879804134 0.0471238903701305
vt 0.0529554784297943 0.0471238903701305
vt 0.0494537651538849 0.0471238903701305
vt 0.0471238903701305 -1.54225564002991
vt 0.0376991108059883 -1.54225564002991
vt 0.0282743331044912 -1.54225564002991
vt 0.0188495554029942 -1.54225564002991
vt 0.00942477770149708 -1.54225564002991
vt 0 -1.54225564002991
vt -1.27273741286333E-16 -1.56390082836151
vt 0.00942477770149708 -1.56390082836151
vt 0.0188495554029942 -1.56390082836151
vt 0.0282743331044912 -1.56390082836151
vt 0.0376991108059883 -1.56390082836151
vt 0.0471238903701305 -1.56390082836151
vt -0.0109014445915818 0.0471238903701305
vt -0.0109014445915818 0.0376991108059883
vt -0.0109014445915818 0.0282743331044912
vt -0.0109014445915818 0.0188495554029942
vt -0.0109014445915818 0.00942477770149708
vt -0.0109014445915818 0
vt 0.00331193045713007 0
vt 0.0175253041088581 0
vt 0.0317386798560619 0
vt 0.0459520556032658 0
vt 0.0459520556032658 0.00942477770149708
vt 0.0459520556032658 0.0188495554029942
vt 0.0459520556032658 0.0282743331044912
vt 0.0459520556032658 0.0376991108059883
vt 0.0459520556032658 0.0471238903701305
vt 0.0317386798560619 0.0471238903701305
vt 0.0175253041088581 0.0471238903701305
vt 0.00331193045713007 0.0471238903701305
vt 0 0.00648518465459347
vt 0 0.0194555539637804
vt 0 0.0324259214103222
vt 0 0.0453962907195091
vt 0.0192453246563673 0.00648518465459347
vt 0.0192453246563673 0.0194555539637804
vt 0.0192453246563673 0.0324259214103222
vt 0.0192453246563673 0.0453962907195091
vt 0.0384906493127346 0.00648518465459347
vt 0.0384906493127346 0.0194555539637804
vt 0.0384906493127346 0.0324259214103222
vt 0.0384906493127346 0.0453962907195091
vt 0.0471238903701305 0.521229028701782
vt 0.0376991108059883 0.521229028701782
vt 0.0282743331044912 0.521229028701782
vt 0.0188495554029942 0.521229028701782
vt 0.00942477770149708 0.521229028701782
vt -1.14021910826539E-16 0.521229028701782
vt -1.35004266888788E-16 0.427961409091949
vt 0.00942477770149708 0.427961409091949
vt 0.0188495554029942 0.427961409091949
vt 0.0282743331044912 0.427961409091949
vt 0.0376991108059883 0.427961409091949
vt 0.0471238903701305 0.427961409091949
vt -0.067754939198494 0.0471238903701305
vt -0.067754939198494 0.0376991108059883
vt -0.067754939198494 0.0282743331044912
vt -0.067754939198494 0.0188495554029942
vt -0.067754939198494 0.00942477770149708
vt -0.067754939198494 0
vt -0.0535415671765804 0
vt -0.0393281951546669 0
vt -0.0251148194074631 0
vt -0.0109014445915818 0
vt -0.0109014445915818 0.00942477770149708
vt -0.0109014445915818 0.0188495554029942
vt -0.0109014445915818 0.0282743331044912
vt -0.0109014445915818 0.0376991108059883
vt -0.0109014445915818 0.0471238903701305
vt -0.0251148194074631 0.0471238903701305
vt -0.0393281951546669 0.0471238903701305
vt -0.0535415671765804 0.0471238903701305
vt -0.0577359721064568 0.00648518465459347
vt -0.0577359721064568 0.0194555539637804
vt -0.0577359721064568 0.0324259214103222
vt -0.0577359721064568 0.0453962907195091
vt -0.0384906493127346 0.00648518465459347
vt -0.0384906493127346 0.0194555539637804
vt -0.0384906493127346 0.0324259214103222
vt -0.0384906493127346 0.0453962907195091
vt -0.0192453246563673 0.00648518465459347
vt -0.0192453246563673 0.0194555539637804
vt -0.0192453246563673 0.0324259214103222
vt -0.0192453246563673 0.0453962907195091
vt 0.0471238903701305 1.79411327838898
vt 0.0376991108059883 1.79411327838898
vt 0.0282743331044912 1.79411327838898
vt 0.0188495554029942 1.79411327838898
vt 0.00942477770149708 1.79411327838898
vt 1.21080884885609E-16 1.79411327838898
vt 5.68502176766383E-17 1.77246809005737
vt 0.00942477770149708 1.77246809005737
vt 0.0188495554029942 1.77246809005737
vt 0.0282743331044912 1.77246809005737
vt 0.0376991108059883 1.77246809005737
vt 0.0471238903701305 1.77246809005737
vt -0.0782600790262222 0.0471238903701305
vt -0.0782600790262222 0.0376991108059883
vt -0.0782600790262222 0.0282743331044912
vt -0.0782600790262222 0.0188495554029942
vt -0.0782600790262222 0.00942477770149708
vt -0.0782600790262222 0
vt -0.0747583657503128 0
vt -0.0712566524744034 0
vt -0.067754939198494 0
vt -0.067754939198494 0.00942477770149708
vt -0.067754939198494 0.0188495554029942
vt -0.067754939198494 0.0282743331044912
vt -0.067754939198494 0.0376991108059883
vt -0.067754939198494 0.0471238903701305
vt -0.0712566524744034 0.0471238903701305
vt -0.0747583657503128 0.0471238903701305
vt -0.0769812986254692 0.00648518465459347
vt -0.0769812986254692 0.0194555539637804
vt -0.0769812986254692 0.0324259214103222
vt -0.0769812986254692 0.0453962907195091
vt 0.0471238903701305 1.79467046260834
vt 0.039826612919569 1.79467046260834
vt 0.0325293354690075 1.79467046260834
vt 0.0252320598810911 1.79467046260834
vt 0.0189240444451571 1.79044377803802
vt 0.0126160299405456 1.78728425502777
vt 0.00630801497027278 1.78533113002777
vt -1.16662059583572E-16 1.78467047214508
vt 2.77237076553497E-17 1.71770989894867
vt 0.00942477770149708 1.71770989894867
vt 0.0188495554029942 1.71770989894867
vt 0.0282743331044912 1.71770989894867
vt 0.0376991108059883 1.71770989894867
vt 0.0471238903701305 1.71770989894867
vt -0.867282748222351 0.00763932010158896
vt -0.867282748222351 0.0500000007450581
vt -0.853140652179718 0.0500000007450581
vt -0.853140652179718 0.0299999993294477
vt -0.854075074195862 0.0237383637577295
vt -0.856837213039398 0.0177525505423546
vt -0.861305356025696 0.0123062338680029
vt 1.78467047214508 0.0299999993294477
vt 1.78467047214508 0.0500000007450581
vt 1.71770989894867 0.0500000007450581
vt 1.71770989894867 0.0299999993294477
vt 0.0680256709456444 -0.0299999993294477
vt 0.0680256709456444 -0.0500000007450581
vt 0.0722449123859406 -0.0500000007450581
vt 0.0764641463756561 -0.0500000007450581
vt 0.0806833878159523 -0.0500000007450581
vt 0.0806833878159523 -0.0299999993294477
vt 0.0764641463756561 -0.0299999993294477
vt 0.0722449123859406 -0.0299999993294477
vt 1.79411327838898 0.0299999993294477
vt 1.79411327838898 0.0500000007450581
vt 1.77246809005737 0.0500000007450581
vt 1.77246809005737 0.0299999993294477
vt 0.0806833878159523 -0.0299999993294477
vt 0.0806833878159523 -0.0500000007450581
vt 0.0978091806173325 -0.0500000007450581
vt 0.114934980869293 -0.0500000007450581
vt 0.132060781121254 -0.0500000007450581
vt 0.149186581373215 -0.0500000007450581
vt 0.149186581373215 -0.0299999993294477
vt 0.132060781121254 -0.0299999993294477
vt 0.114934980869293 -0.0299999993294477
vt 0.0978091806173325 -0.0299999993294477
vt 0.521229028701782 0.0299999993294477
vt 0.521229028701782 0.0500000007450581
vt 0.427961409091949 0.0500000007450581
vt 0.427961409091949 0.0299999993294477
vt 0.149186581373215 -0.0299999993294477
vt 0.149186581373215 -0.0500000007450581
vt -0.158331230282784 -0.0500000007450581
vt -0.141205430030823 -0.0500000007450581
vt -0.124079637229443 -0.0500000007450581
vt -0.106953844428062 -0.0500000007450581
vt -0.106953844428062 -0.0299999993294477
vt -0.124079637229443 -0.0299999993294477
vt -0.141205430030823 -0.0299999993294477
vt 0.166312366724014 -0.0299999993294477
vt -0.158331230282784 -0.0299999993294477
vt 0.166312366724014 -0.0500000007450581
vt 1.54225564002991 0.0299999993294477
vt 1.54225564002991 0.0500000007450581
vt 1.56390082836151 0.0500000007450581
vt 1.56390082836151 0.0299999993294477
vt -0.106953844428062 -0.0299999993294477
vt -0.106953844428062 -0.0500000007450581
vt -0.102734602987766 -0.0500000007450581
vt -0.0985153689980507 -0.0500000007450581
vt -0.0942961275577545 -0.0500000007450581
vt -0.0942961275577545 -0.0299999993294477
vt -0.0985153689980507 -0.0299999993294477
vt -0.102734602987766 -0.0299999993294477
vt 1.71770989894867 0.0299999993294477
vt 1.71770989894867 0.0500000007450581
vt 1.79467046260834 0.0500000007450581
vt 1.79467046260834 0.0299999993294477
vt 1.71770989894867 0.025000000372529
vt 1.79467046260834 0.025000000372529
vt 1.79467046260834 0.0500000007450581
vt 1.71770989894867 0.0500000007450581
vt -0.0448539778590202 -0.025000000372529
vt -0.0430845245718956 -0.025000000372529
vt -0.0413150750100613 -0.025000000372529
vt -0.0395456254482269 -0.025000000372529
vt -0.0395456254482269 -0.0500000007450581
vt -0.0413150750100613 -0.0500000007450581
vt -0.0430845245718956 -0.0500000007450581
vt -0.0448539778590202 -0.0500000007450581
vt 1.54225564002991 0.025000000372529
vt 1.56390082836151 0.025000000372529
vt 1.56390082836151 0.0500000007450581
vt 1.54225564002991 0.0500000007450581
vt 0.0625654086470604 -0.025000000372529
vt -0.0664004683494568 -0.025000000372529
vt -0.059218306094408 -0.025000000372529
vt -0.052036140114069 -0.025000000372529
vt -0.0448539778590202 -0.025000000372529
vt -0.0448539778590202 -0.0500000007450581
vt -0.052036140114069 -0.0500000007450581
vt -0.059218306094408 -0.0500000007450581
vt 0.0697475746273994 -0.0500000007450581
vt 0.0625654086470604 -0.0500000007450581
vt -0.0664004683494568 -0.0500000007450581
vt 0.0697475746273994 -0.025000000372529
vt 0.427961409091949 0.025000000372529
vt 0.427961409091949 0.0500000007450581
vt 0.521229028701782 0.0500000007450581
vt 0.521229028701782 0.025000000372529
vt 0.0338367521762848 -0.025000000372529
vt 0.0410189181566238 -0.025000000372529
vt 0.0482010804116726 -0.025000000372529
vt 0.0553832463920116 -0.025000000372529
vt 0.0625654086470604 -0.025000000372529
vt 0.0625654086470604 -0.0500000007450581
vt 0.0553832463920116 -0.0500000007450581
vt 0.0482010804116726 -0.0500000007450581
vt 0.0410189181566238 -0.0500000007450581
vt 0.0338367521762848 -0.0500000007450581
vt 1.77246809005737 0.025000000372529
vt 1.77246809005737 0.0500000007450581
vt 1.79411327838898 0.0500000007450581
vt 1.79411327838898 0.025000000372529
vt 0.0338367521762848 -0.025000000372529
vt 0.0338367521762848 -0.0500000007450581
vt 0.0320673026144505 -0.0500000007450581
vt 0.030297851189971 -0.0500000007450581
vt 0.0285283997654915 -0.0500000007450581
vt 0.0285283997654915 -0.025000000372529
vt 0.030297851189971 -0.025000000372529
vt 0.0320673026144505 -0.025000000372529
vt 1.71770989894867 0.025000000372529
vt 1.71770989894867 0.0500000007450581
vt 1.79467046260834 0.0500000007450581
vt 1.79467046260834 0.025000000372529
vt -1.05232107639313 0.0269577298313379
vt -1.05059230327606 0.0273323506116867
vt -1.04883861541748 0.0275647044181824
vt -1.04707193374634 0.0276532415300608
vt -1.02542769908905 0.0278532803058624
vt -1.01836574077606 0.0267390757799149
vt -1.01205062866211 0.0233874190598726
vt -1.00717008113861 0.0181631688028574
vt -1.00425517559052 0.0116350399330258
vt -0.98079925775528 -0.0786349326372147
vt -0.980167388916016 -0.0857562944293022
vt -0.981887340545654 -0.0926956459879875
vt -0.985771894454956 -0.0986975803971291
vt -0.99139815568924 -0.103108733892441
vt -1.01040184497833 -0.113470762968063
vt -1.01198828220367 -0.114253498613834
vt -1.0136331319809 -0.11490423977375
vt -1.01532566547394 -0.115418627858162
vt -1.08981263637543 -0.134773507714272
vt -1.08226788043976 -0.163809284567833
vt -1.00778090953827 -0.144454419612885
vt -1.00374519824982 -0.143227860331535
vt -0.999822854995728 -0.141676187515259
vt -0.996040225028992 -0.139809742569923
vt -0.977036476135254 -0.129447713494301
vt -0.963620722293854 -0.118929378688335
vt -0.954358100891113 -0.104617826640606
vt -0.950256824493408 -0.0880710035562515
vt -0.951763451099396 -0.0710901990532875
vt -0.975219428539276 0.0191797725856304
vt -0.982169926166534 0.034746028482914
vt -0.99380761384964 0.0472031943500042
vt -1.00886571407318 0.055195190012455
vt -1.02570497989655 0.0578519999980927
vt -1.04734921455383 0.0576519593596458
vt -1.05156195163727 0.0574408434331417
vt -1.05574345588684 0.056886799633503
vt -1.0598658323288 0.0559935159981251
vt -1.12467420101166 0.039153553545475
vt -1.13183784484863 0.0269600469619036
vt -1.12680804729462 0.00760285463184118
vt -0.781813442707062 -0.21625791490078
vt -0.917374849319458 -0.21625791490078
vt -0.998623073101044 -0.222903355956078
vt -1.07771158218384 -0.242663040757179
vt -1.15253818035126 -0.27501168847084
vt -1.14879441261292 -0.151966318488121
vt -1.00689196586609 -0.0850187316536903
vt -1.00411772727966 -0.0830756798386574
vt -1.00215125083923 -0.0803180262446404
vt -1.00121808052063 -0.0770621299743652
vt -1.00142526626587 -0.0736814811825752
vt -1.01192927360535 -0.0290978401899338
vt -1.01325309276581 -0.0259802676737309
vt -1.0155416727066 -0.0234834067523479
vt -1.01853239536285 -0.0218936912715435
vt -1.02188217639923 -0.0213934890925884
vt -1.13184034824371 -0.0238067619502544
vt -1.13527297973633 -0.0232788790017366
vt -1.13831806182861 -0.0216088090091944
vt -1.14060831069946 -0.0189979877322912
vt -1.1418673992157 -0.0157613195478916
vt -1.14194357395172 -0.01228919159621
vt -1.13603889942169 0.0261066444218159
vt -1.13341009616852 0.0345766358077526
vt -1.12841975688934 0.0419079326093197
vt -1.12150394916534 0.0474598556756973
vt -1.11326718330383 0.0507472157478333
vt -0.996803283691406 0.0781864449381828
vt -0.988357305526733 0.0789450258016586
vt -0.980036437511444 0.0773098692297935
vt -0.972505569458008 0.0734116211533546
vt -0.966366410255432 0.0675617530941963
vt -0.946967661380768 0.0429609566926956
vt -0.942102491855621 0.0350498035550117
vt -0.939192891120911 0.0262299068272114
vt -0.93839567899704 0.016976747661829
vt -0.939612746238708 -0.0230232514441013
vt -0.936916768550873 -0.0436265841126442
vt -0.927856862545013 -0.0623264126479626
vt -0.913358867168427 -0.0772117376327515
vt -0.894904315471649 -0.0867613926529884
vt -0.874379217624664 -0.0899994671344757
vt -0.853881061077118 -0.0865950435400009
vt -0.835504531860352 -0.0768960416316986
vt -0.821127712726593 -0.0618936270475388
vt -0.751904428005219 0.0240961145609617
vt -0.67072606086731 0.09890366345644
vt -0.5793776512146 0.16088405251503
vt -0.479867935180664 0.208674356341362
vt -0.374385058879852 0.241223692893982
vt -0.265248507261276 0.257816314697266
vt -0.15485817193985 0.258087396621704
vt -0.0456414669752121 0.242030918598175
vt 0.0599999986588955 0.209999993443489
vt 0.111061587929726 0.180757224559784
vt 0.151071935892105 0.137610986828804
vt 0.176385968923569 0.0844920054078102
vt 0.184697508811951 0.0262395907193422
vt 0.175249353051186 -0.031839307397604
vt 0.148902267217636 -0.0844535306096077
vt 0.108056537806988 -0.126809775829315
vt 0.0564333237707615 -0.155049279332161
vt 0.0475859902799129 -0.157989159226418
vt 0.0385867320001125 -0.160424634814262
vt 0.0294642858207226 -0.162347942590714
vt 0.0222011934965849 -0.162592619657516
vt 0.0151746002957225 -0.160738065838814
vt 0.00897825136780739 -0.156941011548042
vt 0.00413573626428843 -0.151522293686867
vt 0.00105624727439135 -0.144939810037613
vt 4.20128341838133E-16 -0.137749776244164
vt 2.16840434497101E-16 -0.0743303447961807
vt 0.000410195585573092 -0.0714956223964691
vt 0.00160713028162718 -0.0688934549689293
vt 0.00349260866641998 -0.0667373314499855
vt 0.00591194769367576 -0.0652041286230087
vt 0.00866666622459888 -0.0644196346402168
vt 0.0293180700391531 -0.0580125041306019
vt 0.0467251837253571 -0.0451858080923557
vt 0.0589617639780045 -0.0273589193820953
vt 0.0646737292408943 -0.00650453846901655
vt 0.063229002058506 0.0150696244090796
vt 0.054787453263998 0.0349762067198753
vt 0.0402832105755806 0.0510123781859875
vt 0.0213212966918945 0.0614036023616791
vt 3.04931861011548E-16 0.0649999976158142
vt -0.0467412658035755 0.0575969107449055
vt -0.0889071673154831 0.0361123085021973
vt -0.122370220720768 0.00264925742521882
vt -0.143854826688766 -0.0395166464149952
vt -0.151257917284966 -0.0862579122185707
vt -0.151257917284966 -0.163476169109344
vt -0.153131991624832 -0.177711218595505
vt -0.158626511693001 -0.190976172685623
vt -0.167367041110992 -0.202367037534714
vt -0.235148787498474 -0.270148783922195
vt -0.246539652347565 -0.278889298439026
vt -0.259804606437683 -0.284383833408356
vt -0.274039655923843 -0.286257922649384
vt -0.75125789642334 -0.286257922649384
vt -0.900269985198975 -0.236257910728455
vt -0.267374813556671 -0.236257910728455
vt -0.267374813556671 -0.21625791490078
vt -0.282457441091537 -0.21625791490078
vt -0.269957363605499 -0.0973275303840637
vt -0.271653205156326 -0.0730760097503662
vt -0.281541258096695 -0.0508670397102833
vt -0.298428922891617 -0.033379353582859
vt -0.413213819265366 0.0500167571008205
vt -0.43477076292038 0.0605890564620495
vt -0.458632200956345 0.0632550045847893
vt -0.481990873813629 0.0577009506523609
vt -0.502098679542542 0.0445803254842758
vt -1.15253818035126 -0.27501168847084
vt -1.07771158218384 -0.242663040757179
vt -0.998623073101044 -0.222903355956078
vt -0.917374849319458 -0.21625791490078
vt -0.781813442707062 -0.21625791490078
vt -0.502098679542542 0.0445803254842758
vt -0.481990873813629 0.0577009506523609
vt -0.458632200956345 0.0632550045847893
vt -0.43477076292038 0.0605890564620495
vt -0.413213819265366 0.0500167571008205
vt -0.298428922891617 -0.033379353582859
vt -0.281541258096695 -0.0508670397102833
vt -0.271653205156326 -0.0730760097503662
vt -0.269957363605499 -0.0973275303840637
vt -0.282457441091537 -0.21625791490078
vt -0.267374813556671 -0.21625791490078
vt -0.267374813556671 -0.236257910728455
vt -0.900269985198975 -0.236257910728455
vt -0.75125789642334 -0.286257922649384
vt -0.274039655923843 -0.286257922649384
vt -0.259804606437683 -0.284383833408356
vt -0.246539652347565 -0.278889298439026
vt -0.235148787498474 -0.270148783922195
vt -0.167367041110992 -0.202367037534714
vt -0.158626511693001 -0.190976172685623
vt -0.153131991624832 -0.177711218595505
vt -0.151257917284966 -0.163476169109344
vt -0.151257917284966 -0.0862579122185707
vt -0.143854826688766 -0.0395166464149952
vt -0.122370220720768 0.00264925742521882
vt -0.0889071673154831 0.0361123085021973
vt -0.0467412658035755 0.0575969107449055
vt 3.04931861011548E-16 0.0649999976158142
vt 0.0213212966918945 0.0614036023616791
vt 0.0402832105755806 0.0510123781859875
vt 0.054787453263998 0.0349762067198753
vt 0.063229002058506 0.0150696244090796
vt 0.0646737292408943 -0.00650453846901655
vt 0.0589617639780045 -0.0273589193820953
vt 0.0467251837253571 -0.0451858080923557
vt 0.0293180700391531 -0.0580125041306019
vt 0.00866666622459888 -0.0644196346402168
vt 0.00591194769367576 -0.0652041286230087
vt 0.00349260866641998 -0.0667373314499855
vt 0.00160713028162718 -0.0688934549689293
vt 0.000410195585573092 -0.0714956223964691
vt 2.16840434497101E-16 -0.0743303447961807
vt 5.42101086242752E-16 -0.137749776244164
vt 0.00105624727439135 -0.144939810037613
vt 0.00413573626428843 -0.151522293686867
vt 0.00897825136780739 -0.156941011548042
vt 0.0151746002957225 -0.160738065838814
vt 0.0222011934965849 -0.162592619657516
vt 0.0294642858207226 -0.162347942590714
vt 0.0385867320001125 -0.160424634814262
vt 0.0475859902799129 -0.157989159226418
vt 0.0564333237707615 -0.155049279332161
vt 0.108056537806988 -0.126809775829315
vt 0.148902267217636 -0.0844535306096077
vt 0.175249353051186 -0.031839307397604
vt 0.184697508811951 0.0262395907193422
vt 0.176385968923569 0.0844920054078102
vt 0.151071935892105 0.137610986828804
vt 0.111061587929726 0.180757224559784
vt 0.0599999986588955 0.209999993443489
vt -0.0456414669752121 0.242030918598175
vt -0.15485817193985 0.258087396621704
vt -0.265248507261276 0.257816314697266
vt -0.374385058879852 0.241223692893982
vt -0.479867935180664 0.208674356341362
vt -0.5793776512146 0.16088405251503
vt -0.67072606086731 0.09890366345644
vt -0.751904428005219 0.0240961145609617
vt -0.821127712726593 -0.0618936270475388
vt -0.835504531860352 -0.0768960416316986
vt -0.853881061077118 -0.0865950435400009
vt -0.874379217624664 -0.0899994671344757
vt -0.894904315471649 -0.0867613926529884
vt -0.913358867168427 -0.0772117376327515
vt -0.927856862545013 -0.0623264126479626
vt -0.936916768550873 -0.0436265841126442
vt -0.939612746238708 -0.0230232514441013
vt -0.93839567899704 0.016976747661829
vt -0.939192891120911 0.0262299068272114
vt -0.942102491855621 0.0350498035550117
vt -0.946967661380768 0.0429609566926956
vt -0.966366410255432 0.0675617530941963
vt -0.972505569458008 0.0734116211533546
vt -0.980036437511444 0.0773098692297935
vt -0.988357305526733 0.0789450258016586
vt -0.996803283691406 0.0781864449381828
vt -1.11326718330383 0.0507472157478333
vt -1.12150394916534 0.0474598556756973
vt -1.12841975688934 0.0419079326093197
vt -1.13341009616852 0.0345766358077526
vt -1.13603889942169 0.0261066444218159
vt -1.14194357395172 -0.01228919159621
vt -1.1418673992157 -0.0157613195478916
vt -1.14060831069946 -0.0189979877322912
vt -1.13831806182861 -0.0216088090091944
vt -1.13527297973633 -0.0232788790017366
vt -1.13184034824371 -0.0238067619502544
vt -1.02188217639923 -0.0213934890925884
vt -1.01853239536285 -0.0218936912715435
vt -1.0155416727066 -0.0234834067523479
vt -1.01325309276581 -0.0259802676737309
vt -1.01192927360535 -0.0290978401899338
vt -1.00142526626587 -0.0736814811825752
vt -1.00121808052063 -0.0770621299743652
vt -1.00215125083923 -0.0803180262446404
vt -1.00411772727966 -0.0830756798386574
vt -1.00689196586609 -0.0850187316536903
vt -1.14879441261292 -0.151966318488121
vt 0.0347815491259098 -0.0700000002980232
vt 0.0420745946466923 -0.0700000002980232
vt 0.0493676401674747 -0.0700000002980232
vt 0.0566606819629669 -0.0700000002980232
vt 0.0639537274837494 -0.0700000002980232
vt 0.0712467730045319 -0.0700000002980232
vt 0.0785398185253143 -0.0700000002980232
vt 0.0785398185253143 -7.50971536276231E-17
vt 0.0712467730045319 1.6953014955486E-18
vt 0.0639537274837494 -6.14496098889516E-18
vt 0.0566606819629669 -4.55523367162053E-17
vt 0.0493676401674747 -3.81174189948969E-17
vt 0.0420745946466923 -2.51019388515282E-17
vt 0.0347815491259098 -1.45189454267717E-16
vt 0.0634194314479828 0.0700000002980232
vt 1.05968268624486E-16 0.0700000002980232
vt 0 0
vt 0.0634194314479828 1.14073235729187E-16
vt -0.0314159281551838 -0.0700000002980232
vt -0.0285417977720499 -0.0700000002980232
vt -0.025667667388916 -0.0700000002980232
vt -0.0227935388684273 -0.0700000002980232
vt -0.0199194084852934 -0.0700000002980232
vt -0.0170452799648046 -0.0700000002980232
vt -0.0170452799648046 7.00662014374062E-17
vt -0.0199194084852934 -1.01045637389844E-17
vt -0.0227935388684273 -1.54753845905647E-17
vt -0.025667667388916 -1.56411747463775E-17
vt -0.0285417977720499 3.07392557897771E-18
vt -0.0314159281551838 1.9200574612096E-16
vt 0.0934092104434967 -0.0700000002980232
vt 0.0716857686638832 -0.0700000002980232
vt 0.0499623268842697 -0.0700000002980232
vt 0.0282388851046562 -0.0700000002980232
vt 0.00651544379070401 -0.0700000002980232
vt -0.0152079975232482 -0.0700000002980232
vt -0.036931436508894 -0.0700000002980232
vt -0.0586548782885075 -0.0700000002980232
vt -0.0803783237934113 -0.0700000002980232
vt -0.102101758122444 -0.0700000002980232
vt -0.102101758122444 -1.81691627754314E-17
vt -0.0803783237934113 -2.37740790490866E-17
vt -0.0586548782885075 7.16822559283449E-18
vt -0.036931436508894 -4.77743456735921E-18
vt -0.0152079975232482 1.29307055043155E-18
vt 0.00651544379070401 3.52946428206832E-18
vt 0.0282388851046562 -8.11339028487841E-18
vt 0.0499623268842697 -1.87045322658492E-17
vt 0.0716857686638832 -8.64363621858205E-18
vt 0.0934092104434967 -1.22363411881761E-16
vt -0.23759537935257 -0.0700000002980232
vt -0.28511443734169 -0.0700000002980232
vt -0.332633525133133 -0.0700000002980232
vt -0.380152612924576 -0.0700000002980232
vt -0.427671670913696 -0.0700000002980232
vt -0.475190758705139 -0.0700000002980232
vt -0.475190758705139 -1.30837655572962E-17
vt -0.427671670913696 -8.95343190159541E-18
vt -0.380152612924576 1.37398595765743E-17
vt -0.332633525133133 -1.99447514552102E-18
vt -0.28511443734169 4.28815591154512E-17
vt -0.23759537935257 5.40663181640339E-17
vt 7.85285767411789E-17 0.0700000002980232
vt -0.0772182568907738 0.0700000002980232
vt -0.0772182568907738 -3.77358306521589E-17
vt 0 0
vt 1.17961196366423E-16 -0.0700000002980232
vt 0.0143989659845829 -0.0700000002980232
vt 0.0287979319691658 -0.0700000002980232
vt 0.0431968979537487 -0.0700000002980232
vt 0.0431968979537487 1.87939091310355E-17
vt 0.0287979319691658 0
vt 0.0143989659845829 -3.34961693620775E-17
vt 1.73472347597681E-17 1.65213749892172E-16
vt -4.05349271269771E-17 0.0700000002980232
vt -0.0958578661084175 0.0700000002980232
vt -0.0958578661084175 -1.68875724786058E-16
vt 0 0
vt 0.0431968979537487 -0.0700000002980232
vt 0.0575958639383316 -0.0700000002980232
vt 0.0719948336482048 -0.0700000002980232
vt 0.0863937959074974 -0.0700000002980232
vt 0.0863937959074974 -1.212689261999E-16
vt 0.0719948336482048 -1.53791355088492E-17
vt 0.0575958639383316 5.43010521695418E-17
vt 0.0431968979537487 0
vt -1.35853615941757E-16 0.0700000002980232
vt -0.477218240499496 0.0700000002980232
vt -0.477218240499496 1.14546968269851E-18
vt 0 0
vt 0.190821766853333 0.0700000002980232
vt 0.033644787967205 0.0700000002980232
vt 0.033644787967205 3.19883282932342E-17
vt 0.190821766853333 1.11586069063362E-16
vt -0.131391301751137 1.86797472877191E-16
vt -0.0588230825960636 5.46505293609005E-17
vt -0.0588230825960636 0.0700000002980232
vt -0.131391301751137 0.0700000002980232
vt -7.25791893732321E-17 0.0700000002980232
vt -0.112999983131886 0.0700000002980232
vt -0.112999983131886 -1.23200637775673E-16
vt 0 0
vt 0 0
vt 0.123102322220802 -1.98768695399855E-16
vt 0.123102322220802 0.0700000002980232
vt -7.43607378893243E-17 0.0700000002980232
vt 0.15690216422081 0.0700000002980232
vt -1.01101680530706E-16 0.0700000002980232
vt 0 0
vt 0.15690216422081 1.60531841450673E-16
vt 0.011299735866487 -0.0700000002980232
vt 0.00789634417742491 -0.0700000002980232
vt 0.0044929520227015 -0.0700000002980232
vt 0.00108956010080874 -0.0700000002980232
vt -0.00231383182108402 -0.0700000002980232
vt -0.00231383182108402 5.95145465773369E-17
vt 0.00108956010080874 -1.21468933508932E-17
vt 0.0044929520227015 3.32995485304737E-17
vt 0.00789634417742491 3.50415710481756E-17
vt 0.011299735866487 1.1026971368888E-16
vt -2.58837227994476E-16 0.0700000002980232
vt -0.0458043180406094 0.0700000002980232
vt -0.0458043180406094 8.68554598606154E-17
vt 0 0
vt -0.00231383182108402 -0.0700000002980232
vt -0.00571722397580743 -0.0700000002980232
vt -0.00912061613053083 -0.0700000002980232
vt -0.012524007819593 -0.0700000002980232
vt -0.0159274004399776 -0.0700000002980232
vt -0.0159274004399776 4.56220382633414E-18
vt -0.012524007819593 -9.49468678207152E-18
vt -0.00912061613053083 -6.12320241647226E-18
vt -0.00571722397580743 1.52534255624371E-17
vt -0.00231383182108402 -1.62530058347694E-16
vt 0.109984621405602 0.0700000002980232
vt -2.61666794494338E-16 0.0700000002980232
vt 0 0
vt 0.109984621405602 3.27401792217633E-17
vt 0.0154885267838836 -0.0700000002980232
vt 0.0189791843295097 -0.0700000002980232
vt 0.0224698428064585 -0.0700000002980232
vt 0.0259605012834072 -0.0700000002980232
vt 0.0294511597603559 -0.0700000002980232
vt 0.0329418182373047 -0.0700000002980232
vt 0.0329418182373047 9.69817519799304E-17
vt 0.0294511597603559 -2.41533717717544E-20
vt 0.0259605012834072 -6.33237654105222E-18
vt 0.0224698428064585 -1.2971111002492E-17
vt 0.0189791843295097 2.88229099210632E-17
vt 0.0154885267838836 2.17482406061781E-16
vt 0.0388472080230713 0.0700000002980232
vt -5.69666913243306E-17 0.0700000002980232
vt -2.01132552597405E-16 -6.71532886254704E-31
vt 0.0388472080230713 -7.3412491122318E-17
vt -0.0896700993180275 -0.0700000002980232
vt -0.080768920481205 -0.0700000002980232
vt -0.0718677416443825 -0.0700000002980232
vt -0.06296656280756 -0.0700000002980232
vt -0.0540653839707375 -0.0700000002980232
vt -0.0540653839707375 -2.9941354062186E-17
vt -0.06296656280756 1.52453688232708E-17
vt -0.0718677416443825 1.34264118911565E-17
vt -0.080768920481205 -4.43874910514407E-17
vt -0.0896700993180275 -1.53143953910272E-16
vt 0.119652636349201 0.0700000002980232
vt -4.83427974254284E-17 0.0700000002980232
vt 0 0
vt 0.119652636349201 -6.23906204799592E-17
vt -0.0540653839707375 -0.0700000002980232
vt -0.0455569066107273 -0.0700000002980232
vt -0.0370484255254269 -0.0700000002980232
vt -0.0285399444401264 -0.0700000002980232
vt -0.0200314652174711 -0.0700000002980232
vt -0.0200314652174711 5.94638569493996E-17
vt -0.0285399444401264 3.2166641963521E-17
vt -0.0370484255254269 -3.31835513388141E-17
vt -0.0455569066107273 -1.40358239725652E-17
vt -0.0540653839707375 -2.9941354062186E-17
vt 1.4578335671264E-16 0.0700000002980232
vt -0.031329084187746 0.0700000002980232
vt -0.031329084187746 1.15727319021607E-16
vt 0 0
vt -0.0267086196690798 -0.0700000002980232
vt -0.0174001976847649 -0.0700000002980232
vt -0.00809177476912737 -0.0700000002980232
vt 0.00121664791367948 -0.0700000002980232
vt 0.00121664791367948 -4.34918265016132E-17
vt -0.00809177476912737 -1.47348709995113E-17
vt -0.0174001976847649 2.55663610608073E-17
vt -0.0267086196690798 -1.42759462325832E-16
vt 0.0400185100734234 0.0700000002980232
vt -4.87930152892288E-16 0.0700000002980232
vt 5.68938001687525E-16 1.52939810961441E-27
vt 0.0400185100734234 -8.85211898560604E-17
vt -0.202226474881172 -0.0700000002980232
vt 0.18531209230423 -0.0700000002980232
vt 0.164443626999855 -0.0700000002980232
vt 0.143575146794319 -0.0700000002980232
vt 0.122706666588783 -0.0700000002980232
vt 0.101838186383247 -0.0700000002980232
vt 0.0809697136282921 -0.0700000002980232
vt 0.0601012334227562 -0.0700000002980232
vt 0.0392327569425106 -0.0700000002980232
vt 0.0392327569425106 1.24010057166113E-16
vt 0.0601012334227562 -4.31631545570214E-17
vt 0.0809697136282921 -8.27709346400572E-18
vt 0.101838186383247 1.45172100018465E-18
vt 0.122706666588783 -1.17082766951839E-17
vt 0.143575146794319 4.6679621763715E-18
vt 0.164443626999855 -4.26375970830297E-17
vt -0.223094940185547 1.45291925402E-17
vt -0.202226474881172 1.51630643523218E-17
vt -0.223094940185547 -0.0700000002980232
vt 0.18531209230423 1.45291925402E-17
vt -1.88937771320343 -0.0700000002980232
vt -1.77888572216034 -0.0700000002980232
vt -1.66839361190796 -0.0700000002980232
vt -1.55790162086487 -0.0700000002980232
vt -1.44740951061249 -0.0700000002980232
vt -1.33691740036011 -0.0700000002980232
vt -1.22642540931702 -0.0700000002980232
vt -1.11593329906464 -0.0700000002980232
vt -1.00544130802155 -0.0700000002980232
vt -0.894949197769165 -0.0700000002980232
vt -0.894949197769165 1.68749040420885E-16
vt -1.00544130802155 2.68744032701333E-18
vt -1.11593329906464 4.95347084398356E-17
vt -1.22642540931702 0
vt -1.33691740036011 -1.48870904301945E-17
vt -1.44740951061249 0
vt -1.55790162086487 -4.30054906235463E-17
vt -1.66839361190796 7.92050169219839E-18
vt -1.77888572216034 1.27283707158353E-17
vt -1.88937771320343 2.22768288699342E-16
vt -0.234367579221725 -0.0700000002980232
vt -0.175299510359764 -0.0700000002980232
vt -0.116231448948383 -0.0700000002980232
vt -0.057163380086422 -0.0700000002980232
vt 0.00190468295477331 -0.0700000002980232
vt 0.0609727464616299 -0.0700000002980232
vt 0.120040811598301 -0.0700000002980232
vt 0.179108873009682 -0.0700000002980232
vt 0.238176941871643 -0.0700000002980232
vt 0.238176941871643 6.27946154911301E-17
vt 0.179108873009682 -4.09769029631539E-17
vt 0.120040811598301 0
vt 0.0609727464616299 0
vt 0.00190468295477331 0
vt -0.057163380086422 0
vt -0.116231448948383 -1.19186750470704E-17
vt -0.175299510359764 7.28158738706243E-18
vt -0.234367579221725 1.42844198707782E-17
vt 0.201585531234741 -0.0700000002980232
vt 0.210909754037857 -0.0700000002980232
vt 0.220233991742134 -0.0700000002980232
vt 0.229558229446411 -0.0700000002980232
vt 0.229558229446411 -2.03298746715779E-16
vt 0.220233991742134 2.14547158966859E-18
vt 0.210909754037857 -1.29240163014969E-17
vt 0.201585531234741 -3.49212526649961E-17
vt 8.32701215961207E-17 -0.202500000596046
vt -0.382461667060852 -0.202500000596046
vt -0.382461667060852 -5.2634478449872E-17
vt 0 0
vt -0.153938040137291 -0.202500000596046
vt -0.129808858036995 -0.202500000596046
vt -0.10567968338728 -0.202500000596046
vt -0.0815505087375641 -0.202500000596046
vt -0.0574213340878487 -0.202500000596046
vt -0.0574213340878487 -1.24498345190425E-16
vt -0.0815505087375641 -1.34678470224005E-17
vt -0.10567968338728 -7.72052730495513E-17
vt -0.129808858036995 0
vt -0.153938040137291 -4.46515039419105E-17
vt 1.33591865919021E-16 -0.202500000596046
vt -0.141881927847862 -0.202500000596046
vt -0.141881927847862 -1.05159694612632E-17
vt 0 0
vt 0.212581098079681 -0.202500000596046
vt -0.202807262539864 -0.202500000596046
vt -0.178372651338577 -0.202500000596046
vt -0.153938040137291 -0.202500000596046
vt -0.153938040137291 -4.46515039419105E-17
vt -0.178372651338577 0
vt 0.237015709280968 0
vt 0.212581098079681 -2.3253784098152E-17
vt -0.202807262539864 0
vt 0.237015709280968 -0.202500000596046
vt -1.00928782577326E-15 -0.202500000596046
vt -0.119585484266281 -0.202500000596046
vt -0.119585484266281 8.60773939241133E-17
vt 0 0
vt 0.0451238416135311 -0.0117250932380557
vt 0.0433950051665306 -0.0113504715263844
vt 0.0416413731873035 -0.0111181177198887
vt 0.0398746319115162 -0.0110295806080103
vt 0.0182303879410028 -0.0108295409008861
vt 0.0111684128642082 -0.0119437463581562
vt 0.00485340273007751 -0.015295404009521
vt -2.71898225037148E-05 -0.0205196533352137
vt -0.00294206384569407 -0.0270477812737226
vt -0.026398042216897 -0.117317758500576
vt -0.0270298849791288 -0.124439112842083
vt -0.0253099128603935 -0.131378471851349
vt -0.0214253645390272 -0.13738040626049
vt -0.0157991107553244 -0.141791552305222
vt 0.00320461438968778 -0.152153581380844
vt 0.00479097338393331 -0.152936324477196
vt 0.00643589301034808 -0.153587058186531
vt 0.00812841113656759 -0.154101446270943
vt 0.082615353167057 -0.173456326127052
vt 0.119610786437988 -0.0310799665749073
vt -1.87484323978424 0.0791861116886139
vt -1.83784782886505 -0.0631902441382408
vt -1.76336085796356 -0.0438353717327118
vt -1.76166832447052 -0.0433209799230099
vt -1.76002335548401 -0.0426702462136745
vt -1.75843703746796 -0.0418875068426132
vt -1.73943328857422 -0.0315254740417004
vt -1.73380708694458 -0.0271143279969692
vt -1.72992253303528 -0.0211123917251825
vt -1.72820258140564 -0.0141730355098844
vt -1.72883439064026 -0.00705167790874839
vt -1.75229036808014 0.0832182988524437
vt -1.75520527362823 0.0897464230656624
vt -1.76008582115173 0.0949706733226776
vt -1.7664008140564 0.098322331905365
vt -1.77346277236938 0.0994365364313126
vt -1.79510700702667 0.0992364957928658
vt -1.7968738079071 0.0991479605436325
vt -1.79862749576569 0.0989156067371368
vt -1.80035626888275 0.0985409840941429
vt 1.79467046260834 -0.025000000372529
vt 1.71770989894867 -0.025000000372529
vt 1.71770989894867 -0.0500000007450581
vt 1.79467046260834 -0.0500000007450581
vt 0.0395456254482269 -0.025000000372529
vt 0.0413150750100613 -0.025000000372529
vt 0.0430845245718956 -0.025000000372529
vt 0.0448539778590202 -0.025000000372529
vt 0.0448539778590202 -0.0500000007450581
vt 0.0430845245718956 -0.0500000007450581
vt 0.0413150750100613 -0.0500000007450581
vt 0.0395456254482269 -0.0500000007450581
vt 1.56390082836151 -0.025000000372529
vt 1.54225564002991 -0.025000000372529
vt 1.54225564002991 -0.0500000007450581
vt 1.56390082836151 -0.0500000007450581
vt 0.0448539778590202 -0.025000000372529
vt 0.052036140114069 -0.025000000372529
vt 0.059218306094408 -0.025000000372529
vt 0.0664004683494568 -0.025000000372529
vt 0.0735826343297958 -0.025000000372529
vt 0.0735826343297958 -0.0500000007450581
vt 0.0664004683494568 -0.0500000007450581
vt 0.059218306094408 -0.0500000007450581
vt 0.052036140114069 -0.0500000007450581
vt 0.0448539778590202 -0.0500000007450581
vt 0.427961409091949 -0.0500000007450581
vt 0.427961409091949 -0.025000000372529
vt 0.521229028701782 -0.025000000372529
vt 0.521229028701782 -0.0500000007450581
vt -0.0625654086470604 -0.025000000372529
vt -0.0553832463920116 -0.025000000372529
vt -0.0482010804116726 -0.025000000372529
vt -0.0410189181566238 -0.025000000372529
vt -0.0338367521762848 -0.025000000372529
vt -0.0338367521762848 -0.0500000007450581
vt -0.0410189181566238 -0.0500000007450581
vt -0.0482010804116726 -0.0500000007450581
vt -0.0553832463920116 -0.0500000007450581
vt -0.0625654086470604 -0.0500000007450581
vt 1.77246809005737 -0.0500000007450581
vt 1.77246809005737 -0.025000000372529
vt 1.79411327838898 -0.025000000372529
vt 1.79411327838898 -0.0500000007450581
vt -0.0338367521762848 -0.0500000007450581
vt -0.0338367521762848 -0.025000000372529
vt -0.0320673026144505 -0.025000000372529
vt -0.030297851189971 -0.025000000372529
vt -0.0285283997654915 -0.025000000372529
vt -0.0285283997654915 -0.0500000007450581
vt -0.030297851189971 -0.0500000007450581
vt -0.0320673026144505 -0.0500000007450581
vt 1.71770989894867 -0.0500000007450581
vt 1.71770989894867 -0.025000000372529
vt 1.79467046260834 -0.025000000372529
vt 1.79467046260834 -0.0500000007450581
vt 0.371043026447296 -0.0500000007450581
vt 0.371043026447296 -0.0299999993294477
vt 0.372511357069016 -0.0207294896245003
vt 0.376772522926331 -0.0123664420098066
vt 0.383409470319748 -0.0057294899597764
vt 0.391772538423538 -0.00146830454468727
vt 0.401043027639389 -4.82942187624144E-17
vt 0.54814738035202 -3.98482638209815E-18
vt 0.555372893810272 -0.000883136817719787
vt 0.562173008918762 -0.00348055176436901
vt 0.568147361278534 -0.00763932010158896
vt 0.568147361278534 -0.0500000007450581
vt 0.54814738035202 -0.0500000007450581
vt 0.54814738035202 -0.025000000372529
vt 0.401043027639389 -0.025000000372529
vt 0.401043027639389 -0.0500000007450581
vt -0.867282748222351 -0.0500000007450581
vt -0.867282748222351 -0.00763932010158896
vt -0.861305356025696 -0.0123062338680029
vt -0.856837213039398 -0.0177525505423546
vt -0.854075074195862 -0.0237383637577295
vt -0.853140652179718 -0.0299999993294477
vt -0.853140652179718 -0.0500000007450581
vt 1.78467047214508 -0.0500000007450581
vt 1.78467047214508 -0.0299999993294477
vt 1.71770989894867 -0.0299999993294477
vt 1.71770989894867 -0.0500000007450581
vt -0.0680256709456444 -0.0500000007450581
vt -0.0680256709456444 -0.0299999993294477
vt -0.0722449123859406 -0.0299999993294477
vt -0.0764641463756561 -0.0299999993294477
vt -0.0806833878159523 -0.0299999993294477
vt -0.0806833878159523 -0.0500000007450581
vt -0.0764641463756561 -0.0500000007450581
vt -0.0722449123859406 -0.0500000007450581
vt 1.79411327838898 -0.0500000007450581
vt 1.79411327838898 -0.0299999993294477
vt 1.77246809005737 -0.0299999993294477
vt 1.77246809005737 -0.0500000007450581
vt -0.0806833878159523 -0.0500000007450581
vt -0.0806833878159523 -0.0299999993294477
vt -0.0978091806173325 -0.0299999993294477
vt -0.114934980869293 -0.0299999993294477
vt -0.132060781121254 -0.0299999993294477
vt -0.149186581373215 -0.0299999993294477
vt -0.149186581373215 -0.0500000007450581
vt -0.132060781121254 -0.0500000007450581
vt -0.114934980869293 -0.0500000007450581
vt -0.0978091806173325 -0.0500000007450581
vt 0.521229028701782 -0.0500000007450581
vt 0.521229028701782 -0.0299999993294477
vt 0.427961409091949 -0.0299999993294477
vt 0.427961409091949 -0.0500000007450581
vt -0.149186581373215 -0.0500000007450581
vt -0.149186581373215 -0.0299999993294477
vt 0.158331230282784 -0.0299999993294477
vt 0.141205430030823 -0.0299999993294477
vt 0.124079637229443 -0.0299999993294477
vt 0.106953844428062 -0.0299999993294477
vt 0.106953844428062 -0.0500000007450581
vt 0.124079637229443 -0.0500000007450581
vt 0.141205430030823 -0.0500000007450581
vt -0.166312366724014 -0.0500000007450581
vt -0.166312366724014 -0.0299999993294477
vt 0.158331230282784 -0.0500000007450581
vt 1.54225564002991 -0.0500000007450581
vt 1.54225564002991 -0.0299999993294477
vt 1.56390082836151 -0.0299999993294477
vt 1.56390082836151 -0.0500000007450581
vt 0.106953844428062 -0.0500000007450581
vt 0.106953844428062 -0.0299999993294477
vt 0.102734602987766 -0.0299999993294477
vt 0.0985153689980507 -0.0299999993294477
vt 0.0942961275577545 -0.0299999993294477
vt 0.0942961275577545 -0.0500000007450581
vt 0.0985153689980507 -0.0500000007450581
vt 0.102734602987766 -0.0500000007450581
vt 1.71770989894867 -0.0500000007450581
vt 1.71770989894867 -0.0299999993294477
vt 1.79467046260834 -0.0299999993294477
vt 1.79467046260834 -0.0500000007450581
vt -0.996040225028992 -0.139809742569923
vt -0.999822854995728 -0.141676187515259
vt -1.00374519824982 -0.143227860331535
vt -1.00778090953827 -0.144454419612885
vt -1.08226788043976 -0.163809284567833
vt -1.08981263637543 -0.134773507714272
vt -1.01532566547394 -0.115418627858162
vt -1.0136331319809 -0.11490423977375
vt -1.01198828220367 -0.114253498613834
vt -1.01040184497833 -0.113470762968063
vt -0.99139815568924 -0.103108733892441
vt -0.985771894454956 -0.0986975803971291
vt -0.981887340545654 -0.0926956459879875
vt -0.980167388916016 -0.0857562944293022
vt -0.98079925775528 -0.0786349326372147
vt -1.00425517559052 0.0116350399330258
vt -1.00717008113861 0.0181631688028574
vt -1.01205062866211 0.0233874190598726
vt -1.01836574077606 0.0267390757799149
vt -1.02542769908905 0.0278532803058624
vt -1.04707193374634 0.0276532415300608
vt -1.04883861541748 0.0275647044181824
vt -1.05059230327606 0.0273323506116867
vt -1.05232107639313 0.0269577298313379
vt -1.12680804729462 0.00760285463184118
vt -1.13183784484863 0.0269600469619036
vt -1.12467420101166 0.039153553545475
vt -1.0598658323288 0.0559935159981251
vt -1.05574345588684 0.056886799633503
vt -1.05156195163727 0.0574408434331417
vt -1.04734921455383 0.0576519593596458
vt -1.02570497989655 0.0578519999980927
vt -1.00886571407318 0.055195190012455
vt -0.99380761384964 0.0472031943500042
vt -0.982169926166534 0.034746028482914
vt -0.975219428539276 0.0191797725856304
vt -0.951763451099396 -0.0710901990532875
vt -0.950256824493408 -0.0880710035562515
vt -0.954358100891113 -0.104617826640606
vt -0.963620722293854 -0.118929378688335
vt -0.977036476135254 -0.129447713494301
vt -1.15253818035126 -0.27501168847084
vt -1.07771158218384 -0.242663040757179
vt -0.998623073101044 -0.222903355956078
vt -0.917374849319458 -0.21625791490078
vt -0.781813442707062 -0.21625791490078
vt -0.502098679542542 0.0445803254842758
vt -0.481990873813629 0.0577009506523609
vt -0.458632200956345 0.0632550045847893
vt -0.43477076292038 0.0605890564620495
vt -0.413213819265366 0.0500167571008205
vt -0.298428922891617 -0.033379353582859
vt -0.281541258096695 -0.0508670397102833
vt -0.271653205156326 -0.0730760097503662
vt -0.269957363605499 -0.0973275303840637
vt -0.282457441091537 -0.21625791490078
vt -0.267374813556671 -0.21625791490078
vt -0.267374813556671 -0.236257910728455
vt -0.900269985198975 -0.236257910728455
vt -0.75125789642334 -0.286257922649384
vt -0.274039655923843 -0.286257922649384
vt -0.259804606437683 -0.284383833408356
vt -0.246539652347565 -0.278889298439026
vt -0.235148787498474 -0.270148783922195
vt -0.167367041110992 -0.202367037534714
vt -0.158626511693001 -0.190976172685623
vt -0.153131991624832 -0.177711218595505
vt -0.151257917284966 -0.163476169109344
vt -0.151257917284966 -0.0862579122185707
vt -0.143854826688766 -0.0395166464149952
vt -0.122370220720768 0.00264925742521882
vt -0.0889071673154831 0.0361123085021973
vt -0.0467412658035755 0.0575969107449055
vt 3.04931861011548E-16 0.0649999976158142
vt 0.0213212966918945 0.0614036023616791
vt 0.0402832105755806 0.0510123781859875
vt 0.054787453263998 0.0349762067198753
vt 0.063229002058506 0.0150696244090796
vt 0.0646737292408943 -0.00650453846901655
vt 0.0589617639780045 -0.0273589193820953
vt 0.0467251837253571 -0.0451858080923557
vt 0.0293180700391531 -0.0580125041306019
vt 0.00866666622459888 -0.0644196346402168
vt 0.00591194769367576 -0.0652041286230087
vt 0.00349260866641998 -0.0667373314499855
vt 0.00160713028162718 -0.0688934549689293
vt 0.000410195585573092 -0.0714956223964691
vt 4.60785923306339E-16 -0.0743303447961807
vt 5.42101086242752E-16 -0.137749776244164
vt 0.00105624727439135 -0.144939810037613
vt 0.00413573626428843 -0.151522293686867
vt 0.00897825136780739 -0.156941011548042
vt 0.0151746002957225 -0.160738065838814
vt 0.0222011934965849 -0.162592619657516
vt 0.0294642858207226 -0.162347942590714
vt 0.0385867320001125 -0.160424634814262
vt 0.0475859902799129 -0.157989159226418
vt 0.0564333237707615 -0.155049279332161
vt 0.108056537806988 -0.126809775829315
vt 0.148902267217636 -0.0844535306096077
vt 0.175249353051186 -0.031839307397604
vt 0.184697508811951 0.0262395907193422
vt 0.176385968923569 0.0844920054078102
vt 0.151071935892105 0.137610986828804
vt 0.111061587929726 0.180757224559784
vt 0.0599999986588955 0.209999993443489
vt -0.0456414669752121 0.242030918598175
vt -0.15485817193985 0.258087396621704
vt -0.265248507261276 0.257816314697266
vt -0.374385058879852 0.241223692893982
vt -0.479867935180664 0.208674356341362
vt -0.5793776512146 0.16088405251503
vt -0.67072606086731 0.09890366345644
vt -0.751904428005219 0.0240961145609617
vt -0.821127712726593 -0.0618936270475388
vt -0.835504531860352 -0.0768960416316986
vt -0.853881061077118 -0.0865950435400009
vt -0.874379217624664 -0.0899994671344757
vt -0.894904315471649 -0.0867613926529884
vt -0.913358867168427 -0.0772117376327515
vt -0.927856862545013 -0.0623264126479626
vt -0.936916768550873 -0.0436265841126442
vt -0.939612746238708 -0.0230232514441013
vt -0.93839567899704 0.016976747661829
vt -0.939192891120911 0.0262299068272114
vt -0.942102491855621 0.0350498035550117
vt -0.946967661380768 0.0429609566926956
vt -0.966366410255432 0.0675617530941963
vt -0.972505569458008 0.0734116211533546
vt -0.980036437511444 0.0773098692297935
vt -0.988357305526733 0.0789450258016586
vt -0.996803283691406 0.0781864449381828
vt -1.11326718330383 0.0507472157478333
vt -1.12150394916534 0.0474598556756973
vt -1.12841975688934 0.0419079326093197
vt -1.13341009616852 0.0345766358077526
vt -1.13603889942169 0.0261066444218159
vt -1.14194357395172 -0.01228919159621
vt -1.1418673992157 -0.0157613195478916
vt -1.14060831069946 -0.0189979877322912
vt -1.13831806182861 -0.0216088090091944
vt -1.13527297973633 -0.0232788790017366
vt -1.13184034824371 -0.0238067619502544
vt -1.02188217639923 -0.0213934890925884
vt -1.01853239536285 -0.0218936912715435
vt -1.0155416727066 -0.0234834067523479
vt -1.01325309276581 -0.0259802676737309
vt -1.01192927360535 -0.0290978401899338
vt -1.00142526626587 -0.0736814811825752
vt -1.00121808052063 -0.0770621299743652
vt -1.00215125083923 -0.0803180262446404
vt -1.00411772727966 -0.0830756798386574
vt -1.00689196586609 -0.0850187316536903
vt -1.14879441261292 -0.151966318488121
vt -0.781813442707062 -0.21625791490078
vt -0.917374849319458 -0.21625791490078
vt -0.998623073101044 -0.222903355956078
vt -1.07771158218384 -0.242663040757179
vt -1.15253818035126 -0.27501168847084
vt -1.14879441261292 -0.151966318488121
vt -1.00689196586609 -0.0850187316536903
vt -1.00411772727966 -0.0830756798386574
vt -1.00215125083923 -0.0803180262446404
vt -1.00121808052063 -0.0770621299743652
vt -1.00142526626587 -0.0736814811825752
vt -1.01192927360535 -0.0290978401899338
vt -1.01325309276581 -0.0259802676737309
vt -1.0155416727066 -0.0234834067523479
vt -1.01853239536285 -0.0218936912715435
vt -1.02188217639923 -0.0213934890925884
vt -1.13184034824371 -0.0238067619502544
vt -1.13527297973633 -0.0232788790017366
vt -1.13831806182861 -0.0216088090091944
vt -1.14060831069946 -0.0189979877322912
vt -1.1418673992157 -0.0157613195478916
vt -1.14194357395172 -0.01228919159621
vt -1.13603889942169 0.0261066444218159
vt -1.13341009616852 0.0345766358077526
vt -1.12841975688934 0.0419079326093197
vt -1.12150394916534 0.0474598556756973
vt -1.11326718330383 0.0507472157478333
vt -0.996803283691406 0.0781864449381828
vt -0.988357305526733 0.0789450258016586
vt -0.980036437511444 0.0773098692297935
vt -0.972505569458008 0.0734116211533546
vt -0.966366410255432 0.0675617530941963
vt -0.946967661380768 0.0429609566926956
vt -0.942102491855621 0.0350498035550117
vt -0.939192891120911 0.0262299068272114
vt -0.93839567899704 0.016976747661829
vt -0.939612746238708 -0.0230232514441013
vt -0.936916768550873 -0.0436265841126442
vt -0.927856862545013 -0.0623264126479626
vt -0.913358867168427 -0.0772117376327515
vt -0.894904315471649 -0.0867613926529884
vt -0.874379217624664 -0.0899994671344757
vt -0.853881061077118 -0.0865950435400009
vt -0.835504531860352 -0.0768960416316986
vt -0.821127712726593 -0.0618936270475388
vt -0.751904428005219 0.0240961145609617
vt -0.67072606086731 0.09890366345644
vt -0.5793776512146 0.16088405251503
vt -0.479867935180664 0.208674356341362
vt -0.374385058879852 0.241223692893982
vt -0.265248507261276 0.257816314697266
vt -0.15485817193985 0.258087396621704
vt -0.0456414669752121 0.242030918598175
vt 0.0599999986588955 0.209999993443489
vt 0.111061587929726 0.180757224559784
vt 0.151071935892105 0.137610986828804
vt 0.176385968923569 0.0844920054078102
vt 0.184697508811951 0.0262395907193422
vt 0.175249353051186 -0.031839307397604
vt 0.148902267217636 -0.0844535306096077
vt 0.108056537806988 -0.126809775829315
vt 0.0564333237707615 -0.155049279332161
vt 0.0475859902799129 -0.157989159226418
vt 0.0385867320001125 -0.160424634814262
vt 0.0294642858207226 -0.162347942590714
vt 0.0222011934965849 -0.162592619657516
vt 0.0151746002957225 -0.160738065838814
vt 0.00897825136780739 -0.156941011548042
vt 0.00413573626428843 -0.151522293686867
vt 0.00105624727439135 -0.144939810037613
vt -1.05709711817337E-15 -0.137749776244164
vt 2.16840434497101E-16 -0.0743303447961807
vt 0.000410195585573092 -0.0714956223964691
vt 0.00160713028162718 -0.0688934549689293
vt 0.00349260866641998 -0.0667373314499855
vt 0.00591194769367576 -0.0652041286230087
vt 0.00866666622459888 -0.0644196346402168
vt 0.0293180700391531 -0.0580125041306019
vt 0.0467251837253571 -0.0451858080923557
vt 0.0589617639780045 -0.0273589193820953
vt 0.0646737292408943 -0.00650453846901655
vt 0.063229002058506 0.0150696244090796
vt 0.054787453263998 0.0349762067198753
vt 0.0402832105755806 0.0510123781859875
vt 0.0213212966918945 0.0614036023616791
vt 3.04931861011548E-16 0.0649999976158142
vt -0.0467412658035755 0.0575969107449055
vt -0.0889071673154831 0.0361123085021973
vt -0.122370220720768 0.00264925742521882
vt -0.143854826688766 -0.0395166464149952
vt -0.151257917284966 -0.0862579122185707
vt -0.151257917284966 -0.163476169109344
vt -0.153131991624832 -0.177711218595505
vt -0.158626511693001 -0.190976172685623
vt -0.167367041110992 -0.202367037534714
vt -0.235148787498474 -0.270148783922195
vt -0.246539652347565 -0.278889298439026
vt -0.259804606437683 -0.284383833408356
vt -0.274039655923843 -0.286257922649384
vt -0.75125789642334 -0.286257922649384
vt -0.900269985198975 -0.236257910728455
vt -0.267374813556671 -0.236257910728455
vt -0.267374813556671 -0.21625791490078
vt -0.282457441091537 -0.21625791490078
vt -0.269957363605499 -0.0973275303840637
vt -0.271653205156326 -0.0730760097503662
vt -0.281541258096695 -0.0508670397102833
vt -0.298428922891617 -0.033379353582859
vt -0.413213819265366 0.0500167571008205
vt -0.43477076292038 0.0605890564620495
vt -0.458632200956345 0.0632550045847893
vt -0.481990873813629 0.0577009506523609
vt -0.502098679542542 0.0445803254842758
vt -1.90819582357449E-16 -0.0700000002980232
vt 0.0072930445894599 -0.0700000002980232
vt 0.0145860891789198 -0.0700000002980232
vt 0.0218791328370571 -0.0700000002980232
vt 0.0291721783578396 -0.0700000002980232
vt 0.0364652238786221 -0.0700000002980232
vt 0.0437582656741142 -0.0700000002980232
vt 0.0437582656741142 3.41671518052009E-17
vt 0.0364652238786221 2.51019388515282E-17
vt 0.0291721783578396 3.81174189948969E-17
vt 0.0218791328370571 4.55523367162053E-17
vt 0.0145860891789198 6.14496098889516E-18
vt 0.0072930445894599 -1.6953014955486E-18
vt 6.26235174827627E-16 7.50971536276231E-17
vt -2.63025408871954E-16 -0.0700000002980232
vt -0.0634194314479828 -0.0700000002980232
vt -0.0634194314479828 3.0509309919245E-18
vt 0 0
vt -0.0143706472590566 -0.0700000002980232
vt -0.0114965178072453 -0.0700000002980232
vt -0.00862238835543394 -0.0700000002980232
vt -0.00574825890362263 -0.0700000002980232
vt -0.00287412945181131 -0.0700000002980232
vt 1.83013326715553E-16 -0.0700000002980232
vt -1.00613961606655E-16 3.00388621127937E-17
vt -0.00287412945181131 -3.07392557897771E-18
vt -0.00574825890362263 1.56411747463775E-17
vt -0.00862238835543394 1.54753845905647E-17
vt -0.0114965178072453 1.01045637389844E-17
vt -0.0143706472590566 4.09561010251095E-17
vt -0.102101758122444 -0.0700000002980232
vt -0.123825199902058 -0.0700000002980232
vt -0.145548641681671 -0.0700000002980232
vt -0.167272090911865 -0.0700000002980232
vt -0.188995525240898 -0.0700000002980232
vt 0.197688072919846 -0.0700000002980232
vt 0.175964638590813 -0.0700000002980232
vt 0.154241189360619 -0.0700000002980232
vt 0.132517755031586 -0.0700000002980232
vt 0.110794313251972 -0.0700000002980232
vt 0.110794313251972 1.13411036289808E-17
vt 0.132517755031586 8.64363621858205E-18
vt 0.154241189360619 1.87045322658492E-17
vt 0.175964638590813 8.11339028487841E-18
vt -0.210718959569931 -3.52946428206832E-18
vt -0.188995525240898 -1.29307055043155E-18
vt -0.167272090911865 4.77743456735921E-18
vt -0.145548641681671 -7.16822559283449E-18
vt -0.123825199902058 2.37740790490866E-17
vt -0.102101758122444 -9.28531413414455E-17
vt -0.210718959569931 -0.0700000002980232
vt 0.197688072919846 -3.52946428206832E-18
vt 1.90125692967058E-15 -0.0700000002980232
vt -0.047519076615572 -0.0700000002980232
vt -0.095038153231144 -0.0700000002980232
vt -0.142557218670845 -0.0700000002980232
vt -0.190076306462288 -0.0700000002980232
vt -0.23759537935257 -0.0700000002980232
vt -0.23759537935257 -5.40663181640339E-17
vt -0.190076306462288 -4.28815591154512E-17
vt -0.142557218670845 1.99447514552102E-18
vt -0.095038153231144 -1.37398595765743E-17
vt -0.047519076615572 8.95343190159541E-18
vt 1.76247905159244E-15 1.30837655572962E-17
vt 0.0772182568907738 -0.0700000002980232
vt 7.85285767411789E-17 -0.0700000002980232
vt 0 0
vt 0.0772182568907738 7.32864685016343E-17
vt 0.129590690135956 -0.0700000002980232
vt 0.14398966729641 -0.0700000002980232
vt 0.158388629555702 -0.0700000002980232
vt 0.172787591814995 -0.0700000002980232
vt 0.172787591814995 5.68308616503045E-17
vt 0.158388629555702 3.34961693620775E-17
vt 0.14398966729641 -1.81042009732051E-17
vt 0.129590690135956 -1.87939091310355E-17
vt 0.0958578661084175 -0.0700000002980232
vt -2.58357277950738E-16 -0.0700000002980232
vt 0 0
vt 0.0958578661084175 5.31688834476955E-17
vt 0.0863937959074974 -0.0700000002980232
vt 0.100792765617371 -0.0700000002980232
vt 0.115191727876663 -0.0700000002980232
vt 0.129590690135956 -0.0700000002980232
vt 0.129590690135956 9.22283949858413E-17
vt 0.115191727876663 -5.43010521695418E-17
vt 0.100792765617371 1.53791355088492E-17
vt 0.0863937959074974 1.02466237373843E-17
vt 0.477218240499496 -0.0700000002980232
vt -2.59404104794425E-16 -0.0700000002980232
vt 0 0
vt 0.477218240499496 1.14546968269851E-18
vt -0.033644787967205 3.19883282932342E-17
vt -0.033644787967205 -0.0700000002980232
vt -0.190821766853333 -0.0700000002980232
vt -0.190821766853333 -1.10458542479114E-16
vt 0.0588230825960636 -0.0700000002980232
vt 0.0588230825960636 -5.63717697928927E-17
vt 0.131391301751137 -3.52471254303951E-17
vt 0.131391301751137 -0.0700000002980232
vt 0.112999983131886 -0.0700000002980232
vt -7.25791893732321E-17 -0.0700000002980232
vt 0 0
vt 0.112999983131886 -1.21783386218794E-17
vt -0.123102322220802 -0.0700000002980232
vt -0.123102322220802 2.32759029077316E-17
vt 0 0
vt -7.43607378893243E-17 -0.0700000002980232
vt 8.93592826352542E-17 -0.0700000002980232
vt -0.15690216422081 -0.0700000002980232
vt -0.15690216422081 4.9509532370712E-17
vt 0 0
vt -0.0291020944714546 -0.0700000002980232
vt 0.0303263664245605 -0.0700000002980232
vt 0.0269229747354984 -0.0700000002980232
vt 0.0235195830464363 -0.0700000002980232
vt 0.020116189494729 -0.0700000002980232
vt 0.020116189494729 7.52590583093036E-19
vt 0.0235195830464363 -3.50415710481756E-17
vt 0.0269229747354984 -3.32995485304737E-17
vt -0.0325054861605167 1.21468933508932E-17
vt -0.0291020944714546 5.15077558851788E-17
vt -0.0325054861605167 -0.0700000002980232
vt 0.0303263664245605 1.21468933508932E-17
vt 0.0458043180406094 -0.0700000002980232
vt -1.07590303631254E-16 -0.0700000002980232
vt 0 0
vt 0.0458043180406094 -2.41668459106227E-17
vt -0.0154885267838836 -0.0700000002980232
vt -0.0188919194042683 -0.0700000002980232
vt -0.0222953110933304 -0.0700000002980232
vt -0.0256987027823925 -0.0700000002980232
vt -0.0291020944714546 -0.0700000002980232
vt -0.0291020944714546 -5.95145465773369E-17
vt -0.0256987027823925 -1.52534255624371E-17
vt -0.0222953110933304 6.12320241647226E-18
vt -0.0188919194042683 9.49468678207152E-18
vt -0.0154885267838836 -4.56220382633414E-18
vt -1.34097848990997E-16 -0.0700000002980232
vt -0.109984621405602 -0.0700000002980232
vt -0.109984621405602 3.27401792217633E-17
vt 0 0
vt -0.00152589241042733 -0.0700000002980232
vt 0.00196476606652141 -0.0700000002980232
vt 0.00545542454347014 -0.0700000002980232
vt 0.00894608348608017 -0.0700000002980232
vt 0.0124367419630289 -0.0700000002980232
vt 0.0159274004399776 -0.0700000002980232
vt 0.0159274004399776 4.56220382633414E-18
vt 0.0124367419630289 -2.88229099210632E-17
vt 0.00894608348608017 1.2971111002492E-17
vt 0.00545542454347014 6.33237654105222E-18
vt 0.00196476606652141 2.41533717717544E-20
vt -0.00152589241042733 1.40405504825853E-17
vt 1.44165854655629E-16 -0.0700000002980232
vt -0.0388472080230713 -0.0700000002980232
vt -0.0388472080230713 3.76098080314752E-17
vt 2.01132552597405E-16 -6.71532886254704E-31
vt -0.0401823930442333 -0.0700000002980232
vt -0.0312812142074108 -0.0700000002980232
vt -0.0223800353705883 -0.0700000002980232
vt -0.0134788565337658 -0.0700000002980232
vt -0.004577677231282 -0.0700000002980232
vt -0.004577677231282 4.21216514477559E-17
vt -0.0134788565337658 4.43874910514407E-17
vt -0.0223800353705883 -1.34264118911565E-17
vt -0.0312812142074108 -1.52453688232708E-17
vt -0.0401823930442333 2.9941354062186E-17
vt 1.14224642868509E-16 -0.0700000002980232
vt -0.119652636349201 -0.0700000002980232
vt -0.119652636349201 -6.23906204799592E-17
vt 0 0
vt -0.0742163136601448 -0.0700000002980232
vt -0.0657078325748444 -0.0700000002980232
vt -0.0571993552148342 -0.0700000002980232
vt -0.0486908741295338 -0.0700000002980232
vt -0.0401823930442333 -0.0700000002980232
vt -0.0401823930442333 2.9941354062186E-17
vt -0.0486908741295338 1.40358239725652E-17
vt -0.0571993552148342 3.31835513388141E-17
vt -0.0657078325748444 -3.2166641963521E-17
vt -0.0742163136601448 -5.94638569493996E-17
vt 0.031329084187746 -0.0700000002980232
vt 2.1415565769166E-16 -0.0700000002980232
vt 0 0
vt 0.031329084187746 4.70501076882713E-18
vt 0.124447055160999 -0.0700000002980232
vt -0.11757193505764 -0.0700000002980232
vt -0.10826350748539 -0.0700000002980232
vt -0.0989550873637199 -0.0700000002980232
vt -0.0989550873637199 -7.92851425991995E-17
vt -0.10826350748539 -2.55663610608073E-17
vt 0.133755475282669 1.47348709995113E-17
vt 0.124447055160999 -6.75304759609024E-17
vt -0.11757193505764 1.47348709995113E-17
vt 0.133755475282669 -0.0700000002980232
vt -4.94577296885425E-16 -0.0700000002980232
vt -0.0400185100734234 -0.0700000002980232
vt -0.0400185100734234 -8.85211898560604E-17
vt -5.68938001687525E-16 1.52939810961441E-27
vt 0.164970770478249 -0.0700000002980232
vt 0.144102290272713 -0.0700000002980232
vt 0.123233810067177 -0.0700000002980232
vt 0.102365329861641 -0.0700000002980232
vt 0.0814968571066856 -0.0700000002980232
vt 0.0606283769011497 -0.0700000002980232
vt 0.0397599004209042 -0.0700000002980232
vt 0.0188914239406586 -0.0700000002980232
vt -0.00197705300524831 -0.0700000002980232
vt -0.00197705300524831 9.58592348014714E-17
vt 0.0188914239406586 -1.45291925402E-17
vt 0.0397599004209042 4.26375970830297E-17
vt 0.0606283769011497 -4.6679621763715E-18
vt 0.0814968571066856 1.17082766951839E-17
vt 0.102365329861641 -1.45172100018465E-18
vt 0.123233810067177 8.27709346400572E-18
vt 0.144102290272713 4.31631545570214E-17
vt 0.164970770478249 0
vt -1.44375360012054 -0.0700000002980232
vt -1.33326160907745 -0.0700000002980232
vt -1.22276949882507 -0.0700000002980232
vt -1.11227738857269 -0.0700000002980232
vt -1.0017853975296 -0.0700000002980232
vt -0.891293287277222 -0.0700000002980232
vt -0.780801236629486 -0.0700000002980232
vt -0.67030918598175 -0.0700000002980232
vt -0.559817135334015 -0.0700000002980232
vt -0.449325084686279 -0.0700000002980232
vt -0.449325084686279 -2.22768288699342E-16
vt -0.559817135334015 0
vt -0.67030918598175 0
vt -0.780801236629486 4.30054906235463E-17
vt -0.891293287277222 -1.70260157124954E-17
vt -1.0017853975296 0
vt -1.11227738857269 0
vt -1.22276949882507 -4.95347084398356E-17
vt -1.33326160907745 -2.68744032701333E-18
vt -1.44375360012054 -2.7977132964851E-16
vt 0.374278038740158 -0.0700000002980232
vt 0.433346122503281 -0.0700000002980232
vt 0.492414176464081 -0.0700000002980232
vt 0.551482260227203 -0.0700000002980232
vt -0.614359676837921 -0.0700000002980232
vt -0.555291593074799 -0.0700000002980232
vt -0.496223539113998 -0.0700000002980232
vt -0.437155485153198 -0.0700000002980232
vt -0.378087401390076 -0.0700000002980232
vt -0.378087401390076 -1.25306719024571E-16
vt -0.437155485153198 -7.28158738706243E-18
vt -0.496223539113998 0
vt -0.555291593074799 9.02498612650854E-19
vt 0.610550284385681 -1.49570914167124E-17
vt 0.551482260227203 -1.07922237976181E-17
vt 0.492414176464081 9.97155971393079E-18
vt 0.433346122503281 4.09769029631539E-17
vt 0.374278038740158 4.82276836626631E-17
vt 0.610550284385681 -0.0700000002980232
vt -0.614359676837921 -1.49570914167124E-17
vt 0.288804560899734 -0.0700000002980232
vt 0.29812878370285 -0.0700000002980232
vt 0.307453036308289 -0.0700000002980232
vt 0.316777259111404 -0.0700000002980232
vt 0.316777259111404 3.49212526649961E-17
vt 0.307453036308289 1.29240163014969E-17
vt 0.29812878370285 -2.14547158966859E-18
vt 0.288804560899734 -1.87458615179748E-17
vt -0.0471238903701305 -1.79467046260834
vt -0.0376991108059883 -1.79467046260834
vt -0.0282743331044912 -1.79467046260834
vt -0.0188495554029942 -1.79467046260834
vt -0.00942477770149708 -1.79467046260834
vt -7.17551057248925E-17 -1.79467046260834
vt -5.16017368376546E-17 -1.71770989894867
vt -0.00942477770149708 -1.71770989894867
vt -0.0188495554029942 -1.71770989894867
vt -0.0282743331044912 -1.71770989894867
vt -0.0376991108059883 -1.71770989894867
vt -0.0471238903701305 -1.71770989894867
vt -0.0459520556032658 0
vt -0.0459520556032658 0.00942477770149708
vt -0.0459520556032658 0.0188495554029942
vt -0.0459520556032658 0.0282743331044912
vt -0.0459520556032658 0.0376991108059883
vt -0.0459520556032658 0.0471238903701305
vt -0.0494537651538849 0.0471238903701305
vt -0.0529554784297943 0.0471238903701305
vt -0.0564571879804134 0.0471238903701305
vt -0.0564571879804134 0.0376991108059883
vt -0.0564571879804134 0.0282743331044912
vt -0.0564571879804134 0.0188495554029942
vt -0.0564571879804134 0.00942477770149708
vt -0.0564571879804134 0
vt -0.0529554784297943 0
vt -0.0494537651538849 0
vt 1.40669607051829E-17 -1.54225564002991
vt -0.00942477770149708 -1.54225564002991
vt -0.0188495554029942 -1.54225564002991
vt -0.0282743331044912 -1.54225564002991
vt -0.0376991108059883 -1.54225564002991
vt -0.0471238903701305 -1.54225564002991
vt -0.0471238903701305 -1.56390082836151
vt -0.0376991108059883 -1.56390082836151
vt -0.0282743331044912 -1.56390082836151
vt -0.0188495554029942 -1.56390082836151
vt -0.00942477770149708 -1.56390082836151
vt 0 -1.56390082836151
vt 0.0109014445915818 0
vt 0.0109014445915818 0.00942477770149708
vt 0.0109014445915818 0.0188495554029942
vt 0.0109014445915818 0.0282743331044912
vt 0.0109014445915818 0.0376991108059883
vt 0.0109014445915818 0.0471238903701305
vt -0.00331193045713007 0.0471238903701305
vt -0.0175253041088581 0.0471238903701305
vt -0.0317386798560619 0.0471238903701305
vt -0.0459520556032658 0.0471238903701305
vt -0.0459520556032658 0.0376991108059883
vt -0.0459520556032658 0.0282743331044912
vt -0.0459520556032658 0.0188495554029942
vt -0.0459520556032658 0.00942477770149708
vt -0.0459520556032658 0
vt -0.0317386798560619 0
vt -0.0175253041088581 0
vt -0.00331193045713007 0
vt 0 0.0453962907195091
vt 0 0.0324259214103222
vt 0 0.0194555539637804
vt 0 0.00648518465459347
vt -0.0192453246563673 0.0453962907195091
vt -0.0192453246563673 0.0324259214103222
vt -0.0192453246563673 0.0194555539637804
vt -0.0192453246563673 0.00648518465459347
vt -0.0384906493127346 0.0453962907195091
vt -0.0384906493127346 0.0324259214103222
vt -0.0384906493127346 0.0194555539637804
vt -0.0384906493127346 0.00648518465459347
vt -2.99960774363804E-18 0.521229028701782
vt -0.00942477770149708 0.521229028701782
vt -0.0188495554029942 0.521229028701782
vt -0.0282743331044912 0.521229028701782
vt -0.0376991108059883 0.521229028701782
vt -0.0471238903701305 0.521229028701782
vt -0.0471238903701305 0.427961409091949
vt -0.0376991108059883 0.427961409091949
vt -0.0282743331044912 0.427961409091949
vt -0.0188495554029942 0.427961409091949
vt -0.00942477770149708 0.427961409091949
vt -2.39819611175498E-17 0.427961409091949
vt 0.067754939198494 0
vt 0.067754939198494 0.00942477770149708
vt 0.067754939198494 0.0188495554029942
vt 0.067754939198494 0.0282743331044912
vt 0.067754939198494 0.0376991108059883
vt 0.067754939198494 0.0471238903701305
vt 0.0535415671765804 0.0471238903701305
vt 0.0393281951546669 0.0471238903701305
vt 0.0251148194074631 0.0471238903701305
vt 0.0109014445915818 0.0471238903701305
vt 0.0109014445915818 0.0376991108059883
vt 0.0109014445915818 0.0282743331044912
vt 0.0109014445915818 0.0188495554029942
vt 0.0109014445915818 0.00942477770149708
vt 0.0109014445915818 0
vt 0.0251148194074631 0
vt 0.0393281951546669 0
vt 0.0535415671765804 0
vt 0.0577359721064568 0.0453962907195091
vt 0.0577359721064568 0.0324259214103222
vt 0.0577359721064568 0.0194555539637804
vt 0.0577359721064568 0.00648518465459347
vt 0.0384906493127346 0.0453962907195091
vt 0.0384906493127346 0.0324259214103222
vt 0.0384906493127346 0.0194555539637804
vt 0.0384906493127346 0.00648518465459347
vt 0.0192453246563673 0.0453962907195091
vt 0.0192453246563673 0.0324259214103222
vt 0.0192453246563673 0.0194555539637804
vt 0.0192453246563673 0.00648518465459347
vt 1.00585766328295E-17 1.79411327838898
vt -0.00942477770149708 1.79411327838898
vt -0.0188495554029942 1.79411327838898
vt -0.0282743331044912 1.79411327838898
vt -0.0376991108059883 1.79411327838898
vt -0.0471238903701305 1.79411327838898
vt -0.0471238903701305 1.77246809005737
vt -0.0376991108059883 1.77246809005737
vt -0.0282743331044912 1.77246809005737
vt -0.0188495554029942 1.77246809005737
vt -0.00942477770149708 1.77246809005737
vt -5.41720847858774E-17 1.77246809005737
vt 0.0782600790262222 0
vt 0.0782600790262222 0.00942477770149708
vt 0.0782600790262222 0.0188495554029942
vt 0.0782600790262222 0.0282743331044912
vt 0.0782600790262222 0.0376991108059883
vt 0.0782600790262222 0.0471238903701305
vt 0.0747583657503128 0.0471238903701305
vt 0.0712566524744034 0.0471238903701305
vt 0.067754939198494 0.0471238903701305
vt 0.067754939198494 0.0376991108059883
vt 0.067754939198494 0.0282743331044912
vt 0.067754939198494 0.0188495554029942
vt 0.067754939198494 0.00942477770149708
vt 0.067754939198494 0
vt 0.0712566524744034 0
vt 0.0747583657503128 0
vt 0.0769812986254692 0.0453962907195091
vt 0.0769812986254692 0.0324259214103222
vt 0.0769812986254692 0.0194555539637804
vt 0.0769812986254692 0.00648518465459347
vt -0.0252320598810911 1.79467046260834
vt -0.0325293354690075 1.79467046260834
vt -0.039826612919569 1.79467046260834
vt -0.0471238903701305 1.79467046260834
vt -0.0471238903701305 1.71770989894867
vt -0.0376991108059883 1.71770989894867
vt -0.0282743331044912 1.71770989894867
vt -0.0188495554029942 1.71770989894867
vt -0.00942477770149708 1.71770989894867
vt -8.32985964615272E-17 1.71770989894867
vt -1.16662059583572E-16 1.78467047214508
vt -0.00630801497027278 1.78533113002777
vt -0.0126160299405456 1.78728425502777
vt -0.0189240444451571 1.79044377803802
vt -1.67877113819122 -0.129999995231628
vt -1.58222198486328 -0.129999995231628
vt -1.48567283153534 -0.129999995231628
vt -1.38912379741669 -0.129999995231628
vt -1.38912379741669 -2.67335668372956E-16
vt -1.48567283153534 4.30249847890424E-18
vt -1.58222198486328 -4.60387718559456E-18
vt -1.67877113819122 -2.83488851374891E-16
vt 0.0200328938663006 -0.634999990463257
vt -3.16385400819651E-17 -0.634999990463257
vt 1.95192098780073E-16 -0.0450000017881393
vt 0.0200328938663006 -0.0450000017881393
vt 1.42675738412952E-16 -0.202500000596046
vt -0.015082623809576 -0.202500000596046
vt -0.015082623809576 7.46604949084237E-17
vt 0 0
vt -1.05857861042023 -0.261384904384613
vt -0.988760769367218 -0.241595879197121
vt -1.04575109481812 -0.253743529319763
vt -1.10084939002991 -0.272707372903824
vt -1.1532438993454 -0.298207938671112
vt -1.15396678447723 -0.32196632027626
vt -1.1532438993454 -0.298207938671112
vt -1.10084939002991 -0.272707372903824
vt -1.04575109481812 -0.253743529319763
vt -0.988760769367218 -0.241595879197121
vt -1.05857861042023 -0.261384904384613
vt -1.15396678447723 -0.32196632027626
vt -0.146309286355972 1.32945386220003E-17
vt -0.146309286355972 -0.0700000002980232
vt -0.170078665018082 -0.0700000002980232
vt -0.170078665018082 -1.23630058664512E-17
vt -1.1532438993454 -0.298207938671112
vt -1.10084939002991 -0.272707372903824
vt -1.04575109481812 -0.253743529319763
vt -0.988760769367218 -0.241595879197121
vt -1.05857861042023 -0.261384904384613
vt -1.15396678447723 -0.32196632027626
vt -1.05857861042023 -0.261384904384613
vt -0.988760769367218 -0.241595879197121
vt -1.04575109481812 -0.253743529319763
vt -1.10084939002991 -0.272707372903824
vt -1.1532438993454 -0.298207938671112
vt -1.15396678447723 -0.32196632027626
vt 0.170078665018082 0.0700000002980232
vt 0.146309286355972 0.0700000002980232
vt 0.146309286355972 -9.77277630133348E-17
vt 0.170078665018082 -1.23385304193064E-16
vt -0.015082623809576 -1.12750005722046
vt -0.015082623809576 -0.27250000834465
vt 2.78529367589599E-16 -0.27250000834465
vt -5.13406521665533E-16 -1.12750005722046
vt -0.649999976158142 -1.12750005722046
vt -0.649999976158142 -0.27250000834465
vt -0.514438629150391 -0.27250000834465
vt -0.514438629150391 -1.12750005722046
vt -1.12750005722046 1.83045024276626E-16
vt -0.27250000834465 -1.89822465759853E-16
vt -0.27250000834465 -0.0199999995529652
vt -1.12750005722046 -0.0199999995529652
vt -7.48989254186529E-16 -0.27250000834465
vt -6.55578672521562E-16 -1.12750005722046
vt -0.119585484266281 -1.12750005722046
vt -0.119585484266281 -0.27250000834465
vt 1.29070814328161E-16 -0.27250000834465
vt 3.81573096145012E-16 -1.12750005722046
vt -0.382461667060852 -1.12750005722046
vt -0.382461667060852 -0.27250000834465
vt 0.212581098079681 -0.27250000834465
vt 0.212581098079681 -1.12750005722046
vt -0.202807262539864 -1.12750005722046
vt -0.178372651338577 -1.12750005722046
vt -0.153938040137291 -1.12750005722046
vt -0.153938040137291 -0.27250000834465
vt -0.178372651338577 -0.27250000834465
vt 0.237015709280968 -0.27250000834465
vt -0.202807262539864 -0.27250000834465
vt 0.237015709280968 -1.12750005722046
vt 2.89657686450626E-16 -0.27250000834465
vt 1.04811083975683E-15 -1.12750005722046
vt -0.141881927847862 -1.12750005722046
vt -0.141881927847862 -0.27250000834465
vt -0.153938040137291 -0.27250000834465
vt -0.153938040137291 -1.12750005722046
vt -0.129808858036995 -1.12750005722046
vt -0.10567968338728 -1.12750005722046
vt -0.0815505087375641 -1.12750005722046
vt -0.0574213340878487 -1.12750005722046
vt -0.0574213340878487 -0.27250000834465
vt -0.0815505087375641 -0.27250000834465
vt -0.10567968338728 -0.27250000834465
vt -0.129808858036995 -0.27250000834465

o 365bucket\Bucket_mesh
g 365bucket\Bucket_mesh
s off

usemtl c_0

# face 0
f 1/1/1 2/2/2 4/4/4
f 4/4/4 2/2/2 3/3/3

# face 1
f 12/12/12 5/5/5 11/11/11
f 11/11/11 5/5/5 6/6/6
f 11/11/11 6/6/6 10/10/10
f 10/10/10 6/6/6 7/7/7
f 10/10/10 7/7/7 9/9/9
f 9/9/9 7/7/7 8/8/8

# face 2
f 22/22/22 13/13/13 21/21/21
f 21/21/21 13/13/13 14/14/14
f 21/21/21 14/14/14 15/15/15
f 21/21/21 15/15/15 20/20/20
f 20/20/20 15/15/15 16/16/16
f 20/20/20 16/16/16 19/19/19
f 19/19/19 16/16/16 17/17/17
f 19/19/19 17/17/17 18/18/18

# face 3
f 26/26/26 23/23/23 27/27/27
f 27/27/27 23/23/23 24/24/24
f 27/27/27 24/24/24 30/30/30
f 30/30/30 24/24/24 25/25/25
f 30/30/30 25/25/25 29/29/29
f 29/29/29 25/25/25 26/26/26
f 29/29/29 26/26/26 28/28/28
f 28/28/28 26/26/26 27/27/27

# face 4
f 32/32/32 33/33/33 31/31/31
f 31/31/31 33/33/33 52/52/52
f 52/52/52 33/33/33 51/51/51
f 51/51/51 33/33/33 34/34/34
f 51/51/51 34/34/34 35/35/35
f 51/51/51 35/35/35 50/50/50
f 50/50/50 35/35/35 36/36/36
f 50/50/50 36/36/36 37/37/37
f 50/50/50 37/37/37 49/49/49
f 49/49/49 37/37/37 38/38/38
f 49/49/49 38/38/38 39/39/39
f 39/39/39 40/40/40 49/49/49
f 49/49/49 40/40/40 41/41/41
f 49/49/49 41/41/41 42/42/42
f 42/42/42 43/43/43 49/49/49
f 49/49/49 43/43/43 44/44/44
f 49/49/49 44/44/44 45/45/45
f 45/45/45 46/46/46 49/49/49
f 49/49/49 46/46/46 47/47/47
f 49/49/49 47/47/47 48/48/48

# face 5
f 53/53/53 54/54/54 70/70/70
f 70/70/70 54/54/54 55/55/55
f 70/70/70 55/55/55 69/69/69
f 69/69/69 55/55/55 56/56/56
f 69/69/69 56/56/56 68/68/68
f 68/68/68 56/56/56 57/57/57
f 68/68/68 57/57/57 67/67/67
f 67/67/67 57/57/57 60/60/60
f 67/67/67 60/60/60 61/61/61
f 58/58/58 59/59/59 57/57/57
f 57/57/57 59/59/59 60/60/60
f 67/67/67 61/61/61 66/66/66
f 66/66/66 61/61/61 62/62/62
f 66/66/66 62/62/62 65/65/65
f 65/65/65 62/62/62 63/63/63
f 65/65/65 63/63/63 64/64/64

# face 6
f 72/72/72 73/73/73 71/71/71
f 71/71/71 73/73/73 78/78/78
f 78/78/78 73/73/73 77/77/77
f 77/77/77 73/73/73 74/74/74
f 77/77/77 74/74/74 76/76/76
f 76/76/76 74/74/74 75/75/75

# face 7
f 80/80/80 81/81/81 79/79/79
f 79/79/79 81/81/81 97/97/97
f 79/79/79 97/97/97 98/98/98
f 81/81/81 82/82/82 97/97/97
f 97/97/97 82/82/82 83/83/83
f 97/97/97 83/83/83 96/96/96
f 96/96/96 83/83/83 95/95/95
f 95/95/95 83/83/83 94/94/94
f 94/94/94 83/83/83 84/84/84
f 94/94/94 84/84/84 93/93/93
f 93/93/93 84/84/84 90/90/90
f 93/93/93 90/90/90 92/92/92
f 92/92/92 90/90/90 91/91/91
f 90/90/90 84/84/84 89/89/89
f 89/89/89 84/84/84 85/85/85
f 89/89/89 85/85/85 86/86/86
f 87/87/87 88/88/88 86/86/86
f 86/86/86 88/88/88 89/89/89
f 99/99/99 100/100/100 98/98/98
f 98/98/98 100/100/100 101/101/101
f 98/98/98 101/101/101 79/79/79

# face 8
f 102/102/102 103/103/103 105/105/105
f 105/105/105 103/103/103 104/104/104

# face 9
f 197/197/197 106/106/106 121/121/121
f 121/121/121 106/106/106 107/107/107
f 121/121/121 107/107/107 120/120/120
f 120/120/120 107/107/107 108/108/108
f 120/120/120 108/108/108 119/119/119
f 119/119/119 108/108/108 109/109/109
f 119/119/119 109/109/109 118/118/118
f 118/118/118 109/109/109 110/110/110
f 118/118/118 110/110/110 117/117/117
f 117/117/117 110/110/110 111/111/111
f 117/117/117 111/111/111 116/116/116
f 116/116/116 111/111/111 112/112/112
f 116/116/116 112/112/112 115/115/115
f 115/115/115 112/112/112 113/113/113
f 115/115/115 113/113/113 114/114/114
f 121/121/121 122/122/122 197/197/197
f 197/197/197 122/122/122 196/196/196
f 122/122/122 123/123/123 196/196/196
f 196/196/196 123/123/123 195/195/195
f 123/123/123 124/124/124 195/195/195
f 195/195/195 124/124/124 194/194/194
f 124/124/124 125/125/125 194/194/194
f 194/194/194 125/125/125 193/193/193
f 125/125/125 126/126/126 193/193/193
f 193/193/193 126/126/126 192/192/192
f 126/126/126 127/127/127 192/192/192
f 192/192/192 127/127/127 191/191/191
f 127/127/127 128/128/128 191/191/191
f 191/191/191 128/128/128 190/190/190
f 128/128/128 129/129/129 190/190/190
f 190/190/190 129/129/129 189/189/189
f 129/129/129 130/130/130 189/189/189
f 189/189/189 130/130/130 188/188/188
f 130/130/130 131/131/131 188/188/188
f 188/188/188 131/131/131 187/187/187
f 131/131/131 132/132/132 187/187/187
f 187/187/187 132/132/132 186/186/186
f 132/132/132 133/133/133 186/186/186
f 186/186/186 133/133/133 185/185/185
f 179/179/179 180/180/180 136/136/136
f 136/136/136 180/180/180 181/181/181
f 136/136/136 181/181/181 135/135/135
f 135/135/135 181/181/181 182/182/182
f 135/135/135 182/182/182 134/134/134
f 134/134/134 182/182/182 183/183/183
f 134/134/134 183/183/183 133/133/133
f 133/133/133 183/183/183 184/184/184
f 133/133/133 184/184/184 185/185/185
f 136/136/136 137/137/137 179/179/179
f 179/179/179 137/137/137 178/178/178
f 137/137/137 138/138/138 178/178/178
f 178/178/178 138/138/138 177/177/177
f 138/138/138 139/139/139 177/177/177
f 177/177/177 139/139/139 140/140/140
f 177/177/177 140/140/140 176/176/176
f 176/176/176 140/140/140 175/175/175
f 140/140/140 141/141/141 175/175/175
f 175/175/175 141/141/141 174/174/174
f 141/141/141 142/142/142 174/174/174
f 174/174/174 142/142/142 144/144/144
f 174/174/174 144/144/144 145/145/145
f 142/142/142 143/143/143 144/144/144
f 174/174/174 145/145/145 173/173/173
f 173/173/173 145/145/145 146/146/146
f 173/173/173 146/146/146 158/158/158
f 158/158/158 146/146/146 157/157/157
f 147/147/147 148/148/148 146/146/146
f 146/146/146 148/148/148 149/149/149
f 146/146/146 149/149/149 150/150/150
f 150/150/150 151/151/151 146/146/146
f 146/146/146 151/151/151 152/152/152
f 146/146/146 152/152/152 153/153/153
f 153/153/153 154/154/154 146/146/146
f 146/146/146 154/154/154 155/155/155
f 146/146/146 155/155/155 156/156/156
f 156/156/156 157/157/157 146/146/146
f 158/158/158 159/159/159 173/173/173
f 173/173/173 159/159/159 160/160/160
f 173/173/173 160/160/160 172/172/172
f 172/172/172 160/160/160 161/161/161
f 172/172/172 161/161/161 162/162/162
f 172/172/172 162/162/162 171/171/171
f 171/171/171 162/162/162 163/163/163
f 171/171/171 163/163/163 170/170/170
f 170/170/170 163/163/163 164/164/164
f 170/170/170 164/164/164 169/169/169
f 169/169/169 164/164/164 165/165/165
f 169/169/169 165/165/165 166/166/166
f 166/166/166 167/167/167 169/169/169
f 169/169/169 167/167/167 168/168/168

# face 10
f 198/198/198 199/199/199 215/215/215
f 215/215/215 199/199/199 200/200/200
f 215/215/215 200/200/200 214/214/214
f 214/214/214 200/200/200 201/201/201
f 214/214/214 201/201/201 212/212/212
f 212/212/212 201/201/201 202/202/202
f 212/212/212 202/202/202 211/211/211
f 211/211/211 202/202/202 203/203/203
f 211/211/211 203/203/203 210/210/210
f 210/210/210 203/203/203 204/204/204
f 210/210/210 204/204/204 209/209/209
f 209/209/209 204/204/204 205/205/205
f 209/209/209 205/205/205 208/208/208
f 208/208/208 205/205/205 206/206/206
f 208/208/208 206/206/206 207/207/207
f 212/212/212 213/213/213 214/214/214

# face 11
f 216/216/216 217/217/217 219/219/219
f 219/219/219 217/217/217 218/218/218

# face 12
f 229/229/229 220/220/220 228/228/228
f 228/228/228 220/220/220 230/230/230
f 231/231/231 221/221/221 222/222/222
f 231/231/231 222/222/222 227/227/227
f 227/227/227 222/222/222 223/223/223
f 227/227/227 223/223/223 226/226/226
f 226/226/226 223/223/223 224/224/224
f 226/226/226 224/224/224 225/225/225

# face 13
f 232/232/232 233/233/233 235/235/235
f 235/235/235 233/233/233 234/234/234

# face 14
f 237/237/237 240/240/240 236/236/236
f 236/236/236 240/240/240 241/241/241
f 236/236/236 241/241/241 251/251/251
f 251/251/251 241/241/241 242/242/242
f 251/251/251 242/242/242 243/243/243
f 237/237/237 238/238/238 240/240/240
f 240/240/240 238/238/238 239/239/239
f 251/251/251 243/243/243 250/250/250
f 250/250/250 243/243/243 244/244/244
f 250/250/250 244/244/244 245/245/245
f 246/246/246 247/247/247 245/245/245
f 245/245/245 247/247/247 248/248/248
f 245/245/245 248/248/248 249/249/249
f 249/249/249 250/250/250 245/245/245

# face 15
f 252/252/252 253/253/253 255/255/255
f 255/255/255 253/253/253 254/254/254

# face 16
f 257/257/257 258/258/258 256/256/256
f 256/256/256 258/258/258 262/262/262
f 258/258/258 259/259/259 262/262/262
f 262/262/262 259/259/259 260/260/260
f 262/262/262 260/260/260 261/261/261

# face 17
f 263/263/263 264/264/264 266/266/266
f 266/266/266 264/264/264 265/265/265

# face 18
f 267/267/267 268/268/268 270/270/270
f 270/270/270 268/268/268 269/269/269

# face 19
f 271/271/271 272/272/272 274/274/274
f 274/274/274 272/272/272 273/273/273

# face 20
f 275/275/275 276/276/276 278/278/278
f 278/278/278 276/276/276 277/277/277

# face 21
f 280/280/280 281/281/281 279/279/279
f 279/279/279 281/281/281 282/282/282

# face 22
f 288/288/288 283/283/283 287/287/287
f 287/287/287 283/283/283 284/284/284
f 287/287/287 284/284/284 285/285/285
f 285/285/285 286/286/286 287/287/287

# face 23
f 296/296/296 289/289/289 294/294/294
f 294/294/294 289/289/289 290/290/290
f 294/294/294 290/290/290 293/293/293
f 293/293/293 290/290/290 291/291/291
f 293/293/293 291/291/291 292/292/292
f 294/294/294 295/295/295 296/296/296

# face 24
f 297/297/297 298/298/298 304/304/304
f 304/304/304 298/298/298 299/299/299
f 304/304/304 299/299/299 303/303/303
f 303/303/303 299/299/299 300/300/300
f 303/303/303 300/300/300 301/301/301
f 301/301/301 302/302/302 303/303/303

# face 25
f 305/305/305 306/306/306 328/328/328
f 328/328/328 306/306/306 327/327/327
f 306/306/306 307/307/307 327/327/327
f 327/327/327 307/307/307 326/326/326
f 307/307/307 308/308/308 326/326/326
f 326/326/326 308/308/308 325/325/325
f 308/308/308 309/309/309 325/325/325
f 325/325/325 309/309/309 324/324/324
f 309/309/309 310/310/310 324/324/324
f 324/324/324 310/310/310 323/323/323
f 310/310/310 311/311/311 323/323/323
f 323/323/323 311/311/311 322/322/322
f 312/312/312 313/313/313 311/311/311
f 311/311/311 313/313/313 320/320/320
f 311/311/311 320/320/320 322/322/322
f 322/322/322 320/320/320 321/321/321
f 320/320/320 313/313/313 319/319/319
f 319/319/319 313/313/313 314/314/314
f 319/319/319 314/314/314 318/318/318
f 318/318/318 314/314/314 315/315/315
f 318/318/318 315/315/315 317/317/317
f 317/317/317 315/315/315 316/316/316

# face 26
f 354/354/354 329/329/329 353/353/353
f 353/353/353 329/329/329 330/330/330
f 353/353/353 330/330/330 352/352/352
f 352/352/352 330/330/330 331/331/331
f 352/352/352 331/331/331 351/351/351
f 351/351/351 331/331/331 332/332/332
f 351/351/351 332/332/332 349/349/349
f 349/349/349 332/332/332 334/334/334
f 349/349/349 334/334/334 335/335/335
f 332/332/332 333/333/333 334/334/334
f 349/349/349 335/335/335 348/348/348
f 348/348/348 335/335/335 336/336/336
f 348/348/348 336/336/336 347/347/347
f 347/347/347 336/336/336 337/337/337
f 347/347/347 337/337/337 346/346/346
f 346/346/346 337/337/337 338/338/338
f 346/346/346 338/338/338 345/345/345
f 345/345/345 338/338/338 339/339/339
f 345/345/345 339/339/339 344/344/344
f 344/344/344 339/339/339 340/340/340
f 344/344/344 340/340/340 343/343/343
f 343/343/343 340/340/340 341/341/341
f 343/343/343 341/341/341 342/342/342
f 349/349/349 350/350/350 351/351/351

# face 27
f 355/355/355 356/356/356 358/358/358
f 358/358/358 356/356/356 357/357/357

# face 28
f 359/359/359 360/360/360 366/366/366
f 366/366/366 360/360/360 365/365/365
f 360/360/360 361/361/361 365/365/365
f 365/365/365 361/361/361 364/364/364
f 362/362/362 363/363/363 361/361/361
f 361/361/361 363/363/363 364/364/364

# face 29
f 367/367/367 368/368/368 370/370/370
f 370/370/370 368/368/368 369/369/369

# face 30
f 380/380/380 371/371/371 379/379/379
f 379/379/379 371/371/371 372/372/372
f 379/379/379 372/372/372 373/373/373
f 379/379/379 373/373/373 378/378/378
f 378/378/378 373/373/373 374/374/374
f 378/378/378 374/374/374 377/377/377
f 377/377/377 374/374/374 375/375/375
f 377/377/377 375/375/375 376/376/376

# face 31
f 381/381/381 382/382/382 384/384/384
f 384/384/384 382/382/382 383/383/383

# face 32
f 385/385/385 386/386/386 388/388/388
f 388/388/388 386/386/386 387/387/387

# face 33
f 390/390/390 391/391/391 389/389/389
f 389/389/389 391/391/391 392/392/392
f 389/389/389 392/392/392 400/400/400
f 400/400/400 392/392/392 393/393/393
f 400/400/400 393/393/393 397/397/397
f 397/397/397 393/393/393 396/396/396
f 393/393/393 394/394/394 396/396/396
f 396/396/396 394/394/394 395/395/395
f 397/397/397 398/398/398 400/400/400
f 400/400/400 398/398/398 399/399/399

# face 34
f 401/401/401 402/402/402 440/440/440
f 440/440/440 402/402/402 439/439/439
f 402/402/402 403/403/403 439/439/439
f 439/439/439 403/403/403 438/438/438
f 403/403/403 404/404/404 438/438/438
f 438/438/438 404/404/404 437/437/437
f 404/404/404 405/405/405 437/437/437
f 437/437/437 405/405/405 412/412/412
f 437/437/437 412/412/412 420/420/420
f 420/420/420 412/412/412 413/413/413
f 420/420/420 413/413/413 419/419/419
f 419/419/419 413/413/413 414/414/414
f 419/419/419 414/414/414 418/418/418
f 418/418/418 414/414/414 415/415/415
f 418/418/418 415/415/415 417/417/417
f 417/417/417 415/415/415 416/416/416
f 405/405/405 406/406/406 412/412/412
f 412/412/412 406/406/406 411/411/411
f 406/406/406 407/407/407 411/411/411
f 411/411/411 407/407/407 410/410/410
f 407/407/407 408/408/408 410/410/410
f 410/410/410 408/408/408 409/409/409
f 420/420/420 421/421/421 437/437/437
f 437/437/437 421/421/421 436/436/436
f 421/421/421 422/422/422 436/436/436
f 436/436/436 422/422/422 435/435/435
f 422/422/422 423/423/423 435/435/435
f 435/435/435 423/423/423 434/434/434
f 423/423/423 424/424/424 434/434/434
f 434/434/434 424/424/424 433/433/433
f 424/424/424 425/425/425 433/433/433
f 433/433/433 425/425/425 432/432/432
f 425/425/425 426/426/426 432/432/432
f 432/432/432 426/426/426 431/431/431
f 426/426/426 427/427/427 431/431/431
f 431/431/431 427/427/427 430/430/430
f 427/427/427 428/428/428 430/430/430
f 430/430/430 428/428/428 429/429/429

# face 35
f 441/441/441 442/442/442 464/464/464
f 464/464/464 442/442/442 463/463/463
f 442/442/442 443/443/443 463/463/463
f 463/463/463 443/443/443 462/462/462
f 443/443/443 444/444/444 462/462/462
f 462/462/462 444/444/444 461/461/461
f 444/444/444 445/445/445 461/461/461
f 461/461/461 445/445/445 460/460/460
f 445/445/445 446/446/446 460/460/460
f 460/460/460 446/446/446 459/459/459
f 446/446/446 447/447/447 459/459/459
f 459/459/459 447/447/447 458/458/458
f 447/447/447 448/448/448 458/458/458
f 458/458/458 448/448/448 457/457/457
f 448/448/448 449/449/449 457/457/457
f 457/457/457 449/449/449 456/456/456
f 467/467/467 468/468/468 450/450/450
f 450/450/450 468/468/468 469/469/469
f 450/450/450 469/469/469 449/449/449
f 449/449/449 469/469/469 470/470/470
f 449/449/449 470/470/470 476/476/476
f 476/476/476 470/470/470 471/471/471
f 476/476/476 471/471/471 475/475/475
f 475/475/475 471/471/471 474/474/474
f 450/450/450 451/451/451 467/467/467
f 467/467/467 451/451/451 466/466/466
f 451/451/451 452/452/452 466/466/466
f 466/466/466 452/452/452 465/465/465
f 452/452/452 453/453/453 465/465/465
f 465/465/465 453/453/453 473/473/473
f 465/465/465 473/473/473 474/474/474
f 473/473/473 453/453/453 480/480/480
f 480/480/480 453/453/453 454/454/454
f 480/480/480 454/454/454 479/479/479
f 479/479/479 454/454/454 455/455/455
f 479/479/479 455/455/455 478/478/478
f 478/478/478 455/455/455 477/477/477
f 455/455/455 456/456/456 477/477/477
f 477/477/477 456/456/456 476/476/476
f 471/471/471 472/472/472 474/474/474
f 474/474/474 472/472/472 465/465/465
f 476/476/476 456/456/456 449/449/449

# face 36
f 482/482/482 483/483/483 481/481/481
f 481/481/481 483/483/483 484/484/484

# face 37
f 486/486/486 487/487/487 485/485/485
f 485/485/485 487/487/487 488/488/488

# face 38
f 490/490/490 491/491/491 489/489/489
f 489/489/489 491/491/491 492/492/492

# face 39
f 493/493/493 494/494/494 516/516/516
f 516/516/516 494/494/494 515/515/515
f 494/494/494 495/495/495 515/515/515
f 515/515/515 495/495/495 514/514/514
f 514/514/514 495/495/495 513/513/513
f 513/513/513 495/495/495 518/518/518
f 517/517/517 496/496/496 497/497/497
f 517/517/517 497/497/497 512/512/512
f 512/512/512 497/497/497 498/498/498
f 512/512/512 498/498/498 511/511/511
f 511/511/511 498/498/498 499/499/499
f 511/511/511 499/499/499 510/510/510
f 510/510/510 499/499/499 500/500/500
f 510/510/510 500/500/500 509/509/509
f 509/509/509 500/500/500 501/501/501
f 509/509/509 501/501/501 508/508/508
f 508/508/508 501/501/501 502/502/502
f 508/508/508 502/502/502 507/507/507
f 507/507/507 502/502/502 503/503/503
f 507/507/507 503/503/503 506/506/506
f 506/506/506 503/503/503 504/504/504
f 506/506/506 504/504/504 505/505/505

# face 40
f 519/519/519 520/520/520 528/528/528
f 528/528/528 520/520/520 527/527/527
f 520/520/520 521/521/521 527/527/527
f 527/527/527 521/521/521 526/526/526
f 521/521/521 522/522/522 526/526/526
f 526/526/526 522/522/522 525/525/525
f 522/522/522 523/523/523 525/525/525
f 525/525/525 523/523/523 524/524/524

# face 41
f 530/530/530 531/531/531 529/529/529
f 529/529/529 531/531/531 532/532/532

# face 42
f 533/533/533 534/534/534 536/536/536
f 536/536/536 534/534/534 535/535/535

# face 43
f 537/537/537 538/538/538 540/540/540
f 540/540/540 538/538/538 539/539/539

# face 44
f 541/541/541 542/542/542 544/544/544
f 544/544/544 542/542/542 543/543/543

# face 45
f 545/545/545 546/546/546 548/548/548
f 548/548/548 546/546/546 547/547/547

# face 46
f 550/550/550 551/551/551 549/549/549
f 549/549/549 551/551/551 552/552/552

# face 47
f 553/553/553 554/554/554 556/556/556
f 556/556/556 554/554/554 555/555/555

# face 48
f 557/557/557 558/558/558 560/560/560
f 560/560/560 558/558/558 559/559/559

# face 49
f 561/561/561 562/562/562 564/564/564
f 564/564/564 562/562/562 563/563/563

# face 50
f 565/565/565 566/566/566 568/568/568
f 568/568/568 566/566/566 567/567/567

# face 51
f 580/580/580 569/569/569 579/579/579
f 579/579/579 569/569/569 570/570/570
f 579/579/579 570/570/570 576/576/576
f 576/576/576 570/570/570 575/575/575
f 570/570/570 571/571/571 575/575/575
f 575/575/575 571/571/571 572/572/572
f 575/575/575 572/572/572 573/573/573
f 573/573/573 574/574/574 575/575/575
f 577/577/577 578/578/578 576/576/576
f 576/576/576 578/578/578 579/579/579

# face 52
f 592/592/592 581/581/581 589/589/589
f 589/589/589 581/581/581 582/582/582
f 589/589/589 582/582/582 588/588/588
f 588/588/588 582/582/582 585/585/585
f 588/588/588 585/585/585 586/586/586
f 582/582/582 583/583/583 585/585/585
f 585/585/585 583/583/583 584/584/584
f 586/586/586 587/587/587 588/588/588
f 590/590/590 591/591/591 589/589/589
f 589/589/589 591/591/591 592/592/592

# face 53
f 600/600/600 593/593/593 599/599/599
f 599/599/599 593/593/593 594/594/594
f 599/599/599 594/594/594 598/598/598
f 598/598/598 594/594/594 595/595/595
f 598/598/598 595/595/595 597/597/597
f 597/597/597 595/595/595 596/596/596

# face 54
f 604/604/604 601/601/601 605/605/605
f 605/605/605 601/601/601 602/602/602
f 605/605/605 602/602/602 608/608/608
f 608/608/608 602/602/602 603/603/603
f 608/608/608 603/603/603 607/607/607
f 607/607/607 603/603/603 606/606/606
f 603/603/603 604/604/604 606/606/606
f 606/606/606 604/604/604 605/605/605

# face 55
f 609/609/609 610/610/610 612/612/612
f 612/612/612 610/610/610 611/611/611

# face 56
f 613/613/613 614/614/614 616/616/616
f 616/616/616 614/614/614 615/615/615

# face 57
f 617/617/617 618/618/618 623/623/623
f 623/623/623 618/618/618 619/619/619
f 623/623/623 619/619/619 622/622/622
f 622/622/622 619/619/619 621/621/621
f 619/619/619 620/620/620 621/621/621

# face 58
f 624/624/624 625/625/625 639/639/639
f 639/639/639 625/625/625 626/626/626
f 639/639/639 626/626/626 627/627/627
f 639/639/639 627/627/627 638/638/638
f 638/638/638 627/627/627 628/628/628
f 638/638/638 628/628/628 637/637/637
f 637/637/637 628/628/628 636/636/636
f 628/628/628 629/629/629 636/636/636
f 636/636/636 629/629/629 635/635/635
f 635/635/635 629/629/629 634/634/634
f 634/634/634 629/629/629 630/630/630
f 634/634/634 630/630/630 631/631/631
f 631/631/631 632/632/632 634/634/634
f 634/634/634 632/632/632 633/633/633

# face 59
f 640/640/640 641/641/641 657/657/657
f 657/657/657 641/641/641 656/656/656
f 644/644/644 646/646/646 643/643/643
f 643/643/643 646/646/646 647/647/647
f 643/643/643 647/647/647 642/642/642
f 642/642/642 647/647/647 648/648/648
f 642/642/642 648/648/648 641/641/641
f 641/641/641 648/648/648 649/649/649
f 641/641/641 649/649/649 656/656/656
f 656/656/656 649/649/649 655/655/655
f 644/644/644 645/645/645 646/646/646
f 649/649/649 650/650/650 655/655/655
f 655/655/655 650/650/650 654/654/654
f 650/650/650 651/651/651 654/654/654
f 654/654/654 651/651/651 653/653/653
f 651/651/651 652/652/652 653/653/653

# face 60
f 663/663/663 664/664/664 659/659/659
f 659/659/659 664/664/664 665/665/665
f 659/659/659 665/665/665 658/658/658
f 658/658/658 665/665/665 662/662/662
f 658/658/658 662/662/662 661/661/661
f 661/661/661 662/662/662 663/663/663
f 661/661/661 663/663/663 660/660/660
f 660/660/660 663/663/663 659/659/659

# face 61
f 666/666/666 667/667/667 669/669/669
f 669/669/669 667/667/667 668/668/668

# face 62
f 671/671/671 672/672/672 670/670/670
f 670/670/670 672/672/672 673/673/673
f 670/670/670 673/673/673 677/677/677
f 677/677/677 673/673/673 674/674/674
f 677/677/677 674/674/674 675/675/675
f 675/675/675 676/676/676 677/677/677

# face 63
f 679/679/679 687/687/687 678/678/678
f 678/678/678 687/687/687 688/688/688
f 678/678/678 688/688/688 689/689/689
f 679/679/679 680/680/680 687/687/687
f 687/687/687 680/680/680 682/682/682
f 687/687/687 682/682/682 686/686/686
f 686/686/686 682/682/682 683/683/683
f 686/686/686 683/683/683 684/684/684
f 680/680/680 681/681/681 682/682/682
f 684/684/684 685/685/685 686/686/686
f 689/689/689 690/690/690 678/678/678
f 678/678/678 690/690/690 700/700/700
f 690/690/690 691/691/691 700/700/700
f 700/700/700 691/691/691 694/694/694
f 700/700/700 694/694/694 695/695/695
f 692/692/692 693/693/693 691/691/691
f 691/691/691 693/693/693 694/694/694
f 696/696/696 698/698/698 695/695/695
f 695/695/695 698/698/698 699/699/699
f 695/695/695 699/699/699 700/700/700
f 696/696/696 697/697/697 698/698/698

# face 64
f 701/701/701 702/702/702 704/704/704
f 704/704/704 702/702/702 703/703/703

# face 65
f 706/706/706 707/707/707 705/705/705
f 705/705/705 707/707/707 708/708/708
f 705/705/705 708/708/708 709/709/709
f 723/723/723 724/724/724 710/710/710
f 710/710/710 724/724/724 725/725/725
f 710/710/710 725/725/725 709/709/709
f 709/709/709 725/725/725 726/726/726
f 709/709/709 726/726/726 705/705/705
f 710/710/710 711/711/711 723/723/723
f 723/723/723 711/711/711 722/722/722
f 711/711/711 712/712/712 722/722/722
f 722/722/722 712/712/712 713/713/713
f 722/722/722 713/713/713 714/714/714
f 714/714/714 715/715/715 722/722/722
f 722/722/722 715/715/715 716/716/716
f 722/722/722 716/716/716 717/717/717
f 717/717/717 718/718/718 722/722/722
f 722/722/722 718/718/718 719/719/719
f 722/722/722 719/719/719 720/720/720
f 720/720/720 721/721/721 722/722/722

# face 66
f 727/727/727 728/728/728 818/818/818
f 818/818/818 728/728/728 729/729/729
f 818/818/818 729/729/729 817/817/817
f 817/817/817 729/729/729 730/730/730
f 817/817/817 730/730/730 816/816/816
f 816/816/816 730/730/730 731/731/731
f 816/816/816 731/731/731 815/815/815
f 815/815/815 731/731/731 732/732/732
f 815/815/815 732/732/732 814/814/814
f 814/814/814 732/732/732 733/733/733
f 814/814/814 733/733/733 813/813/813
f 813/813/813 733/733/733 734/734/734
f 813/813/813 734/734/734 812/812/812
f 812/812/812 734/734/734 735/735/735
f 812/812/812 735/735/735 736/736/736
f 812/812/812 736/736/736 811/811/811
f 811/811/811 736/736/736 737/737/737
f 811/811/811 737/737/737 810/810/810
f 810/810/810 737/737/737 738/738/738
f 810/810/810 738/738/738 809/809/809
f 809/809/809 738/738/738 739/739/739
f 809/809/809 739/739/739 808/808/808
f 808/808/808 739/739/739 740/740/740
f 808/808/808 740/740/740 807/807/807
f 807/807/807 740/740/740 741/741/741
f 807/807/807 741/741/741 806/806/806
f 806/806/806 741/741/741 742/742/742
f 806/806/806 742/742/742 805/805/805
f 805/805/805 742/742/742 743/743/743
f 805/805/805 743/743/743 804/804/804
f 804/804/804 743/743/743 744/744/744
f 804/804/804 744/744/744 803/803/803
f 803/803/803 744/744/744 745/745/745
f 803/803/803 745/745/745 802/802/802
f 802/802/802 745/745/745 746/746/746
f 802/802/802 746/746/746 801/801/801
f 801/801/801 746/746/746 747/747/747
f 801/801/801 747/747/747 800/800/800
f 800/800/800 747/747/747 748/748/748
f 800/800/800 748/748/748 749/749/749
f 749/749/749 750/750/750 800/800/800
f 800/800/800 750/750/750 799/799/799
f 750/750/750 751/751/751 799/799/799
f 799/799/799 751/751/751 798/798/798
f 751/751/751 752/752/752 798/798/798
f 798/798/798 752/752/752 797/797/797
f 752/752/752 753/753/753 797/797/797
f 797/797/797 753/753/753 754/754/754
f 797/797/797 754/754/754 796/796/796
f 796/796/796 754/754/754 755/755/755
f 796/796/796 755/755/755 795/795/795
f 795/795/795 755/755/755 756/756/756
f 795/795/795 756/756/756 794/794/794
f 794/794/794 756/756/756 793/793/793
f 756/756/756 757/757/757 793/793/793
f 793/793/793 757/757/757 758/758/758
f 793/793/793 758/758/758 792/792/792
f 792/792/792 758/758/758 759/759/759
f 792/792/792 759/759/759 791/791/791
f 791/791/791 759/759/759 789/789/789
f 791/791/791 789/789/789 790/790/790
f 789/789/789 759/759/759 788/788/788
f 788/788/788 759/759/759 760/760/760
f 788/788/788 760/760/760 787/787/787
f 787/787/787 760/760/760 775/775/775
f 787/787/787 775/775/775 776/776/776
f 771/771/771 772/772/772 761/761/761
f 761/761/761 772/772/772 773/773/773
f 761/761/761 773/773/773 760/760/760
f 760/760/760 773/773/773 774/774/774
f 760/760/760 774/774/774 775/775/775
f 761/761/761 762/762/762 771/771/771
f 771/771/771 762/762/762 770/770/770
f 762/762/762 763/763/763 770/770/770
f 770/770/770 763/763/763 769/769/769
f 763/763/763 764/764/764 769/769/769
f 769/769/769 764/764/764 768/768/768
f 765/765/765 766/766/766 764/764/764
f 764/764/764 766/766/766 767/767/767
f 764/764/764 767/767/767 768/768/768
f 777/777/777 778/778/778 776/776/776
f 776/776/776 778/778/778 779/779/779
f 776/776/776 779/779/779 780/780/780
f 780/780/780 781/781/781 776/776/776
f 776/776/776 781/781/781 782/782/782
f 776/776/776 782/782/782 783/783/783
f 783/783/783 784/784/784 776/776/776
f 776/776/776 784/784/784 785/785/785
f 776/776/776 785/785/785 786/786/786
f 786/786/786 787/787/787 776/776/776

# face 67
f 819/819/819 820/820/820 828/828/828
f 828/828/828 820/820/820 827/827/827
f 820/820/820 821/821/821 827/827/827
f 827/827/827 821/821/821 826/826/826
f 821/821/821 822/822/822 826/826/826
f 826/826/826 822/822/822 825/825/825
f 822/822/822 823/823/823 825/825/825
f 825/825/825 823/823/823 824/824/824

# face 68
f 834/834/834 829/829/829 832/832/832
f 832/832/832 829/829/829 830/830/830
f 832/832/832 830/830/830 831/831/831
f 832/832/832 833/833/833 834/834/834

# face 69
f 835/835/835 836/836/836 844/844/844
f 844/844/844 836/836/836 843/843/843
f 836/836/836 837/837/837 843/843/843
f 843/843/843 837/837/837 842/842/842
f 837/837/837 838/838/838 842/842/842
f 842/842/842 838/838/838 841/841/841
f 839/839/839 840/840/840 838/838/838
f 838/838/838 840/840/840 841/841/841

# face 70
f 845/845/845 846/846/846 848/848/848
f 848/848/848 846/846/846 847/847/847

# face 71
f 856/856/856 849/849/849 855/855/855
f 855/855/855 849/849/849 858/858/858
f 857/857/857 850/850/850 851/851/851
f 857/857/857 851/851/851 854/854/854
f 854/854/854 851/851/851 852/852/852
f 854/854/854 852/852/852 853/853/853

# face 72
f 859/859/859 860/860/860 862/862/862
f 862/862/862 860/860/860 861/861/861

# face 73
f 863/863/863 864/864/864 872/872/872
f 872/872/872 864/864/864 871/871/871
f 864/864/864 865/865/865 871/871/871
f 871/871/871 865/865/865 870/870/870
f 865/865/865 866/866/866 870/870/870
f 870/870/870 866/866/866 869/869/869
f 866/866/866 867/867/867 869/869/869
f 869/869/869 867/867/867 868/868/868

# face 74
f 873/873/873 874/874/874 876/876/876
f 876/876/876 874/874/874 875/875/875

# face 75
f 878/878/878 879/879/879 877/877/877
f 877/877/877 879/879/879 894/894/894
f 879/879/879 880/880/880 894/894/894
f 894/894/894 880/880/880 893/893/893
f 881/881/881 882/882/882 880/880/880
f 880/880/880 882/882/882 893/893/893
f 882/882/882 883/883/883 893/893/893
f 893/893/893 883/883/883 892/892/892
f 883/883/883 884/884/884 892/892/892
f 892/892/892 884/884/884 891/891/891
f 884/884/884 885/885/885 891/891/891
f 891/891/891 885/885/885 890/890/890
f 885/885/885 886/886/886 890/890/890
f 890/890/890 886/886/886 889/889/889
f 886/886/886 887/887/887 889/889/889
f 889/889/889 887/887/887 888/888/888

# face 76
f 895/895/895 896/896/896 918/918/918
f 918/918/918 896/896/896 917/917/917
f 896/896/896 897/897/897 917/917/917
f 917/917/917 897/897/897 916/916/916
f 897/897/897 898/898/898 916/916/916
f 916/916/916 898/898/898 915/915/915
f 898/898/898 899/899/899 915/915/915
f 915/915/915 899/899/899 914/914/914
f 899/899/899 900/900/900 914/914/914
f 914/914/914 900/900/900 913/913/913
f 900/900/900 901/901/901 913/913/913
f 913/913/913 901/901/901 912/912/912
f 901/901/901 902/902/902 912/912/912
f 912/912/912 902/902/902 911/911/911
f 902/902/902 903/903/903 911/911/911
f 911/911/911 903/903/903 910/910/910
f 903/903/903 904/904/904 910/910/910
f 910/910/910 904/904/904 909/909/909
f 904/904/904 905/905/905 909/909/909
f 909/909/909 905/905/905 908/908/908
f 905/905/905 906/906/906 908/908/908
f 908/908/908 906/906/906 907/907/907

# face 77
f 919/919/919 920/920/920 922/922/922
f 922/922/922 920/920/920 921/921/921

# face 78
f 924/924/924 925/925/925 923/923/923
f 923/923/923 925/925/925 926/926/926

# face 79
f 928/928/928 929/929/929 927/927/927
f 927/927/927 929/929/929 930/930/930
f 927/927/927 930/930/930 942/942/942
f 942/942/942 930/930/930 941/941/941
f 941/941/941 930/930/930 933/933/933
f 933/933/933 930/930/930 931/931/931
f 933/933/933 931/931/931 932/932/932
f 941/941/941 933/933/933 936/936/936
f 936/936/936 933/933/933 934/934/934
f 936/936/936 934/934/934 935/935/935
f 936/936/936 937/937/937 941/941/941
f 941/941/941 937/937/937 938/938/938
f 941/941/941 938/938/938 939/939/939
f 939/939/939 940/940/940 941/941/941
f 927/927/927 942/942/942 946/946/946
f 946/946/946 942/942/942 943/943/943
f 946/946/946 943/943/943 944/944/944
f 944/944/944 945/945/945 946/946/946

# face 80
f 948/948/948 949/949/949 947/947/947
f 947/947/947 949/949/949 950/950/950
f 947/947/947 950/950/950 962/962/962
f 962/962/962 950/950/950 961/961/961
f 955/955/955 956/956/956 951/951/951
f 951/951/951 956/956/956 957/957/957
f 951/951/951 957/957/957 950/950/950
f 950/950/950 957/957/957 958/958/958
f 950/950/950 958/958/958 959/959/959
f 952/952/952 953/953/953 951/951/951
f 951/951/951 953/953/953 954/954/954
f 951/951/951 954/954/954 955/955/955
f 959/959/959 960/960/960 950/950/950
f 950/950/950 960/960/960 961/961/961

# face 81
f 963/963/963 964/964/964 982/982/982
f 982/982/982 964/964/964 965/965/965
f 982/982/982 965/965/965 974/974/974
f 974/974/974 965/965/965 973/973/973
f 973/973/973 965/965/965 968/968/968
f 968/968/968 965/965/965 966/966/966
f 968/968/968 966/966/966 967/967/967
f 968/968/968 969/969/969 973/973/973
f 973/973/973 969/969/969 972/972/972
f 970/970/970 971/971/971 969/969/969
f 969/969/969 971/971/971 972/972/972
f 975/975/975 976/976/976 974/974/974
f 974/974/974 976/976/976 977/977/977
f 974/974/974 977/977/977 978/978/978
f 978/978/978 979/979/979 974/974/974
f 974/974/974 979/979/979 982/982/982
f 980/980/980 981/981/981 979/979/979
f 979/979/979 981/981/981 982/982/982

# face 82
f 994/994/994 983/983/983 993/993/993
f 993/993/993 983/983/983 984/984/984
f 993/993/993 984/984/984 985/985/985
f 993/993/993 985/985/985 992/992/992
f 992/992/992 985/985/985 986/986/986
f 992/992/992 986/986/986 991/991/991
f 991/991/991 986/986/986 990/990/990
f 986/986/986 987/987/987 990/990/990
f 990/990/990 987/987/987 988/988/988
f 990/990/990 988/988/988 989/989/989

# face 83
f 995/995/995 996/996/996 1010/1010/1010
f 1010/1010/1010 996/996/996 1009/1009/1009
f 1009/1009/1009 996/996/996 1007/1007/1007
f 1007/1007/1007 996/996/996 997/997/997
f 1007/1007/1007 997/997/997 1006/1006/1006
f 1006/1006/1006 997/997/997 998/998/998
f 1006/1006/1006 998/998/998 1005/1005/1005
f 1005/1005/1005 998/998/998 999/999/999
f 1005/1005/1005 999/999/999 1004/1004/1004
f 1004/1004/1004 999/999/999 1001/1001/1001
f 1004/1004/1004 1001/1001/1001 1002/1002/1002
f 999/999/999 1000/1000/1000 1001/1001/1001
f 1002/1002/1002 1003/1003/1003 1004/1004/1004
f 1007/1007/1007 1008/1008/1008 1009/1009/1009

# face 84
f 1011/1011/1011 1012/1012/1012 1022/1022/1022
f 1022/1022/1022 1012/1012/1012 1021/1021/1021
f 1021/1021/1021 1012/1012/1012 1020/1020/1020
f 1020/1020/1020 1012/1012/1012 1013/1013/1013
f 1020/1020/1020 1013/1013/1013 1014/1014/1014
f 1020/1020/1020 1014/1014/1014 1019/1019/1019
f 1019/1019/1019 1014/1014/1014 1015/1015/1015
f 1019/1019/1019 1015/1015/1015 1018/1018/1018
f 1018/1018/1018 1015/1015/1015 1017/1017/1017
f 1015/1015/1015 1016/1016/1016 1017/1017/1017

# face 85
f 1040/1040/1040 1023/1023/1023 1044/1044/1044
f 1044/1044/1044 1023/1023/1023 1024/1024/1024
f 1044/1044/1044 1024/1024/1024 1043/1043/1043
f 1043/1043/1043 1024/1024/1024 1025/1025/1025
f 1043/1043/1043 1025/1025/1025 1042/1042/1042
f 1042/1042/1042 1025/1025/1025 1026/1026/1026
f 1042/1042/1042 1026/1026/1026 1027/1027/1027
f 1042/1042/1042 1027/1027/1027 1041/1041/1041
f 1041/1041/1041 1027/1027/1027 1028/1028/1028
f 1041/1041/1041 1028/1028/1028 1029/1029/1029
f 1041/1041/1041 1029/1029/1029 1045/1045/1045
f 1045/1045/1045 1029/1029/1029 1030/1030/1030
f 1045/1045/1045 1030/1030/1030 1031/1031/1031
f 1045/1045/1045 1031/1031/1031 1049/1049/1049
f 1049/1049/1049 1031/1031/1031 1032/1032/1032
f 1049/1049/1049 1032/1032/1032 1033/1033/1033
f 1049/1049/1049 1033/1033/1033 1050/1050/1050
f 1050/1050/1050 1033/1033/1033 1034/1034/1034
f 1050/1050/1050 1034/1034/1034 1035/1035/1035
f 1050/1050/1050 1035/1035/1035 1051/1051/1051
f 1051/1051/1051 1035/1035/1035 1036/1036/1036
f 1051/1051/1051 1036/1036/1036 1052/1052/1052
f 1052/1052/1052 1036/1036/1036 1037/1037/1037
f 1052/1052/1052 1037/1037/1037 1038/1038/1038
f 1052/1052/1052 1038/1038/1038 1048/1048/1048
f 1048/1048/1048 1038/1038/1038 1039/1039/1039
f 1048/1048/1048 1039/1039/1039 1040/1040/1040
f 1042/1042/1042 1041/1041/1041 1046/1046/1046
f 1046/1046/1046 1041/1041/1041 1045/1045/1045
f 1046/1046/1046 1045/1045/1045 1050/1050/1050
f 1050/1050/1050 1045/1045/1045 1049/1049/1049
f 1043/1043/1043 1042/1042/1042 1047/1047/1047
f 1047/1047/1047 1042/1042/1042 1046/1046/1046
f 1047/1047/1047 1046/1046/1046 1051/1051/1051
f 1051/1051/1051 1046/1046/1046 1050/1050/1050
f 1044/1044/1044 1043/1043/1043 1048/1048/1048
f 1048/1048/1048 1043/1043/1043 1047/1047/1047
f 1048/1048/1048 1047/1047/1047 1052/1052/1052
f 1052/1052/1052 1047/1047/1047 1051/1051/1051
f 1044/1044/1044 1048/1048/1048 1040/1040/1040

# face 86
f 1053/1053/1053 1054/1054/1054 1064/1064/1064
f 1064/1064/1064 1054/1054/1054 1063/1063/1063
f 1063/1063/1063 1054/1054/1054 1062/1062/1062
f 1062/1062/1062 1054/1054/1054 1055/1055/1055
f 1062/1062/1062 1055/1055/1055 1056/1056/1056
f 1062/1062/1062 1056/1056/1056 1061/1061/1061
f 1061/1061/1061 1056/1056/1056 1057/1057/1057
f 1061/1061/1061 1057/1057/1057 1060/1060/1060
f 1060/1060/1060 1057/1057/1057 1059/1059/1059
f 1057/1057/1057 1058/1058/1058 1059/1059/1059

# face 87
f 1082/1082/1082 1065/1065/1065 1086/1086/1086
f 1086/1086/1086 1065/1065/1065 1066/1066/1066
f 1086/1086/1086 1066/1066/1066 1085/1085/1085
f 1085/1085/1085 1066/1066/1066 1067/1067/1067
f 1085/1085/1085 1067/1067/1067 1084/1084/1084
f 1084/1084/1084 1067/1067/1067 1068/1068/1068
f 1084/1084/1084 1068/1068/1068 1069/1069/1069
f 1084/1084/1084 1069/1069/1069 1083/1083/1083
f 1083/1083/1083 1069/1069/1069 1070/1070/1070
f 1083/1083/1083 1070/1070/1070 1071/1071/1071
f 1083/1083/1083 1071/1071/1071 1087/1087/1087
f 1087/1087/1087 1071/1071/1071 1072/1072/1072
f 1087/1087/1087 1072/1072/1072 1073/1073/1073
f 1087/1087/1087 1073/1073/1073 1091/1091/1091
f 1091/1091/1091 1073/1073/1073 1074/1074/1074
f 1091/1091/1091 1074/1074/1074 1075/1075/1075
f 1091/1091/1091 1075/1075/1075 1092/1092/1092
f 1092/1092/1092 1075/1075/1075 1076/1076/1076
f 1092/1092/1092 1076/1076/1076 1077/1077/1077
f 1092/1092/1092 1077/1077/1077 1093/1093/1093
f 1093/1093/1093 1077/1077/1077 1078/1078/1078
f 1093/1093/1093 1078/1078/1078 1094/1094/1094
f 1094/1094/1094 1078/1078/1078 1079/1079/1079
f 1094/1094/1094 1079/1079/1079 1080/1080/1080
f 1094/1094/1094 1080/1080/1080 1090/1090/1090
f 1090/1090/1090 1080/1080/1080 1081/1081/1081
f 1090/1090/1090 1081/1081/1081 1082/1082/1082
f 1084/1084/1084 1083/1083/1083 1088/1088/1088
f 1088/1088/1088 1083/1083/1083 1087/1087/1087
f 1088/1088/1088 1087/1087/1087 1092/1092/1092
f 1092/1092/1092 1087/1087/1087 1091/1091/1091
f 1085/1085/1085 1084/1084/1084 1089/1089/1089
f 1089/1089/1089 1084/1084/1084 1088/1088/1088
f 1089/1089/1089 1088/1088/1088 1093/1093/1093
f 1093/1093/1093 1088/1088/1088 1092/1092/1092
f 1086/1086/1086 1085/1085/1085 1090/1090/1090
f 1090/1090/1090 1085/1085/1085 1089/1089/1089
f 1090/1090/1090 1089/1089/1089 1094/1094/1094
f 1094/1094/1094 1089/1089/1089 1093/1093/1093
f 1086/1086/1086 1090/1090/1090 1082/1082/1082

# face 88
f 1095/1095/1095 1096/1096/1096 1106/1106/1106
f 1106/1106/1106 1096/1096/1096 1105/1105/1105
f 1105/1105/1105 1096/1096/1096 1104/1104/1104
f 1104/1104/1104 1096/1096/1096 1097/1097/1097
f 1104/1104/1104 1097/1097/1097 1098/1098/1098
f 1104/1104/1104 1098/1098/1098 1103/1103/1103
f 1103/1103/1103 1098/1098/1098 1099/1099/1099
f 1103/1103/1103 1099/1099/1099 1102/1102/1102
f 1102/1102/1102 1099/1099/1099 1101/1101/1101
f 1099/1099/1099 1100/1100/1100 1101/1101/1101

# face 89
f 1122/1122/1122 1107/1107/1107 1126/1126/1126
f 1126/1126/1126 1107/1107/1107 1108/1108/1108
f 1126/1126/1126 1108/1108/1108 1125/1125/1125
f 1125/1125/1125 1108/1108/1108 1109/1109/1109
f 1125/1125/1125 1109/1109/1109 1124/1124/1124
f 1124/1124/1124 1109/1109/1109 1110/1110/1110
f 1124/1124/1124 1110/1110/1110 1111/1111/1111
f 1124/1124/1124 1111/1111/1111 1123/1123/1123
f 1123/1123/1123 1111/1111/1111 1112/1112/1112
f 1123/1123/1123 1112/1112/1112 1113/1113/1113
f 1113/1113/1113 1114/1114/1114 1123/1123/1123
f 1123/1123/1123 1114/1114/1114 1116/1116/1116
f 1123/1123/1123 1116/1116/1116 1124/1124/1124
f 1124/1124/1124 1116/1116/1116 1117/1117/1117
f 1124/1124/1124 1117/1117/1117 1118/1118/1118
f 1114/1114/1114 1115/1115/1115 1116/1116/1116
f 1124/1124/1124 1118/1118/1118 1125/1125/1125
f 1125/1125/1125 1118/1118/1118 1119/1119/1119
f 1125/1125/1125 1119/1119/1119 1126/1126/1126
f 1126/1126/1126 1119/1119/1119 1121/1121/1121
f 1126/1126/1126 1121/1121/1121 1122/1122/1122
f 1119/1119/1119 1120/1120/1120 1121/1121/1121

# face 90
f 1127/1127/1127 1128/1128/1128 1140/1140/1140
f 1140/1140/1140 1128/1128/1128 1139/1139/1139
f 1128/1128/1128 1129/1129/1129 1139/1139/1139
f 1139/1139/1139 1129/1129/1129 1138/1138/1138
f 1129/1129/1129 1130/1130/1130 1138/1138/1138
f 1138/1138/1138 1130/1130/1130 1137/1137/1137
f 1130/1130/1130 1131/1131/1131 1137/1137/1137
f 1137/1137/1137 1131/1131/1131 1132/1132/1132
f 1137/1137/1137 1132/1132/1132 1136/1136/1136
f 1136/1136/1136 1132/1132/1132 1133/1133/1133
f 1136/1136/1136 1133/1133/1133 1135/1135/1135
f 1135/1135/1135 1133/1133/1133 1134/1134/1134

# face 91
f 1141/1141/1141 1142/1142/1142 1147/1147/1147
f 1147/1147/1147 1142/1142/1142 1146/1146/1146
f 1143/1143/1143 1144/1144/1144 1142/1142/1142
f 1142/1142/1142 1144/1144/1144 1145/1145/1145
f 1142/1142/1142 1145/1145/1145 1146/1146/1146

# face 92
f 1149/1149/1149 1150/1150/1150 1148/1148/1148
f 1148/1148/1148 1150/1150/1150 1151/1151/1151

# face 93
f 1152/1152/1152 1153/1153/1153 1159/1159/1159
f 1159/1159/1159 1153/1153/1153 1154/1154/1154
f 1159/1159/1159 1154/1154/1154 1158/1158/1158
f 1158/1158/1158 1154/1154/1154 1155/1155/1155
f 1158/1158/1158 1155/1155/1155 1157/1157/1157
f 1157/1157/1157 1155/1155/1155 1156/1156/1156

# face 94
f 1161/1161/1161 1162/1162/1162 1160/1160/1160
f 1160/1160/1160 1162/1162/1162 1163/1163/1163

# face 95
f 1164/1164/1164 1165/1165/1165 1173/1173/1173
f 1173/1173/1173 1165/1165/1165 1166/1166/1166
f 1173/1173/1173 1166/1166/1166 1167/1167/1167
f 1173/1173/1173 1167/1167/1167 1172/1172/1172
f 1172/1172/1172 1167/1167/1167 1168/1168/1168
f 1172/1172/1172 1168/1168/1168 1171/1171/1171
f 1171/1171/1171 1168/1168/1168 1170/1170/1170
f 1168/1168/1168 1169/1169/1169 1170/1170/1170

# face 96
f 1175/1175/1175 1176/1176/1176 1174/1174/1174
f 1174/1174/1174 1176/1176/1176 1177/1177/1177

# face 97
f 1178/1178/1178 1179/1179/1179 1187/1187/1187
f 1187/1187/1187 1179/1179/1179 1189/1189/1189
f 1188/1188/1188 1180/1180/1180 1186/1186/1186
f 1186/1186/1186 1180/1180/1180 1181/1181/1181
f 1186/1186/1186 1181/1181/1181 1182/1182/1182
f 1186/1186/1186 1182/1182/1182 1185/1185/1185
f 1185/1185/1185 1182/1182/1182 1183/1183/1183
f 1185/1185/1185 1183/1183/1183 1184/1184/1184

# face 98
f 1191/1191/1191 1192/1192/1192 1190/1190/1190
f 1190/1190/1190 1192/1192/1192 1193/1193/1193

# face 99
f 1194/1194/1194 1195/1195/1195 1201/1201/1201
f 1201/1201/1201 1195/1195/1195 1196/1196/1196
f 1201/1201/1201 1196/1196/1196 1200/1200/1200
f 1200/1200/1200 1196/1196/1196 1197/1197/1197
f 1200/1200/1200 1197/1197/1197 1199/1199/1199
f 1199/1199/1199 1197/1197/1197 1198/1198/1198

# face 100
f 1203/1203/1203 1204/1204/1204 1202/1202/1202
f 1202/1202/1202 1204/1204/1204 1205/1205/1205

# face 101
f 1206/1206/1206 1207/1207/1207 1209/1209/1209
f 1209/1209/1209 1207/1207/1207 1208/1208/1208

# face 102
f 1217/1217/1217 1210/1210/1210 1216/1216/1216
f 1216/1216/1216 1210/1210/1210 1211/1211/1211
f 1216/1216/1216 1211/1211/1211 1215/1215/1215
f 1215/1215/1215 1211/1211/1211 1212/1212/1212
f 1215/1215/1215 1212/1212/1212 1214/1214/1214
f 1214/1214/1214 1212/1212/1212 1213/1213/1213

# face 103
f 1218/1218/1218 1219/1219/1219 1221/1221/1221
f 1221/1221/1221 1219/1219/1219 1220/1220/1220

# face 104
f 1231/1231/1231 1222/1222/1222 1230/1230/1230
f 1230/1230/1230 1222/1222/1222 1233/1233/1233
f 1232/1232/1232 1223/1223/1223 1229/1229/1229
f 1229/1229/1229 1223/1223/1223 1224/1224/1224
f 1229/1229/1229 1224/1224/1224 1225/1225/1225
f 1229/1229/1229 1225/1225/1225 1228/1228/1228
f 1228/1228/1228 1225/1225/1225 1226/1226/1226
f 1228/1228/1228 1226/1226/1226 1227/1227/1227

# face 105
f 1235/1235/1235 1236/1236/1236 1234/1234/1234
f 1234/1234/1234 1236/1236/1236 1237/1237/1237

# face 106
f 1247/1247/1247 1238/1238/1238 1246/1246/1246
f 1246/1246/1246 1238/1238/1238 1239/1239/1239
f 1246/1246/1246 1239/1239/1239 1240/1240/1240
f 1246/1246/1246 1240/1240/1240 1245/1245/1245
f 1245/1245/1245 1240/1240/1240 1241/1241/1241
f 1245/1245/1245 1241/1241/1241 1244/1244/1244
f 1244/1244/1244 1241/1241/1241 1243/1243/1243
f 1241/1241/1241 1242/1242/1242 1243/1243/1243

# face 107
f 1249/1249/1249 1250/1250/1250 1248/1248/1248
f 1248/1248/1248 1250/1250/1250 1251/1251/1251

# face 108
f 1252/1252/1252 1253/1253/1253 1259/1259/1259
f 1259/1259/1259 1253/1253/1253 1254/1254/1254
f 1259/1259/1259 1254/1254/1254 1258/1258/1258
f 1258/1258/1258 1254/1254/1254 1255/1255/1255
f 1258/1258/1258 1255/1255/1255 1257/1257/1257
f 1257/1257/1257 1255/1255/1255 1256/1256/1256

# face 109
f 1261/1261/1261 1262/1262/1262 1260/1260/1260
f 1260/1260/1260 1262/1262/1262 1263/1263/1263

# face 110
f 1265/1265/1265 1266/1266/1266 1264/1264/1264
f 1264/1264/1264 1266/1266/1266 1267/1267/1267
f 1264/1264/1264 1267/1267/1267 1320/1320/1320
f 1320/1320/1320 1267/1267/1267 1268/1268/1268
f 1320/1320/1320 1268/1268/1268 1272/1272/1272
f 1272/1272/1272 1268/1268/1268 1269/1269/1269
f 1272/1272/1272 1269/1269/1269 1270/1270/1270
f 1270/1270/1270 1271/1271/1271 1272/1272/1272
f 1314/1314/1314 1315/1315/1315 1273/1273/1273
f 1273/1273/1273 1315/1315/1315 1316/1316/1316
f 1273/1273/1273 1316/1316/1316 1272/1272/1272
f 1272/1272/1272 1316/1316/1316 1317/1317/1317
f 1272/1272/1272 1317/1317/1317 1318/1318/1318
f 1314/1314/1314 1273/1273/1273 1313/1313/1313
f 1313/1313/1313 1273/1273/1273 1274/1274/1274
f 1313/1313/1313 1274/1274/1274 1275/1275/1275
f 1313/1313/1313 1275/1275/1275 1312/1312/1312
f 1312/1312/1312 1275/1275/1275 1276/1276/1276
f 1312/1312/1312 1276/1276/1276 1277/1277/1277
f 1312/1312/1312 1277/1277/1277 1311/1311/1311
f 1311/1311/1311 1277/1277/1277 1278/1278/1278
f 1311/1311/1311 1278/1278/1278 1279/1279/1279
f 1279/1279/1279 1280/1280/1280 1311/1311/1311
f 1311/1311/1311 1280/1280/1280 1281/1281/1281
f 1311/1311/1311 1281/1281/1281 1282/1282/1282
f 1311/1311/1311 1282/1282/1282 1310/1310/1310
f 1310/1310/1310 1282/1282/1282 1283/1283/1283
f 1310/1310/1310 1283/1283/1283 1308/1308/1308
f 1308/1308/1308 1283/1283/1283 1307/1307/1307
f 1283/1283/1283 1284/1284/1284 1307/1307/1307
f 1307/1307/1307 1284/1284/1284 1285/1285/1285
f 1307/1307/1307 1285/1285/1285 1286/1286/1286
f 1286/1286/1286 1287/1287/1287 1307/1307/1307
f 1307/1307/1307 1287/1287/1287 1306/1306/1306
f 1287/1287/1287 1288/1288/1288 1306/1306/1306
f 1306/1306/1306 1288/1288/1288 1289/1289/1289
f 1306/1306/1306 1289/1289/1289 1345/1345/1345
f 1345/1345/1345 1289/1289/1289 1290/1290/1290
f 1345/1345/1345 1290/1290/1290 1344/1344/1344
f 1344/1344/1344 1290/1290/1290 1291/1291/1291
f 1344/1344/1344 1291/1291/1291 1343/1343/1343
f 1343/1343/1343 1291/1291/1291 1292/1292/1292
f 1343/1343/1343 1292/1292/1292 1342/1342/1342
f 1342/1342/1342 1292/1292/1292 1341/1341/1341
f 1292/1292/1292 1293/1293/1293 1341/1341/1341
f 1341/1341/1341 1293/1293/1293 1340/1340/1340
f 1334/1334/1334 1335/1335/1335 1295/1295/1295
f 1295/1295/1295 1335/1335/1335 1336/1336/1336
f 1295/1295/1295 1336/1336/1336 1294/1294/1294
f 1294/1294/1294 1336/1336/1336 1337/1337/1337
f 1294/1294/1294 1337/1337/1337 1293/1293/1293
f 1293/1293/1293 1337/1337/1337 1338/1338/1338
f 1293/1293/1293 1338/1338/1338 1339/1339/1339
f 1296/1296/1296 1332/1332/1332 1295/1295/1295
f 1295/1295/1295 1332/1332/1332 1333/1333/1333
f 1295/1295/1295 1333/1333/1333 1334/1334/1334
f 1296/1296/1296 1297/1297/1297 1332/1332/1332
f 1332/1332/1332 1297/1297/1297 1298/1298/1298
f 1332/1332/1332 1298/1298/1298 1299/1299/1299
f 1299/1299/1299 1300/1300/1300 1332/1332/1332
f 1332/1332/1332 1300/1300/1300 1331/1331/1331
f 1300/1300/1300 1301/1301/1301 1331/1331/1331
f 1331/1331/1331 1301/1301/1301 1302/1302/1302
f 1331/1331/1331 1302/1302/1302 1330/1330/1330
f 1330/1330/1330 1302/1302/1302 1329/1329/1329
f 1329/1329/1329 1302/1302/1302 1328/1328/1328
f 1328/1328/1328 1302/1302/1302 1303/1303/1303
f 1328/1328/1328 1303/1303/1303 1327/1327/1327
f 1327/1327/1327 1303/1303/1303 1304/1304/1304
f 1327/1327/1327 1304/1304/1304 1326/1326/1326
f 1326/1326/1326 1304/1304/1304 1321/1321/1321
f 1326/1326/1326 1321/1321/1321 1323/1323/1323
f 1323/1323/1323 1321/1321/1321 1322/1322/1322
f 1304/1304/1304 1264/1264/1264 1321/1321/1321
f 1321/1321/1321 1264/1264/1264 1320/1320/1320
f 1345/1345/1345 1346/1346/1346 1306/1306/1306
f 1306/1306/1306 1346/1346/1346 1347/1347/1347
f 1306/1306/1306 1347/1347/1347 1305/1305/1305
f 1305/1305/1305 1347/1347/1347 1348/1348/1348
f 1305/1305/1305 1348/1348/1348 1349/1349/1349
f 1308/1308/1308 1309/1309/1309 1310/1310/1310
f 1318/1318/1318 1319/1319/1319 1272/1272/1272
f 1272/1272/1272 1319/1319/1319 1320/1320/1320
f 1324/1324/1324 1325/1325/1325 1323/1323/1323
f 1323/1323/1323 1325/1325/1325 1326/1326/1326
f 1339/1339/1339 1340/1340/1340 1293/1293/1293
f 1349/1349/1349 1350/1350/1350 1305/1305/1305
f 1305/1305/1305 1350/1350/1350 1417/1417/1417
f 1350/1350/1350 1351/1351/1351 1417/1417/1417
f 1417/1417/1417 1351/1351/1351 1352/1352/1352
f 1417/1417/1417 1352/1352/1352 1416/1416/1416
f 1416/1416/1416 1352/1352/1352 1353/1353/1353
f 1416/1416/1416 1353/1353/1353 1415/1415/1415
f 1415/1415/1415 1353/1353/1353 1414/1414/1414
f 1353/1353/1353 1354/1354/1354 1414/1414/1414
f 1414/1414/1414 1354/1354/1354 1413/1413/1413
f 1354/1354/1354 1355/1355/1355 1413/1413/1413
f 1413/1413/1413 1355/1355/1355 1412/1412/1412
f 1412/1412/1412 1355/1355/1355 1393/1393/1393
f 1393/1393/1393 1355/1355/1355 1356/1356/1356
f 1393/1393/1393 1356/1356/1356 1392/1392/1392
f 1392/1392/1392 1356/1356/1356 1391/1391/1391
f 1356/1356/1356 1357/1357/1357 1391/1391/1391
f 1391/1391/1391 1357/1357/1357 1390/1390/1390
f 1357/1357/1357 1358/1358/1358 1390/1390/1390
f 1390/1390/1390 1358/1358/1358 1389/1389/1389
f 1358/1358/1358 1359/1359/1359 1389/1389/1389
f 1389/1389/1389 1359/1359/1359 1388/1388/1388
f 1359/1359/1359 1360/1360/1360 1388/1388/1388
f 1388/1388/1388 1360/1360/1360 1387/1387/1387
f 1360/1360/1360 1361/1361/1361 1387/1387/1387
f 1387/1387/1387 1361/1361/1361 1386/1386/1386
f 1361/1361/1361 1362/1362/1362 1386/1386/1386
f 1386/1386/1386 1362/1362/1362 1385/1385/1385
f 1362/1362/1362 1363/1363/1363 1385/1385/1385
f 1385/1385/1385 1363/1363/1363 1384/1384/1384
f 1363/1363/1363 1364/1364/1364 1384/1384/1384
f 1384/1384/1384 1364/1364/1364 1383/1383/1383
f 1364/1364/1364 1365/1365/1365 1383/1383/1383
f 1383/1383/1383 1365/1365/1365 1382/1382/1382
f 1365/1365/1365 1366/1366/1366 1382/1382/1382
f 1382/1382/1382 1366/1366/1366 1375/1375/1375
f 1382/1382/1382 1375/1375/1375 1376/1376/1376
f 1366/1366/1366 1367/1367/1367 1375/1375/1375
f 1375/1375/1375 1367/1367/1367 1368/1368/1368
f 1375/1375/1375 1368/1368/1368 1369/1369/1369
f 1370/1370/1370 1371/1371/1371 1369/1369/1369
f 1369/1369/1369 1371/1371/1371 1372/1372/1372
f 1369/1369/1369 1372/1372/1372 1373/1373/1373
f 1373/1373/1373 1374/1374/1374 1369/1369/1369
f 1369/1369/1369 1374/1374/1374 1375/1375/1375
f 1377/1377/1377 1378/1378/1378 1376/1376/1376
f 1376/1376/1376 1378/1378/1378 1379/1379/1379
f 1376/1376/1376 1379/1379/1379 1380/1380/1380
f 1380/1380/1380 1381/1381/1381 1376/1376/1376
f 1376/1376/1376 1381/1381/1381 1382/1382/1382
f 1412/1412/1412 1393/1393/1393 1411/1411/1411
f 1411/1411/1411 1393/1393/1393 1394/1394/1394
f 1411/1411/1411 1394/1394/1394 1410/1410/1410
f 1410/1410/1410 1394/1394/1394 1395/1395/1395
f 1410/1410/1410 1395/1395/1395 1409/1409/1409
f 1409/1409/1409 1395/1395/1395 1396/1396/1396
f 1409/1409/1409 1396/1396/1396 1399/1399/1399
f 1399/1399/1399 1396/1396/1396 1397/1397/1397
f 1399/1399/1399 1397/1397/1397 1398/1398/1398
f 1409/1409/1409 1399/1399/1399 1407/1407/1407
f 1407/1407/1407 1399/1399/1399 1400/1400/1400
f 1407/1407/1407 1400/1400/1400 1406/1406/1406
f 1406/1406/1406 1400/1400/1400 1401/1401/1401
f 1406/1406/1406 1401/1401/1401 1402/1402/1402
f 1402/1402/1402 1403/1403/1403 1406/1406/1406
f 1406/1406/1406 1403/1403/1403 1404/1404/1404
f 1406/1406/1406 1404/1404/1404 1405/1405/1405
f 1407/1407/1407 1408/1408/1408 1409/1409/1409

# face 111
f 1418/1418/1418 1419/1419/1419 1530/1530/1530
f 1530/1530/1530 1419/1419/1419 1529/1529/1529
f 1419/1419/1419 1420/1420/1420 1529/1529/1529
f 1529/1529/1529 1420/1420/1420 1421/1421/1421
f 1529/1529/1529 1421/1421/1421 1528/1528/1528
f 1528/1528/1528 1421/1421/1421 1496/1496/1496
f 1528/1528/1528 1496/1496/1496 1527/1527/1527
f 1527/1527/1527 1496/1496/1496 1497/1497/1497
f 1527/1527/1527 1497/1497/1497 1526/1526/1526
f 1526/1526/1526 1497/1497/1497 1525/1525/1525
f 1491/1491/1491 1492/1492/1492 1422/1422/1422
f 1422/1422/1422 1492/1492/1492 1493/1493/1493
f 1422/1422/1422 1493/1493/1493 1421/1421/1421
f 1421/1421/1421 1493/1493/1493 1494/1494/1494
f 1421/1421/1421 1494/1494/1494 1495/1495/1495
f 1491/1491/1491 1422/1422/1422 1490/1490/1490
f 1490/1490/1490 1422/1422/1422 1423/1423/1423
f 1490/1490/1490 1423/1423/1423 1489/1489/1489
f 1489/1489/1489 1423/1423/1423 1488/1488/1488
f 1423/1423/1423 1424/1424/1424 1488/1488/1488
f 1488/1488/1488 1424/1424/1424 1487/1487/1487
f 1424/1424/1424 1425/1425/1425 1487/1487/1487
f 1487/1487/1487 1425/1425/1425 1426/1426/1426
f 1487/1487/1487 1426/1426/1426 1486/1486/1486
f 1486/1486/1486 1426/1426/1426 1427/1427/1427
f 1486/1486/1486 1427/1427/1427 1485/1485/1485
f 1485/1485/1485 1427/1427/1427 1428/1428/1428
f 1485/1485/1485 1428/1428/1428 1447/1447/1447
f 1447/1447/1447 1428/1428/1428 1429/1429/1429
f 1447/1447/1447 1429/1429/1429 1446/1446/1446
f 1446/1446/1446 1429/1429/1429 1430/1430/1430
f 1446/1446/1446 1430/1430/1430 1445/1445/1445
f 1445/1445/1445 1430/1430/1430 1431/1431/1431
f 1445/1445/1445 1431/1431/1431 1444/1444/1444
f 1444/1444/1444 1431/1431/1431 1441/1441/1441
f 1444/1444/1444 1441/1441/1441 1443/1443/1443
f 1443/1443/1443 1441/1441/1441 1442/1442/1442
f 1432/1432/1432 1433/1433/1433 1431/1431/1431
f 1431/1431/1431 1433/1433/1433 1441/1441/1441
f 1441/1441/1441 1433/1433/1433 1440/1440/1440
f 1440/1440/1440 1433/1433/1433 1434/1434/1434
f 1440/1440/1440 1434/1434/1434 1439/1439/1439
f 1439/1439/1439 1434/1434/1434 1438/1438/1438
f 1435/1435/1435 1436/1436/1436 1434/1434/1434
f 1434/1434/1434 1436/1436/1436 1437/1437/1437
f 1434/1434/1434 1437/1437/1437 1438/1438/1438
f 1485/1485/1485 1447/1447/1447 1484/1484/1484
f 1484/1484/1484 1447/1447/1447 1448/1448/1448
f 1484/1484/1484 1448/1448/1448 1449/1449/1449
f 1484/1484/1484 1449/1449/1449 1483/1483/1483
f 1483/1483/1483 1449/1449/1449 1450/1450/1450
f 1483/1483/1483 1450/1450/1450 1482/1482/1482
f 1482/1482/1482 1450/1450/1450 1451/1451/1451
f 1482/1482/1482 1451/1451/1451 1481/1481/1481
f 1481/1481/1481 1451/1451/1451 1452/1452/1452
f 1481/1481/1481 1452/1452/1452 1480/1480/1480
f 1480/1480/1480 1452/1452/1452 1453/1453/1453
f 1480/1480/1480 1453/1453/1453 1479/1479/1479
f 1479/1479/1479 1453/1453/1453 1454/1454/1454
f 1479/1479/1479 1454/1454/1454 1478/1478/1478
f 1478/1478/1478 1454/1454/1454 1455/1455/1455
f 1478/1478/1478 1455/1455/1455 1477/1477/1477
f 1477/1477/1477 1455/1455/1455 1456/1456/1456
f 1477/1477/1477 1456/1456/1456 1476/1476/1476
f 1476/1476/1476 1456/1456/1456 1457/1457/1457
f 1476/1476/1476 1457/1457/1457 1475/1475/1475
f 1475/1475/1475 1457/1457/1457 1458/1458/1458
f 1475/1475/1475 1458/1458/1458 1474/1474/1474
f 1474/1474/1474 1458/1458/1458 1465/1465/1465
f 1474/1474/1474 1465/1465/1465 1473/1473/1473
f 1473/1473/1473 1465/1465/1465 1472/1472/1472
f 1465/1465/1465 1458/1458/1458 1464/1464/1464
f 1464/1464/1464 1458/1458/1458 1459/1459/1459
f 1464/1464/1464 1459/1459/1459 1460/1460/1460
f 1460/1460/1460 1461/1461/1461 1464/1464/1464
f 1464/1464/1464 1461/1461/1461 1462/1462/1462
f 1464/1464/1464 1462/1462/1462 1463/1463/1463
f 1472/1472/1472 1465/1465/1465 1471/1471/1471
f 1471/1471/1471 1465/1465/1465 1466/1466/1466
f 1471/1471/1471 1466/1466/1466 1467/1467/1467
f 1467/1467/1467 1468/1468/1468 1471/1471/1471
f 1471/1471/1471 1468/1468/1468 1469/1469/1469
f 1471/1471/1471 1469/1469/1469 1470/1470/1470
f 1495/1495/1495 1496/1496/1496 1421/1421/1421
f 1497/1497/1497 1498/1498/1498 1525/1525/1525
f 1525/1525/1525 1498/1498/1498 1524/1524/1524
f 1498/1498/1498 1499/1499/1499 1524/1524/1524
f 1524/1524/1524 1499/1499/1499 1523/1523/1523
f 1499/1499/1499 1500/1500/1500 1523/1523/1523
f 1523/1523/1523 1500/1500/1500 1522/1522/1522
f 1501/1501/1501 1502/1502/1502 1500/1500/1500
f 1500/1500/1500 1502/1502/1502 1503/1503/1503
f 1500/1500/1500 1503/1503/1503 1522/1522/1522
f 1522/1522/1522 1503/1503/1503 1521/1521/1521
f 1503/1503/1503 1504/1504/1504 1521/1521/1521
f 1521/1521/1521 1504/1504/1504 1508/1508/1508
f 1521/1521/1521 1508/1508/1508 1520/1520/1520
f 1520/1520/1520 1508/1508/1508 1509/1509/1509
f 1520/1520/1520 1509/1509/1509 1519/1519/1519
f 1519/1519/1519 1509/1509/1509 1513/1513/1513
f 1519/1519/1519 1513/1513/1513 1514/1514/1514
f 1505/1505/1505 1506/1506/1506 1504/1504/1504
f 1504/1504/1504 1506/1506/1506 1508/1508/1508
f 1506/1506/1506 1507/1507/1507 1508/1508/1508
f 1509/1509/1509 1510/1510/1510 1513/1513/1513
f 1513/1513/1513 1510/1510/1510 1511/1511/1511
f 1513/1513/1513 1511/1511/1511 1512/1512/1512
f 1514/1514/1514 1515/1515/1515 1519/1519/1519
f 1519/1519/1519 1515/1515/1515 1516/1516/1516
f 1519/1519/1519 1516/1516/1516 1517/1517/1517
f 1517/1517/1517 1518/1518/1518 1519/1519/1519

# face 112
f 1531/1531/1531 1532/1532/1532 1544/1544/1544
f 1544/1544/1544 1532/1532/1532 1543/1543/1543
f 1543/1543/1543 1532/1532/1532 1542/1542/1542
f 1542/1542/1542 1532/1532/1532 1533/1533/1533
f 1542/1542/1542 1533/1533/1533 1534/1534/1534
f 1542/1542/1542 1534/1534/1534 1541/1541/1541
f 1541/1541/1541 1534/1534/1534 1535/1535/1535
f 1541/1541/1541 1535/1535/1535 1540/1540/1540
f 1540/1540/1540 1535/1535/1535 1536/1536/1536
f 1540/1540/1540 1536/1536/1536 1539/1539/1539
f 1539/1539/1539 1536/1536/1536 1538/1538/1538
f 1536/1536/1536 1537/1537/1537 1538/1538/1538

# face 113
f 1545/1545/1545 1546/1546/1546 1548/1548/1548
f 1548/1548/1548 1546/1546/1546 1547/1547/1547

# face 114
f 1560/1560/1560 1549/1549/1549 1559/1559/1559
f 1559/1559/1559 1549/1549/1549 1550/1550/1550
f 1559/1559/1559 1550/1550/1550 1551/1551/1551
f 1552/1552/1552 1557/1557/1557 1551/1551/1551
f 1551/1551/1551 1557/1557/1557 1558/1558/1558
f 1551/1551/1551 1558/1558/1558 1559/1559/1559
f 1552/1552/1552 1553/1553/1553 1557/1557/1557
f 1557/1557/1557 1553/1553/1553 1556/1556/1556
f 1553/1553/1553 1554/1554/1554 1556/1556/1556
f 1556/1556/1556 1554/1554/1554 1555/1555/1555

# face 115
f 1561/1561/1561 1562/1562/1562 1580/1580/1580
f 1580/1580/1580 1562/1562/1562 1579/1579/1579
f 1562/1562/1562 1563/1563/1563 1579/1579/1579
f 1579/1579/1579 1563/1563/1563 1578/1578/1578
f 1563/1563/1563 1564/1564/1564 1578/1578/1578
f 1578/1578/1578 1564/1564/1564 1577/1577/1577
f 1577/1577/1577 1564/1564/1564 1576/1576/1576
f 1576/1576/1576 1564/1564/1564 1565/1565/1565
f 1576/1576/1576 1565/1565/1565 1566/1566/1566
f 1576/1576/1576 1566/1566/1566 1575/1575/1575
f 1575/1575/1575 1566/1566/1566 1567/1567/1567
f 1575/1575/1575 1567/1567/1567 1574/1574/1574
f 1574/1574/1574 1567/1567/1567 1568/1568/1568
f 1574/1574/1574 1568/1568/1568 1573/1573/1573
f 1573/1573/1573 1568/1568/1568 1572/1572/1572
f 1568/1568/1568 1569/1569/1569 1572/1572/1572
f 1572/1572/1572 1569/1569/1569 1570/1570/1570
f 1572/1572/1572 1570/1570/1570 1571/1571/1571

# face 116
f 1581/1581/1581 1582/1582/1582 1592/1592/1592
f 1592/1592/1592 1582/1582/1582 1591/1591/1591
f 1582/1582/1582 1583/1583/1583 1591/1591/1591
f 1591/1591/1591 1583/1583/1583 1590/1590/1590
f 1583/1583/1583 1584/1584/1584 1590/1590/1590
f 1590/1590/1590 1584/1584/1584 1589/1589/1589
f 1584/1584/1584 1585/1585/1585 1589/1589/1589
f 1589/1589/1589 1585/1585/1585 1588/1588/1588
f 1585/1585/1585 1586/1586/1586 1588/1588/1588
f 1588/1588/1588 1586/1586/1586 1587/1587/1587

# face 117
f 1593/1593/1593 1594/1594/1594 1596/1596/1596
f 1596/1596/1596 1594/1594/1594 1595/1595/1595

# face 118
f 1604/1604/1604 1597/1597/1597 1603/1603/1603
f 1603/1603/1603 1597/1597/1597 1598/1598/1598
f 1603/1603/1603 1598/1598/1598 1599/1599/1599
f 1600/1600/1600 1601/1601/1601 1599/1599/1599
f 1599/1599/1599 1601/1601/1601 1602/1602/1602
f 1599/1599/1599 1602/1602/1602 1603/1603/1603

# face 119
f 1605/1605/1605 1606/1606/1606 1608/1608/1608
f 1608/1608/1608 1606/1606/1606 1607/1607/1607

# face 120
f 1616/1616/1616 1609/1609/1609 1615/1615/1615
f 1615/1615/1615 1609/1609/1609 1610/1610/1610
f 1615/1615/1615 1610/1610/1610 1611/1611/1611
f 1612/1612/1612 1613/1613/1613 1611/1611/1611
f 1611/1611/1611 1613/1613/1613 1614/1614/1614
f 1611/1611/1611 1614/1614/1614 1615/1615/1615

# face 121
f 1617/1617/1617 1618/1618/1618 1620/1620/1620
f 1620/1620/1620 1618/1618/1618 1619/1619/1619

# face 122
f 1621/1621/1621 1622/1622/1622 1624/1624/1624
f 1624/1624/1624 1622/1622/1622 1623/1623/1623

# face 123
f 1625/1625/1625 1626/1626/1626 1628/1628/1628
f 1628/1628/1628 1626/1626/1626 1627/1627/1627

# face 124
f 1629/1629/1629 1630/1630/1630 1632/1632/1632
f 1632/1632/1632 1630/1630/1630 1631/1631/1631

# face 125
f 1633/1633/1633 1634/1634/1634 1636/1636/1636
f 1636/1636/1636 1634/1634/1634 1635/1635/1635

# face 126
f 1637/1637/1637 1638/1638/1638 1640/1640/1640
f 1640/1640/1640 1638/1638/1638 1639/1639/1639

# face 127
f 1641/1641/1641 1642/1642/1642 1650/1650/1650
f 1650/1650/1650 1642/1642/1642 1649/1649/1649
f 1642/1642/1642 1643/1643/1643 1649/1649/1649
f 1649/1649/1649 1643/1643/1643 1648/1648/1648
f 1643/1643/1643 1644/1644/1644 1648/1648/1648
f 1648/1648/1648 1644/1644/1644 1647/1647/1647
f 1645/1645/1645 1646/1646/1646 1644/1644/1644
f 1644/1644/1644 1646/1646/1646 1647/1647/1647

# face 128
f 1651/1651/1651 1652/1652/1652 1654/1654/1654
f 1654/1654/1654 1652/1652/1652 1653/1653/1653

# face 129
f 1664/1664/1664 1655/1655/1655 1663/1663/1663
f 1663/1663/1663 1655/1655/1655 1656/1656/1656
f 1663/1663/1663 1656/1656/1656 1657/1657/1657
f 1663/1663/1663 1657/1657/1657 1662/1662/1662
f 1662/1662/1662 1657/1657/1657 1658/1658/1658
f 1662/1662/1662 1658/1658/1658 1661/1661/1661
f 1661/1661/1661 1658/1658/1658 1660/1660/1660
f 1658/1658/1658 1659/1659/1659 1660/1660/1660

# face 130
f 1665/1665/1665 1666/1666/1666 1668/1668/1668
f 1668/1668/1668 1666/1666/1666 1667/1667/1667

# face 131
f 1669/1669/1669 1670/1670/1670 1680/1680/1680
f 1680/1680/1680 1670/1670/1670 1679/1679/1679
f 1670/1670/1670 1671/1671/1671 1679/1679/1679
f 1679/1679/1679 1671/1671/1671 1678/1678/1678
f 1678/1678/1678 1671/1671/1671 1677/1677/1677
f 1677/1677/1677 1671/1671/1671 1672/1672/1672
f 1677/1677/1677 1672/1672/1672 1673/1673/1673
f 1674/1674/1674 1675/1675/1675 1673/1673/1673
f 1673/1673/1673 1675/1675/1675 1676/1676/1676
f 1673/1673/1673 1676/1676/1676 1677/1677/1677

# face 132
f 1681/1681/1681 1682/1682/1682 1684/1684/1684
f 1684/1684/1684 1682/1682/1682 1683/1683/1683

# face 133
f 1694/1694/1694 1685/1685/1685 1693/1693/1693
f 1693/1693/1693 1685/1685/1685 1686/1686/1686
f 1693/1693/1693 1686/1686/1686 1687/1687/1687
f 1693/1693/1693 1687/1687/1687 1692/1692/1692
f 1692/1692/1692 1687/1687/1687 1688/1688/1688
f 1692/1692/1692 1688/1688/1688 1691/1691/1691
f 1691/1691/1691 1688/1688/1688 1690/1690/1690
f 1688/1688/1688 1689/1689/1689 1690/1690/1690

# face 134
f 1695/1695/1695 1696/1696/1696 1698/1698/1698
f 1698/1698/1698 1696/1696/1696 1697/1697/1697

# face 135
f 1708/1708/1708 1699/1699/1699 1707/1707/1707
f 1707/1707/1707 1699/1699/1699 1700/1700/1700
f 1707/1707/1707 1700/1700/1700 1701/1701/1701
f 1707/1707/1707 1701/1701/1701 1706/1706/1706
f 1706/1706/1706 1701/1701/1701 1702/1702/1702
f 1706/1706/1706 1702/1702/1702 1705/1705/1705
f 1705/1705/1705 1702/1702/1702 1704/1704/1704
f 1702/1702/1702 1703/1703/1703 1704/1704/1704

# face 136
f 1709/1709/1709 1710/1710/1710 1712/1712/1712
f 1712/1712/1712 1710/1710/1710 1711/1711/1711

# face 137
f 1720/1720/1720 1713/1713/1713 1719/1719/1719
f 1719/1719/1719 1713/1713/1713 1714/1714/1714
f 1719/1719/1719 1714/1714/1714 1715/1715/1715
f 1716/1716/1716 1717/1717/1717 1715/1715/1715
f 1715/1715/1715 1717/1717/1717 1718/1718/1718
f 1715/1715/1715 1718/1718/1718 1719/1719/1719

# face 138
f 1721/1721/1721 1722/1722/1722 1724/1724/1724
f 1724/1724/1724 1722/1722/1722 1723/1723/1723

# face 139
f 1742/1742/1742 1725/1725/1725 1741/1741/1741
f 1741/1741/1741 1725/1725/1725 1743/1743/1743
f 1744/1744/1744 1726/1726/1726 1727/1727/1727
f 1744/1744/1744 1727/1727/1727 1740/1740/1740
f 1740/1740/1740 1727/1727/1727 1728/1728/1728
f 1740/1740/1740 1728/1728/1728 1739/1739/1739
f 1739/1739/1739 1728/1728/1728 1738/1738/1738
f 1728/1728/1728 1729/1729/1729 1738/1738/1738
f 1738/1738/1738 1729/1729/1729 1730/1730/1730
f 1738/1738/1738 1730/1730/1730 1737/1737/1737
f 1737/1737/1737 1730/1730/1730 1731/1731/1731
f 1737/1737/1737 1731/1731/1731 1736/1736/1736
f 1736/1736/1736 1731/1731/1731 1735/1735/1735
f 1731/1731/1731 1732/1732/1732 1735/1735/1735
f 1735/1735/1735 1732/1732/1732 1733/1733/1733
f 1735/1735/1735 1733/1733/1733 1734/1734/1734

# face 140
f 1745/1745/1745 1746/1746/1746 1764/1764/1764
f 1764/1764/1764 1746/1746/1746 1763/1763/1763
f 1746/1746/1746 1747/1747/1747 1763/1763/1763
f 1763/1763/1763 1747/1747/1747 1762/1762/1762
f 1747/1747/1747 1748/1748/1748 1762/1762/1762
f 1762/1762/1762 1748/1748/1748 1761/1761/1761
f 1748/1748/1748 1749/1749/1749 1761/1761/1761
f 1761/1761/1761 1749/1749/1749 1760/1760/1760
f 1749/1749/1749 1750/1750/1750 1760/1760/1760
f 1760/1760/1760 1750/1750/1750 1759/1759/1759
f 1750/1750/1750 1751/1751/1751 1759/1759/1759
f 1759/1759/1759 1751/1751/1751 1758/1758/1758
f 1751/1751/1751 1752/1752/1752 1758/1758/1758
f 1758/1758/1758 1752/1752/1752 1757/1757/1757
f 1752/1752/1752 1753/1753/1753 1757/1757/1757
f 1757/1757/1757 1753/1753/1753 1756/1756/1756
f 1753/1753/1753 1754/1754/1754 1756/1756/1756
f 1756/1756/1756 1754/1754/1754 1755/1755/1755

# face 141
f 1765/1765/1765 1766/1766/1766 1782/1782/1782
f 1782/1782/1782 1766/1766/1766 1781/1781/1781
f 1766/1766/1766 1767/1767/1767 1781/1781/1781
f 1781/1781/1781 1767/1767/1767 1780/1780/1780
f 1767/1767/1767 1768/1768/1768 1780/1780/1780
f 1780/1780/1780 1768/1768/1768 1779/1779/1779
f 1768/1768/1768 1769/1769/1769 1779/1779/1779
f 1779/1779/1779 1769/1769/1769 1778/1778/1778
f 1769/1769/1769 1770/1770/1770 1778/1778/1778
f 1778/1778/1778 1770/1770/1770 1777/1777/1777
f 1770/1770/1770 1771/1771/1771 1777/1777/1777
f 1777/1777/1777 1771/1771/1771 1776/1776/1776
f 1771/1771/1771 1772/1772/1772 1776/1776/1776
f 1776/1776/1776 1772/1772/1772 1775/1775/1775
f 1772/1772/1772 1773/1773/1773 1775/1775/1775
f 1775/1775/1775 1773/1773/1773 1774/1774/1774

# face 142
f 1790/1790/1790 1783/1783/1783 1789/1789/1789
f 1789/1789/1789 1783/1783/1783 1784/1784/1784
f 1789/1789/1789 1784/1784/1784 1788/1788/1788
f 1788/1788/1788 1784/1784/1784 1785/1785/1785
f 1788/1788/1788 1785/1785/1785 1787/1787/1787
f 1787/1787/1787 1785/1785/1785 1786/1786/1786

# face 143
f 1791/1791/1791 1792/1792/1792 1794/1794/1794
f 1794/1794/1794 1792/1792/1792 1793/1793/1793

# face 144
f 1795/1795/1795 1796/1796/1796 1804/1804/1804
f 1804/1804/1804 1796/1796/1796 1803/1803/1803
f 1796/1796/1796 1797/1797/1797 1803/1803/1803
f 1803/1803/1803 1797/1797/1797 1802/1802/1802
f 1797/1797/1797 1798/1798/1798 1802/1802/1802
f 1802/1802/1802 1798/1798/1798 1801/1801/1801
f 1799/1799/1799 1800/1800/1800 1798/1798/1798
f 1798/1798/1798 1800/1800/1800 1801/1801/1801

# face 145
f 1805/1805/1805 1806/1806/1806 1808/1808/1808
f 1808/1808/1808 1806/1806/1806 1807/1807/1807

# face 146
f 1816/1816/1816 1809/1809/1809 1815/1815/1815
f 1815/1815/1815 1809/1809/1809 1818/1818/1818
f 1817/1817/1817 1810/1810/1810 1811/1811/1811
f 1817/1817/1817 1811/1811/1811 1814/1814/1814
f 1814/1814/1814 1811/1811/1811 1812/1812/1812
f 1814/1814/1814 1812/1812/1812 1813/1813/1813

# face 147
f 1819/1819/1819 1820/1820/1820 1822/1822/1822
f 1822/1822/1822 1820/1820/1820 1821/1821/1821

# face 148
f 1824/1824/1824 1825/1825/1825 1823/1823/1823
f 1823/1823/1823 1825/1825/1825 1826/1826/1826
f 1823/1823/1823 1826/1826/1826 1831/1831/1831
f 1831/1831/1831 1826/1826/1826 1827/1827/1827
f 1831/1831/1831 1827/1827/1827 1828/1828/1828
f 1828/1828/1828 1829/1829/1829 1831/1831/1831
f 1831/1831/1831 1829/1829/1829 1830/1830/1830
f 1823/1823/1823 1831/1831/1831 1840/1840/1840
f 1840/1840/1840 1831/1831/1831 1832/1832/1832
f 1840/1840/1840 1832/1832/1832 1837/1837/1837
f 1837/1837/1837 1832/1832/1832 1836/1836/1836
f 1832/1832/1832 1833/1833/1833 1836/1836/1836
f 1836/1836/1836 1833/1833/1833 1834/1834/1834
f 1836/1836/1836 1834/1834/1834 1835/1835/1835
f 1837/1837/1837 1838/1838/1838 1840/1840/1840
f 1840/1840/1840 1838/1838/1838 1839/1839/1839
f 1841/1841/1841 1842/1842/1842 1840/1840/1840
f 1840/1840/1840 1842/1842/1842 1823/1823/1823

# face 149
f 1844/1844/1844 1845/1845/1845 1843/1843/1843
f 1843/1843/1843 1845/1845/1845 1862/1862/1862
f 1846/1846/1846 1847/1847/1847 1845/1845/1845
f 1845/1845/1845 1847/1847/1847 1848/1848/1848
f 1845/1845/1845 1848/1848/1848 1853/1853/1853
f 1853/1853/1853 1848/1848/1848 1849/1849/1849
f 1853/1853/1853 1849/1849/1849 1852/1852/1852
f 1852/1852/1852 1849/1849/1849 1851/1851/1851
f 1849/1849/1849 1850/1850/1850 1851/1851/1851
f 1853/1853/1853 1854/1854/1854 1845/1845/1845
f 1845/1845/1845 1854/1854/1854 1862/1862/1862
f 1855/1855/1855 1856/1856/1856 1854/1854/1854
f 1854/1854/1854 1856/1856/1856 1857/1857/1857
f 1854/1854/1854 1857/1857/1857 1858/1858/1858
f 1858/1858/1858 1859/1859/1859 1854/1854/1854
f 1854/1854/1854 1859/1859/1859 1862/1862/1862
f 1859/1859/1859 1860/1860/1860 1862/1862/1862
f 1862/1862/1862 1860/1860/1860 1861/1861/1861

# face 150
f 1863/1863/1863 1864/1864/1864 1866/1866/1866
f 1866/1866/1866 1864/1864/1864 1865/1865/1865

# face 151
f 1874/1874/1874 1867/1867/1867 1873/1873/1873
f 1873/1873/1873 1867/1867/1867 1868/1868/1868
f 1873/1873/1873 1868/1868/1868 1872/1872/1872
f 1872/1872/1872 1868/1868/1868 1869/1869/1869
f 1872/1872/1872 1869/1869/1869 1871/1871/1871
f 1871/1871/1871 1869/1869/1869 1870/1870/1870

# face 152
f 1875/1875/1875 1876/1876/1876 1878/1878/1878
f 1878/1878/1878 1876/1876/1876 1877/1877/1877

# face 153
f 1879/1879/1879 1880/1880/1880 1888/1888/1888
f 1888/1888/1888 1880/1880/1880 1887/1887/1887
f 1880/1880/1880 1881/1881/1881 1887/1887/1887
f 1887/1887/1887 1881/1881/1881 1886/1886/1886
f 1886/1886/1886 1881/1881/1881 1885/1885/1885
f 1885/1885/1885 1881/1881/1881 1882/1882/1882
f 1885/1885/1885 1882/1882/1882 1884/1884/1884
f 1884/1884/1884 1882/1882/1882 1883/1883/1883

# face 154
f 1890/1890/1890 1891/1891/1891 1889/1889/1889
f 1889/1889/1889 1891/1891/1891 1892/1892/1892

# face 155
f 1902/1902/1902 1893/1893/1893 1901/1901/1901
f 1901/1901/1901 1893/1893/1893 1894/1894/1894
f 1901/1901/1901 1894/1894/1894 1895/1895/1895
f 1901/1901/1901 1895/1895/1895 1900/1900/1900
f 1900/1900/1900 1895/1895/1895 1896/1896/1896
f 1900/1900/1900 1896/1896/1896 1899/1899/1899
f 1899/1899/1899 1896/1896/1896 1898/1898/1898
f 1896/1896/1896 1897/1897/1897 1898/1898/1898

# face 156
f 1904/1904/1904 1905/1905/1905 1903/1903/1903
f 1903/1903/1903 1905/1905/1905 1906/1906/1906

# face 157
f 1907/1907/1907 1908/1908/1908 1914/1914/1914
f 1914/1914/1914 1908/1908/1908 1909/1909/1909
f 1914/1914/1914 1909/1909/1909 1913/1913/1913
f 1913/1913/1913 1909/1909/1909 1910/1910/1910
f 1913/1913/1913 1910/1910/1910 1912/1912/1912
f 1912/1912/1912 1910/1910/1910 1911/1911/1911

# face 158
f 1916/1916/1916 1917/1917/1917 1915/1915/1915
f 1915/1915/1915 1917/1917/1917 1918/1918/1918

# face 159
f 1919/1919/1919 1920/1920/1920 1934/1934/1934
f 1934/1934/1934 1920/1920/1920 1933/1933/1933
f 1920/1920/1920 1921/1921/1921 1933/1933/1933
f 1933/1933/1933 1921/1921/1921 1922/1922/1922
f 1933/1933/1933 1922/1922/1922 1923/1923/1923
f 1923/1923/1923 1924/1924/1924 1933/1933/1933
f 1933/1933/1933 1924/1924/1924 1925/1925/1925
f 1933/1933/1933 1925/1925/1925 1926/1926/1926
f 1933/1933/1933 1926/1926/1926 1932/1932/1932
f 1932/1932/1932 1926/1926/1926 1927/1927/1927
f 1932/1932/1932 1927/1927/1927 1928/1928/1928
f 1928/1928/1928 1929/1929/1929 1932/1932/1932
f 1932/1932/1932 1929/1929/1929 1930/1930/1930
f 1932/1932/1932 1930/1930/1930 1931/1931/1931

# face 160
f 1936/1936/1936 1937/1937/1937 1935/1935/1935
f 1935/1935/1935 1937/1937/1937 1938/1938/1938
f 1935/1935/1935 1938/1938/1938 1939/1939/1939
f 1939/1939/1939 1940/1940/1940 1935/1935/1935
f 1935/1935/1935 1940/1940/1940 1941/1941/1941

# face 161
f 1943/1943/1943 1944/1944/1944 1942/1942/1942
f 1942/1942/1942 1944/1944/1944 1945/1945/1945

# face 162
f 1946/1946/1946 1947/1947/1947 1953/1953/1953
f 1953/1953/1953 1947/1947/1947 1948/1948/1948
f 1953/1953/1953 1948/1948/1948 1952/1952/1952
f 1952/1952/1952 1948/1948/1948 1949/1949/1949
f 1952/1952/1952 1949/1949/1949 1951/1951/1951
f 1951/1951/1951 1949/1949/1949 1950/1950/1950

# face 163
f 1955/1955/1955 1956/1956/1956 1954/1954/1954
f 1954/1954/1954 1956/1956/1956 1957/1957/1957

# face 164
f 1958/1958/1958 1959/1959/1959 1967/1967/1967
f 1967/1967/1967 1959/1959/1959 1960/1960/1960
f 1967/1967/1967 1960/1960/1960 1961/1961/1961
f 1967/1967/1967 1961/1961/1961 1966/1966/1966
f 1966/1966/1966 1961/1961/1961 1962/1962/1962
f 1966/1966/1966 1962/1962/1962 1965/1965/1965
f 1965/1965/1965 1962/1962/1962 1964/1964/1964
f 1962/1962/1962 1963/1963/1963 1964/1964/1964

# face 165
f 1969/1969/1969 1970/1970/1970 1968/1968/1968
f 1968/1968/1968 1970/1970/1970 1971/1971/1971

# face 166
f 1972/1972/1972 1973/1973/1973 1981/1981/1981
f 1981/1981/1981 1973/1973/1973 1982/1982/1982
f 1983/1983/1983 1974/1974/1974 1980/1980/1980
f 1980/1980/1980 1974/1974/1974 1975/1975/1975
f 1980/1980/1980 1975/1975/1975 1976/1976/1976
f 1980/1980/1980 1976/1976/1976 1979/1979/1979
f 1979/1979/1979 1976/1976/1976 1977/1977/1977
f 1979/1979/1979 1977/1977/1977 1978/1978/1978

# face 167
f 1985/1985/1985 1986/1986/1986 1984/1984/1984
f 1984/1984/1984 1986/1986/1986 1987/1987/1987

# face 168
f 1988/1988/1988 1989/1989/1989 1995/1995/1995
f 1995/1995/1995 1989/1989/1989 1990/1990/1990
f 1995/1995/1995 1990/1990/1990 1994/1994/1994
f 1994/1994/1994 1990/1990/1990 1991/1991/1991
f 1994/1994/1994 1991/1991/1991 1993/1993/1993
f 1993/1993/1993 1991/1991/1991 1992/1992/1992

# face 169
f 1997/1997/1997 1998/1998/1998 1996/1996/1996
f 1996/1996/1996 1998/1998/1998 1999/1999/1999

# face 170
f 2001/2001/2001 2043/2043/2043 2000/2000/2000
f 2000/2000/2000 2043/2043/2043 2044/2044/2044
f 2000/2000/2000 2044/2044/2044 2040/2040/2040
f 2040/2040/2040 2044/2044/2044 2039/2039/2039
f 2001/2001/2001 2002/2002/2002 2043/2043/2043
f 2043/2043/2043 2002/2002/2002 2003/2003/2003
f 2043/2043/2043 2003/2003/2003 2004/2004/2004
f 2006/2006/2006 2152/2152/2152 2005/2005/2005
f 2005/2005/2005 2152/2152/2152 2153/2153/2153
f 2005/2005/2005 2153/2153/2153 2004/2004/2004
f 2004/2004/2004 2153/2153/2153 2042/2042/2042
f 2004/2004/2004 2042/2042/2042 2043/2043/2043
f 2006/2006/2006 2007/2007/2007 2152/2152/2152
f 2152/2152/2152 2007/2007/2007 2008/2008/2008
f 2152/2152/2152 2008/2008/2008 2009/2009/2009
f 2009/2009/2009 2010/2010/2010 2152/2152/2152
f 2152/2152/2152 2010/2010/2010 2151/2151/2151
f 2010/2010/2010 2011/2011/2011 2151/2151/2151
f 2151/2151/2151 2011/2011/2011 2012/2012/2012
f 2151/2151/2151 2012/2012/2012 2150/2150/2150
f 2150/2150/2150 2012/2012/2012 2013/2013/2013
f 2150/2150/2150 2013/2013/2013 2014/2014/2014
f 2145/2145/2145 2146/2146/2146 2015/2015/2015
f 2015/2015/2015 2146/2146/2146 2147/2147/2147
f 2015/2015/2015 2147/2147/2147 2014/2014/2014
f 2014/2014/2014 2147/2147/2147 2148/2148/2148
f 2014/2014/2014 2148/2148/2148 2149/2149/2149
f 2016/2016/2016 2017/2017/2017 2015/2015/2015
f 2015/2015/2015 2017/2017/2017 2018/2018/2018
f 2015/2015/2015 2018/2018/2018 2019/2019/2019
f 2015/2015/2015 2019/2019/2019 2143/2143/2143
f 2143/2143/2143 2019/2019/2019 2020/2020/2020
f 2143/2143/2143 2020/2020/2020 2023/2023/2023
f 2023/2023/2023 2020/2020/2020 2021/2021/2021
f 2023/2023/2023 2021/2021/2021 2022/2022/2022
f 2143/2143/2143 2023/2023/2023 2142/2142/2142
f 2142/2142/2142 2023/2023/2023 2024/2024/2024
f 2142/2142/2142 2024/2024/2024 2137/2137/2137
f 2137/2137/2137 2024/2024/2024 2136/2136/2136
f 2024/2024/2024 2025/2025/2025 2136/2136/2136
f 2136/2136/2136 2025/2025/2025 2135/2135/2135
f 2025/2025/2025 2026/2026/2026 2135/2135/2135
f 2135/2135/2135 2026/2026/2026 2134/2134/2134
f 2027/2027/2027 2132/2132/2132 2026/2026/2026
f 2026/2026/2026 2132/2132/2132 2133/2133/2133
f 2026/2026/2026 2133/2133/2133 2134/2134/2134
f 2027/2027/2027 2028/2028/2028 2132/2132/2132
f 2132/2132/2132 2028/2028/2028 2131/2131/2131
f 2028/2028/2028 2029/2029/2029 2131/2131/2131
f 2131/2131/2131 2029/2029/2029 2030/2030/2030
f 2131/2131/2131 2030/2030/2030 2031/2031/2031
f 2031/2031/2031 2032/2032/2032 2131/2131/2131
f 2131/2131/2131 2032/2032/2032 2033/2033/2033
f 2131/2131/2131 2033/2033/2033 2130/2130/2130
f 2130/2130/2130 2033/2033/2033 2129/2129/2129
f 2124/2124/2124 2125/2125/2125 2035/2035/2035
f 2035/2035/2035 2125/2125/2125 2126/2126/2126
f 2035/2035/2035 2126/2126/2126 2034/2034/2034
f 2034/2034/2034 2126/2126/2126 2127/2127/2127
f 2034/2034/2034 2127/2127/2127 2033/2033/2033
f 2033/2033/2033 2127/2127/2127 2128/2128/2128
f 2033/2033/2033 2128/2128/2128 2129/2129/2129
f 2120/2120/2120 2121/2121/2121 2036/2036/2036
f 2036/2036/2036 2121/2121/2121 2122/2122/2122
f 2036/2036/2036 2122/2122/2122 2035/2035/2035
f 2035/2035/2035 2122/2122/2122 2123/2123/2123
f 2035/2035/2035 2123/2123/2123 2124/2124/2124
f 2036/2036/2036 2037/2037/2037 2120/2120/2120
f 2120/2120/2120 2037/2037/2037 2119/2119/2119
f 2037/2037/2037 2038/2038/2038 2119/2119/2119
f 2119/2119/2119 2038/2038/2038 2118/2118/2118
f 2038/2038/2038 2039/2039/2039 2118/2118/2118
f 2118/2118/2118 2039/2039/2039 2044/2044/2044
f 2118/2118/2118 2044/2044/2044 2117/2117/2117
f 2117/2117/2117 2044/2044/2044 2116/2116/2116
f 2041/2041/2041 2042/2042/2042 2153/2153/2153
f 2044/2044/2044 2045/2045/2045 2116/2116/2116
f 2116/2116/2116 2045/2045/2045 2115/2115/2115
f 2111/2111/2111 2112/2112/2112 2046/2046/2046
f 2046/2046/2046 2112/2112/2112 2113/2113/2113
f 2046/2046/2046 2113/2113/2113 2045/2045/2045
f 2045/2045/2045 2113/2113/2113 2114/2114/2114
f 2045/2045/2045 2114/2114/2114 2115/2115/2115
f 2046/2046/2046 2047/2047/2047 2111/2111/2111
f 2111/2111/2111 2047/2047/2047 2110/2110/2110
f 2047/2047/2047 2048/2048/2048 2110/2110/2110
f 2110/2110/2110 2048/2048/2048 2049/2049/2049
f 2110/2110/2110 2049/2049/2049 2109/2109/2109
f 2109/2109/2109 2049/2049/2049 2050/2050/2050
f 2109/2109/2109 2050/2050/2050 2108/2108/2108
f 2108/2108/2108 2050/2050/2050 2051/2051/2051
f 2108/2108/2108 2051/2051/2051 2070/2070/2070
f 2070/2070/2070 2051/2051/2051 2052/2052/2052
f 2070/2070/2070 2052/2052/2052 2069/2069/2069
f 2069/2069/2069 2052/2052/2052 2053/2053/2053
f 2069/2069/2069 2053/2053/2053 2068/2068/2068
f 2068/2068/2068 2053/2053/2053 2054/2054/2054
f 2068/2068/2068 2054/2054/2054 2067/2067/2067
f 2067/2067/2067 2054/2054/2054 2064/2064/2064
f 2067/2067/2067 2064/2064/2064 2066/2066/2066
f 2066/2066/2066 2064/2064/2064 2065/2065/2065
f 2055/2055/2055 2056/2056/2056 2054/2054/2054
f 2054/2054/2054 2056/2056/2056 2064/2064/2064
f 2064/2064/2064 2056/2056/2056 2063/2063/2063
f 2063/2063/2063 2056/2056/2056 2057/2057/2057
f 2063/2063/2063 2057/2057/2057 2062/2062/2062
f 2062/2062/2062 2057/2057/2057 2061/2061/2061
f 2058/2058/2058 2059/2059/2059 2057/2057/2057
f 2057/2057/2057 2059/2059/2059 2060/2060/2060
f 2057/2057/2057 2060/2060/2060 2061/2061/2061
f 2108/2108/2108 2070/2070/2070 2107/2107/2107
f 2107/2107/2107 2070/2070/2070 2071/2071/2071
f 2107/2107/2107 2071/2071/2071 2072/2072/2072
f 2107/2107/2107 2072/2072/2072 2106/2106/2106
f 2106/2106/2106 2072/2072/2072 2073/2073/2073
f 2106/2106/2106 2073/2073/2073 2105/2105/2105
f 2105/2105/2105 2073/2073/2073 2074/2074/2074
f 2105/2105/2105 2074/2074/2074 2104/2104/2104
f 2104/2104/2104 2074/2074/2074 2075/2075/2075
f 2104/2104/2104 2075/2075/2075 2103/2103/2103
f 2103/2103/2103 2075/2075/2075 2076/2076/2076
f 2103/2103/2103 2076/2076/2076 2102/2102/2102
f 2102/2102/2102 2076/2076/2076 2077/2077/2077
f 2102/2102/2102 2077/2077/2077 2101/2101/2101
f 2101/2101/2101 2077/2077/2077 2078/2078/2078
f 2101/2101/2101 2078/2078/2078 2100/2100/2100
f 2100/2100/2100 2078/2078/2078 2079/2079/2079
f 2100/2100/2100 2079/2079/2079 2099/2099/2099
f 2099/2099/2099 2079/2079/2079 2080/2080/2080
f 2099/2099/2099 2080/2080/2080 2098/2098/2098
f 2098/2098/2098 2080/2080/2080 2081/2081/2081
f 2098/2098/2098 2081/2081/2081 2097/2097/2097
f 2097/2097/2097 2081/2081/2081 2088/2088/2088
f 2097/2097/2097 2088/2088/2088 2096/2096/2096
f 2096/2096/2096 2088/2088/2088 2095/2095/2095
f 2088/2088/2088 2081/2081/2081 2087/2087/2087
f 2087/2087/2087 2081/2081/2081 2082/2082/2082
f 2087/2087/2087 2082/2082/2082 2083/2083/2083
f 2083/2083/2083 2084/2084/2084 2087/2087/2087
f 2087/2087/2087 2084/2084/2084 2085/2085/2085
f 2087/2087/2087 2085/2085/2085 2086/2086/2086
f 2095/2095/2095 2088/2088/2088 2094/2094/2094
f 2094/2094/2094 2088/2088/2088 2089/2089/2089
f 2094/2094/2094 2089/2089/2089 2090/2090/2090
f 2090/2090/2090 2091/2091/2091 2094/2094/2094
f 2094/2094/2094 2091/2091/2091 2092/2092/2092
f 2094/2094/2094 2092/2092/2092 2093/2093/2093
f 2142/2142/2142 2137/2137/2137 2140/2140/2140
f 2140/2140/2140 2137/2137/2137 2138/2138/2138
f 2140/2140/2140 2138/2138/2138 2139/2139/2139
f 2140/2140/2140 2141/2141/2141 2142/2142/2142
f 2143/2143/2143 2144/2144/2144 2015/2015/2015
f 2015/2015/2015 2144/2144/2144 2145/2145/2145
f 2149/2149/2149 2150/2150/2150 2014/2014/2014

# face 171
f 2194/2194/2194 2195/2195/2195 2155/2155/2155
f 2155/2155/2155 2195/2195/2195 2196/2196/2196
f 2155/2155/2155 2196/2196/2196 2154/2154/2154
f 2154/2154/2154 2196/2196/2196 2197/2197/2197
f 2154/2154/2154 2197/2197/2197 2198/2198/2198
f 2156/2156/2156 2160/2160/2160 2155/2155/2155
f 2155/2155/2155 2160/2160/2160 2161/2161/2161
f 2155/2155/2155 2161/2161/2161 2193/2193/2193
f 2193/2193/2193 2161/2161/2161 2162/2162/2162
f 2193/2193/2193 2162/2162/2162 2192/2192/2192
f 2192/2192/2192 2162/2162/2162 2163/2163/2163
f 2192/2192/2192 2163/2163/2163 2164/2164/2164
f 2156/2156/2156 2157/2157/2157 2160/2160/2160
f 2160/2160/2160 2157/2157/2157 2159/2159/2159
f 2157/2157/2157 2158/2158/2158 2159/2159/2159
f 2192/2192/2192 2164/2164/2164 2191/2191/2191
f 2191/2191/2191 2164/2164/2164 2165/2165/2165
f 2191/2191/2191 2165/2165/2165 2190/2190/2190
f 2190/2190/2190 2165/2165/2165 2166/2166/2166
f 2190/2190/2190 2166/2166/2166 2189/2189/2189
f 2189/2189/2189 2166/2166/2166 2167/2167/2167
f 2189/2189/2189 2167/2167/2167 2186/2186/2186
f 2186/2186/2186 2167/2167/2167 2168/2168/2168
f 2186/2186/2186 2168/2168/2168 2185/2185/2185
f 2185/2185/2185 2168/2168/2168 2181/2181/2181
f 2185/2185/2185 2181/2181/2181 2183/2183/2183
f 2183/2183/2183 2181/2181/2181 2182/2182/2182
f 2168/2168/2168 2169/2169/2169 2181/2181/2181
f 2181/2181/2181 2169/2169/2169 2180/2180/2180
f 2169/2169/2169 2170/2170/2170 2180/2180/2180
f 2180/2180/2180 2170/2170/2170 2176/2176/2176
f 2180/2180/2180 2176/2176/2176 2179/2179/2179
f 2179/2179/2179 2176/2176/2176 2178/2178/2178
f 2171/2171/2171 2172/2172/2172 2170/2170/2170
f 2170/2170/2170 2172/2172/2172 2173/2173/2173
f 2170/2170/2170 2173/2173/2173 2174/2174/2174
f 2174/2174/2174 2175/2175/2175 2170/2170/2170
f 2170/2170/2170 2175/2175/2175 2176/2176/2176
f 2176/2176/2176 2177/2177/2177 2178/2178/2178
f 2183/2183/2183 2184/2184/2184 2185/2185/2185
f 2186/2186/2186 2187/2187/2187 2189/2189/2189
f 2189/2189/2189 2187/2187/2187 2188/2188/2188
f 2193/2193/2193 2194/2194/2194 2155/2155/2155
f 2198/2198/2198 2199/2199/2199 2154/2154/2154
f 2154/2154/2154 2199/2199/2199 2266/2266/2266
f 2199/2199/2199 2200/2200/2200 2266/2266/2266
f 2266/2266/2266 2200/2200/2200 2201/2201/2201
f 2266/2266/2266 2201/2201/2201 2265/2265/2265
f 2265/2265/2265 2201/2201/2201 2202/2202/2202
f 2265/2265/2265 2202/2202/2202 2264/2264/2264
f 2264/2264/2264 2202/2202/2202 2263/2263/2263
f 2202/2202/2202 2203/2203/2203 2263/2263/2263
f 2263/2263/2263 2203/2203/2203 2262/2262/2262
f 2203/2203/2203 2204/2204/2204 2262/2262/2262
f 2262/2262/2262 2204/2204/2204 2261/2261/2261
f 2261/2261/2261 2204/2204/2204 2242/2242/2242
f 2242/2242/2242 2204/2204/2204 2205/2205/2205
f 2242/2242/2242 2205/2205/2205 2241/2241/2241
f 2241/2241/2241 2205/2205/2205 2240/2240/2240
f 2205/2205/2205 2206/2206/2206 2240/2240/2240
f 2240/2240/2240 2206/2206/2206 2239/2239/2239
f 2206/2206/2206 2207/2207/2207 2239/2239/2239
f 2239/2239/2239 2207/2207/2207 2238/2238/2238
f 2207/2207/2207 2208/2208/2208 2238/2238/2238
f 2238/2238/2238 2208/2208/2208 2237/2237/2237
f 2208/2208/2208 2209/2209/2209 2237/2237/2237
f 2237/2237/2237 2209/2209/2209 2236/2236/2236
f 2209/2209/2209 2210/2210/2210 2236/2236/2236
f 2236/2236/2236 2210/2210/2210 2235/2235/2235
f 2210/2210/2210 2211/2211/2211 2235/2235/2235
f 2235/2235/2235 2211/2211/2211 2234/2234/2234
f 2211/2211/2211 2212/2212/2212 2234/2234/2234
f 2234/2234/2234 2212/2212/2212 2233/2233/2233
f 2212/2212/2212 2213/2213/2213 2233/2233/2233
f 2233/2233/2233 2213/2213/2213 2232/2232/2232
f 2213/2213/2213 2214/2214/2214 2232/2232/2232
f 2232/2232/2232 2214/2214/2214 2231/2231/2231
f 2214/2214/2214 2215/2215/2215 2231/2231/2231
f 2231/2231/2231 2215/2215/2215 2224/2224/2224
f 2231/2231/2231 2224/2224/2224 2225/2225/2225
f 2215/2215/2215 2216/2216/2216 2224/2224/2224
f 2224/2224/2224 2216/2216/2216 2217/2217/2217
f 2224/2224/2224 2217/2217/2217 2218/2218/2218
f 2219/2219/2219 2220/2220/2220 2218/2218/2218
f 2218/2218/2218 2220/2220/2220 2221/2221/2221
f 2218/2218/2218 2221/2221/2221 2222/2222/2222
f 2222/2222/2222 2223/2223/2223 2218/2218/2218
f 2218/2218/2218 2223/2223/2223 2224/2224/2224
f 2226/2226/2226 2227/2227/2227 2225/2225/2225
f 2225/2225/2225 2227/2227/2227 2228/2228/2228
f 2225/2225/2225 2228/2228/2228 2229/2229/2229
f 2229/2229/2229 2230/2230/2230 2225/2225/2225
f 2225/2225/2225 2230/2230/2230 2231/2231/2231
f 2261/2261/2261 2242/2242/2242 2260/2260/2260
f 2260/2260/2260 2242/2242/2242 2243/2243/2243
f 2260/2260/2260 2243/2243/2243 2259/2259/2259
f 2259/2259/2259 2243/2243/2243 2244/2244/2244
f 2259/2259/2259 2244/2244/2244 2258/2258/2258
f 2258/2258/2258 2244/2244/2244 2245/2245/2245
f 2258/2258/2258 2245/2245/2245 2248/2248/2248
f 2248/2248/2248 2245/2245/2245 2246/2246/2246
f 2248/2248/2248 2246/2246/2246 2247/2247/2247
f 2258/2258/2258 2248/2248/2248 2256/2256/2256
f 2256/2256/2256 2248/2248/2248 2249/2249/2249
f 2256/2256/2256 2249/2249/2249 2255/2255/2255
f 2255/2255/2255 2249/2249/2249 2250/2250/2250
f 2255/2255/2255 2250/2250/2250 2251/2251/2251
f 2251/2251/2251 2252/2252/2252 2255/2255/2255
f 2255/2255/2255 2252/2252/2252 2253/2253/2253
f 2255/2255/2255 2253/2253/2253 2254/2254/2254
f 2256/2256/2256 2257/2257/2257 2258/2258/2258

# face 172
f 2280/2280/2280 2267/2267/2267 2279/2279/2279
f 2279/2279/2279 2267/2267/2267 2268/2268/2268
f 2279/2279/2279 2268/2268/2268 2269/2269/2269
f 2279/2279/2279 2269/2269/2269 2278/2278/2278
f 2278/2278/2278 2269/2269/2269 2270/2270/2270
f 2278/2278/2278 2270/2270/2270 2277/2277/2277
f 2277/2277/2277 2270/2270/2270 2271/2271/2271
f 2277/2277/2277 2271/2271/2271 2276/2276/2276
f 2276/2276/2276 2271/2271/2271 2275/2275/2275
f 2271/2271/2271 2272/2272/2272 2275/2275/2275
f 2275/2275/2275 2272/2272/2272 2273/2273/2273
f 2275/2275/2275 2273/2273/2273 2274/2274/2274

# face 173
f 2281/2281/2281 2282/2282/2282 2284/2284/2284
f 2284/2284/2284 2282/2282/2282 2283/2283/2283

# face 174
f 2296/2296/2296 2285/2285/2285 2295/2295/2295
f 2295/2295/2295 2285/2285/2285 2286/2286/2286
f 2295/2295/2295 2286/2286/2286 2287/2287/2287
f 2295/2295/2295 2287/2287/2287 2294/2294/2294
f 2294/2294/2294 2287/2287/2287 2288/2288/2288
f 2294/2294/2294 2288/2288/2288 2293/2293/2293
f 2293/2293/2293 2288/2288/2288 2292/2292/2292
f 2288/2288/2288 2289/2289/2289 2292/2292/2292
f 2292/2292/2292 2289/2289/2289 2290/2290/2290
f 2292/2292/2292 2290/2290/2290 2291/2291/2291

# face 175
f 2297/2297/2297 2298/2298/2298 2316/2316/2316
f 2316/2316/2316 2298/2298/2298 2315/2315/2315
f 2315/2315/2315 2298/2298/2298 2314/2314/2314
f 2314/2314/2314 2298/2298/2298 2299/2299/2299
f 2314/2314/2314 2299/2299/2299 2300/2300/2300
f 2314/2314/2314 2300/2300/2300 2313/2313/2313
f 2313/2313/2313 2300/2300/2300 2301/2301/2301
f 2313/2313/2313 2301/2301/2301 2312/2312/2312
f 2312/2312/2312 2301/2301/2301 2311/2311/2311
f 2301/2301/2301 2317/2317/2317 2311/2311/2311
f 2318/2318/2318 2302/2302/2302 2310/2310/2310
f 2302/2302/2302 2303/2303/2303 2310/2310/2310
f 2310/2310/2310 2303/2303/2303 2304/2304/2304
f 2310/2310/2310 2304/2304/2304 2309/2309/2309
f 2309/2309/2309 2304/2304/2304 2305/2305/2305
f 2309/2309/2309 2305/2305/2305 2308/2308/2308
f 2308/2308/2308 2305/2305/2305 2306/2306/2306
f 2308/2308/2308 2306/2306/2306 2307/2307/2307

# face 176
f 2319/2319/2319 2320/2320/2320 2330/2330/2330
f 2330/2330/2330 2320/2320/2320 2329/2329/2329
f 2320/2320/2320 2321/2321/2321 2329/2329/2329
f 2329/2329/2329 2321/2321/2321 2328/2328/2328
f 2321/2321/2321 2322/2322/2322 2328/2328/2328
f 2328/2328/2328 2322/2322/2322 2327/2327/2327
f 2322/2322/2322 2323/2323/2323 2327/2327/2327
f 2327/2327/2327 2323/2323/2323 2326/2326/2326
f 2323/2323/2323 2324/2324/2324 2326/2326/2326
f 2326/2326/2326 2324/2324/2324 2325/2325/2325

# face 177
f 2331/2331/2331 2332/2332/2332 2334/2334/2334
f 2334/2334/2334 2332/2332/2332 2333/2333/2333

# face 178
f 2342/2342/2342 2335/2335/2335 2341/2341/2341
f 2341/2341/2341 2335/2335/2335 2336/2336/2336
f 2341/2341/2341 2336/2336/2336 2337/2337/2337
f 2338/2338/2338 2339/2339/2339 2337/2337/2337
f 2337/2337/2337 2339/2339/2339 2340/2340/2340
f 2337/2337/2337 2340/2340/2340 2341/2341/2341

# face 179
f 2343/2343/2343 2344/2344/2344 2346/2346/2346
f 2346/2346/2346 2344/2344/2344 2345/2345/2345

# face 180
f 2354/2354/2354 2347/2347/2347 2353/2353/2353
f 2353/2353/2353 2347/2347/2347 2348/2348/2348
f 2353/2353/2353 2348/2348/2348 2349/2349/2349
f 2350/2350/2350 2351/2351/2351 2349/2349/2349
f 2349/2349/2349 2351/2351/2351 2352/2352/2352
f 2349/2349/2349 2352/2352/2352 2353/2353/2353

# face 181
f 2355/2355/2355 2356/2356/2356 2358/2358/2358
f 2358/2358/2358 2356/2356/2356 2357/2357/2357

# face 182
f 2360/2360/2360 2361/2361/2361 2359/2359/2359
f 2359/2359/2359 2361/2361/2361 2362/2362/2362

# face 183
f 2364/2364/2364 2365/2365/2365 2363/2363/2363
f 2363/2363/2363 2365/2365/2365 2366/2366/2366

# face 184
f 2367/2367/2367 2368/2368/2368 2370/2370/2370
f 2370/2370/2370 2368/2368/2368 2369/2369/2369

# face 185
f 2372/2372/2372 2373/2373/2373 2371/2371/2371
f 2371/2371/2371 2373/2373/2373 2374/2374/2374

# face 186
f 2375/2375/2375 2376/2376/2376 2378/2378/2378
f 2378/2378/2378 2376/2376/2376 2377/2377/2377

# face 187
f 2388/2388/2388 2379/2379/2379 2387/2387/2387
f 2387/2387/2387 2379/2379/2379 2389/2389/2389
f 2390/2390/2390 2380/2380/2380 2381/2381/2381
f 2382/2382/2382 2385/2385/2385 2381/2381/2381
f 2381/2381/2381 2385/2385/2385 2386/2386/2386
f 2381/2381/2381 2386/2386/2386 2390/2390/2390
f 2382/2382/2382 2383/2383/2383 2385/2385/2385
f 2385/2385/2385 2383/2383/2383 2384/2384/2384

# face 188
f 2391/2391/2391 2392/2392/2392 2394/2394/2394
f 2394/2394/2394 2392/2392/2392 2393/2393/2393

# face 189
f 2404/2404/2404 2395/2395/2395 2403/2403/2403
f 2403/2403/2403 2395/2395/2395 2396/2396/2396
f 2403/2403/2403 2396/2396/2396 2397/2397/2397
f 2403/2403/2403 2397/2397/2397 2402/2402/2402
f 2402/2402/2402 2397/2397/2397 2398/2398/2398
f 2402/2402/2402 2398/2398/2398 2401/2401/2401
f 2401/2401/2401 2398/2398/2398 2400/2400/2400
f 2398/2398/2398 2399/2399/2399 2400/2400/2400

# face 190
f 2405/2405/2405 2406/2406/2406 2408/2408/2408
f 2408/2408/2408 2406/2406/2406 2407/2407/2407

# face 191
f 2420/2420/2420 2409/2409/2409 2419/2419/2419
f 2419/2419/2419 2409/2409/2409 2410/2410/2410
f 2419/2419/2419 2410/2410/2410 2411/2411/2411
f 2419/2419/2419 2411/2411/2411 2418/2418/2418
f 2418/2418/2418 2411/2411/2411 2412/2412/2412
f 2418/2418/2418 2412/2412/2412 2417/2417/2417
f 2417/2417/2417 2412/2412/2412 2413/2413/2413
f 2417/2417/2417 2413/2413/2413 2416/2416/2416
f 2416/2416/2416 2413/2413/2413 2414/2414/2414
f 2416/2416/2416 2414/2414/2414 2415/2415/2415

# face 192
f 2421/2421/2421 2422/2422/2422 2424/2424/2424
f 2424/2424/2424 2422/2422/2422 2423/2423/2423

# face 193
f 2434/2434/2434 2425/2425/2425 2433/2433/2433
f 2433/2433/2433 2425/2425/2425 2426/2426/2426
f 2433/2433/2433 2426/2426/2426 2427/2427/2427
f 2433/2433/2433 2427/2427/2427 2432/2432/2432
f 2432/2432/2432 2427/2427/2427 2428/2428/2428
f 2432/2432/2432 2428/2428/2428 2431/2431/2431
f 2431/2431/2431 2428/2428/2428 2430/2430/2430
f 2428/2428/2428 2429/2429/2429 2430/2430/2430

# face 194
f 2435/2435/2435 2436/2436/2436 2438/2438/2438
f 2438/2438/2438 2436/2436/2436 2437/2437/2437

# face 195
f 2448/2448/2448 2439/2439/2439 2447/2447/2447
f 2447/2447/2447 2439/2439/2439 2440/2440/2440
f 2447/2447/2447 2440/2440/2440 2441/2441/2441
f 2447/2447/2447 2441/2441/2441 2446/2446/2446
f 2446/2446/2446 2441/2441/2441 2442/2442/2442
f 2446/2446/2446 2442/2442/2442 2445/2445/2445
f 2445/2445/2445 2442/2442/2442 2444/2444/2444
f 2442/2442/2442 2443/2443/2443 2444/2444/2444

# face 196
f 2449/2449/2449 2450/2450/2450 2452/2452/2452
f 2452/2452/2452 2450/2450/2450 2451/2451/2451

# face 197
f 2460/2460/2460 2453/2453/2453 2459/2459/2459
f 2459/2459/2459 2453/2453/2453 2462/2462/2462
f 2461/2461/2461 2454/2454/2454 2458/2458/2458
f 2458/2458/2458 2454/2454/2454 2455/2455/2455
f 2458/2458/2458 2455/2455/2455 2456/2456/2456
f 2456/2456/2456 2457/2457/2457 2458/2458/2458

# face 198
f 2463/2463/2463 2464/2464/2464 2466/2466/2466
f 2466/2466/2466 2464/2464/2464 2465/2465/2465

# face 199
f 2484/2484/2484 2467/2467/2467 2483/2483/2483
f 2483/2483/2483 2467/2467/2467 2468/2468/2468
f 2483/2483/2483 2468/2468/2468 2469/2469/2469
f 2483/2483/2483 2469/2469/2469 2482/2482/2482
f 2482/2482/2482 2469/2469/2469 2470/2470/2470
f 2482/2482/2482 2470/2470/2470 2481/2481/2481
f 2481/2481/2481 2470/2470/2470 2480/2480/2480
f 2470/2470/2470 2471/2471/2471 2480/2480/2480
f 2480/2480/2480 2471/2471/2471 2472/2472/2472
f 2480/2480/2480 2472/2472/2472 2479/2479/2479
f 2479/2479/2479 2472/2472/2472 2473/2473/2473
f 2479/2479/2479 2473/2473/2473 2478/2478/2478
f 2478/2478/2478 2473/2473/2473 2474/2474/2474
f 2478/2478/2478 2474/2474/2474 2477/2477/2477
f 2477/2477/2477 2474/2474/2474 2476/2476/2476
f 2474/2474/2474 2475/2475/2475 2476/2476/2476

# face 200
f 2485/2485/2485 2486/2486/2486 2504/2504/2504
f 2504/2504/2504 2486/2486/2486 2503/2503/2503
f 2486/2486/2486 2487/2487/2487 2503/2503/2503
f 2503/2503/2503 2487/2487/2487 2502/2502/2502
f 2487/2487/2487 2488/2488/2488 2502/2502/2502
f 2502/2502/2502 2488/2488/2488 2501/2501/2501
f 2488/2488/2488 2489/2489/2489 2501/2501/2501
f 2501/2501/2501 2489/2489/2489 2500/2500/2500
f 2489/2489/2489 2490/2490/2490 2500/2500/2500
f 2500/2500/2500 2490/2490/2490 2499/2499/2499
f 2490/2490/2490 2491/2491/2491 2499/2499/2499
f 2499/2499/2499 2491/2491/2491 2498/2498/2498
f 2491/2491/2491 2492/2492/2492 2498/2498/2498
f 2498/2498/2498 2492/2492/2492 2497/2497/2497
f 2492/2492/2492 2493/2493/2493 2497/2497/2497
f 2497/2497/2497 2493/2493/2493 2496/2496/2496
f 2493/2493/2493 2494/2494/2494 2496/2496/2496
f 2496/2496/2496 2494/2494/2494 2495/2495/2495

# face 201
f 2505/2505/2505 2506/2506/2506 2522/2522/2522
f 2522/2522/2522 2506/2506/2506 2521/2521/2521
f 2506/2506/2506 2507/2507/2507 2521/2521/2521
f 2521/2521/2521 2507/2507/2507 2520/2520/2520
f 2507/2507/2507 2508/2508/2508 2520/2520/2520
f 2520/2520/2520 2508/2508/2508 2519/2519/2519
f 2508/2508/2508 2523/2523/2523 2519/2519/2519
f 2519/2519/2519 2523/2523/2523 2518/2518/2518
f 2524/2524/2524 2509/2509/2509 2517/2517/2517
f 2517/2517/2517 2509/2509/2509 2510/2510/2510
f 2517/2517/2517 2510/2510/2510 2511/2511/2511
f 2517/2517/2517 2511/2511/2511 2516/2516/2516
f 2516/2516/2516 2511/2511/2511 2512/2512/2512
f 2516/2516/2516 2512/2512/2512 2515/2515/2515
f 2515/2515/2515 2512/2512/2512 2513/2513/2513
f 2515/2515/2515 2513/2513/2513 2514/2514/2514

# face 202
f 2532/2532/2532 2525/2525/2525 2531/2531/2531
f 2531/2531/2531 2525/2525/2525 2526/2526/2526
f 2531/2531/2531 2526/2526/2526 2530/2530/2530
f 2530/2530/2530 2526/2526/2526 2527/2527/2527
f 2530/2530/2530 2527/2527/2527 2529/2529/2529
f 2529/2529/2529 2527/2527/2527 2528/2528/2528

# face 203
f 2533/2533/2533 2534/2534/2534 2544/2544/2544
f 2544/2544/2544 2534/2534/2534 2543/2543/2543
f 2543/2543/2543 2534/2534/2534 2542/2542/2542
f 2542/2542/2542 2534/2534/2534 2535/2535/2535
f 2542/2542/2542 2535/2535/2535 2536/2536/2536
f 2542/2542/2542 2536/2536/2536 2541/2541/2541
f 2541/2541/2541 2536/2536/2536 2537/2537/2537
f 2541/2541/2541 2537/2537/2537 2540/2540/2540
f 2540/2540/2540 2537/2537/2537 2539/2539/2539
f 2537/2537/2537 2538/2538/2538 2539/2539/2539

# face 204
f 2545/2545/2545 2546/2546/2546 2560/2560/2560
f 2560/2560/2560 2546/2546/2546 2559/2559/2559
f 2559/2559/2559 2546/2546/2546 2557/2557/2557
f 2557/2557/2557 2546/2546/2546 2547/2547/2547
f 2557/2557/2557 2547/2547/2547 2556/2556/2556
f 2556/2556/2556 2547/2547/2547 2548/2548/2548
f 2556/2556/2556 2548/2548/2548 2555/2555/2555
f 2555/2555/2555 2548/2548/2548 2549/2549/2549
f 2555/2555/2555 2549/2549/2549 2554/2554/2554
f 2554/2554/2554 2549/2549/2549 2551/2551/2551
f 2554/2554/2554 2551/2551/2551 2552/2552/2552
f 2549/2549/2549 2550/2550/2550 2551/2551/2551
f 2552/2552/2552 2553/2553/2553 2554/2554/2554
f 2557/2557/2557 2558/2558/2558 2559/2559/2559

# face 205
f 2572/2572/2572 2561/2561/2561 2571/2571/2571
f 2571/2571/2571 2561/2561/2561 2562/2562/2562
f 2571/2571/2571 2562/2562/2562 2563/2563/2563
f 2571/2571/2571 2563/2563/2563 2570/2570/2570
f 2570/2570/2570 2563/2563/2563 2564/2564/2564
f 2570/2570/2570 2564/2564/2564 2569/2569/2569
f 2569/2569/2569 2564/2564/2564 2568/2568/2568
f 2564/2564/2564 2565/2565/2565 2568/2568/2568
f 2568/2568/2568 2565/2565/2565 2566/2566/2566
f 2568/2568/2568 2566/2566/2566 2567/2567/2567

# face 206
f 2590/2590/2590 2573/2573/2573 2594/2594/2594
f 2594/2594/2594 2573/2573/2573 2574/2574/2574
f 2594/2594/2594 2574/2574/2574 2593/2593/2593
f 2593/2593/2593 2574/2574/2574 2575/2575/2575
f 2593/2593/2593 2575/2575/2575 2576/2576/2576
f 2593/2593/2593 2576/2576/2576 2592/2592/2592
f 2592/2592/2592 2576/2576/2576 2577/2577/2577
f 2592/2592/2592 2577/2577/2577 2591/2591/2591
f 2591/2591/2591 2577/2577/2577 2578/2578/2578
f 2591/2591/2591 2578/2578/2578 2579/2579/2579
f 2591/2591/2591 2579/2579/2579 2595/2595/2595
f 2595/2595/2595 2579/2579/2579 2580/2580/2580
f 2595/2595/2595 2580/2580/2580 2581/2581/2581
f 2595/2595/2595 2581/2581/2581 2599/2599/2599
f 2599/2599/2599 2581/2581/2581 2582/2582/2582
f 2599/2599/2599 2582/2582/2582 2583/2583/2583
f 2599/2599/2599 2583/2583/2583 2600/2600/2600
f 2600/2600/2600 2583/2583/2583 2584/2584/2584
f 2600/2600/2600 2584/2584/2584 2601/2601/2601
f 2601/2601/2601 2584/2584/2584 2585/2585/2585
f 2601/2601/2601 2585/2585/2585 2586/2586/2586
f 2601/2601/2601 2586/2586/2586 2602/2602/2602
f 2602/2602/2602 2586/2586/2586 2587/2587/2587
f 2602/2602/2602 2587/2587/2587 2588/2588/2588
f 2602/2602/2602 2588/2588/2588 2598/2598/2598
f 2598/2598/2598 2588/2588/2588 2589/2589/2589
f 2598/2598/2598 2589/2589/2589 2590/2590/2590
f 2592/2592/2592 2591/2591/2591 2596/2596/2596
f 2596/2596/2596 2591/2591/2591 2595/2595/2595
f 2596/2596/2596 2595/2595/2595 2600/2600/2600
f 2600/2600/2600 2595/2595/2595 2599/2599/2599
f 2593/2593/2593 2592/2592/2592 2597/2597/2597
f 2597/2597/2597 2592/2592/2592 2596/2596/2596
f 2597/2597/2597 2596/2596/2596 2601/2601/2601
f 2601/2601/2601 2596/2596/2596 2600/2600/2600
f 2594/2594/2594 2593/2593/2593 2598/2598/2598
f 2598/2598/2598 2593/2593/2593 2597/2597/2597
f 2598/2598/2598 2597/2597/2597 2602/2602/2602
f 2602/2602/2602 2597/2597/2597 2601/2601/2601
f 2594/2594/2594 2598/2598/2598 2590/2590/2590

# face 207
f 2614/2614/2614 2603/2603/2603 2613/2613/2613
f 2613/2613/2613 2603/2603/2603 2604/2604/2604
f 2613/2613/2613 2604/2604/2604 2605/2605/2605
f 2613/2613/2613 2605/2605/2605 2612/2612/2612
f 2612/2612/2612 2605/2605/2605 2606/2606/2606
f 2612/2612/2612 2606/2606/2606 2611/2611/2611
f 2611/2611/2611 2606/2606/2606 2610/2610/2610
f 2606/2606/2606 2607/2607/2607 2610/2610/2610
f 2610/2610/2610 2607/2607/2607 2608/2608/2608
f 2610/2610/2610 2608/2608/2608 2609/2609/2609

# face 208
f 2632/2632/2632 2615/2615/2615 2636/2636/2636
f 2636/2636/2636 2615/2615/2615 2616/2616/2616
f 2636/2636/2636 2616/2616/2616 2635/2635/2635
f 2635/2635/2635 2616/2616/2616 2617/2617/2617
f 2635/2635/2635 2617/2617/2617 2618/2618/2618
f 2635/2635/2635 2618/2618/2618 2634/2634/2634
f 2634/2634/2634 2618/2618/2618 2619/2619/2619
f 2634/2634/2634 2619/2619/2619 2633/2633/2633
f 2633/2633/2633 2619/2619/2619 2620/2620/2620
f 2633/2633/2633 2620/2620/2620 2621/2621/2621
f 2633/2633/2633 2621/2621/2621 2637/2637/2637
f 2637/2637/2637 2621/2621/2621 2622/2622/2622
f 2637/2637/2637 2622/2622/2622 2623/2623/2623
f 2637/2637/2637 2623/2623/2623 2641/2641/2641
f 2641/2641/2641 2623/2623/2623 2624/2624/2624
f 2641/2641/2641 2624/2624/2624 2625/2625/2625
f 2641/2641/2641 2625/2625/2625 2642/2642/2642
f 2642/2642/2642 2625/2625/2625 2626/2626/2626
f 2642/2642/2642 2626/2626/2626 2643/2643/2643
f 2643/2643/2643 2626/2626/2626 2627/2627/2627
f 2643/2643/2643 2627/2627/2627 2628/2628/2628
f 2643/2643/2643 2628/2628/2628 2644/2644/2644
f 2644/2644/2644 2628/2628/2628 2629/2629/2629
f 2644/2644/2644 2629/2629/2629 2630/2630/2630
f 2644/2644/2644 2630/2630/2630 2640/2640/2640
f 2640/2640/2640 2630/2630/2630 2631/2631/2631
f 2640/2640/2640 2631/2631/2631 2632/2632/2632
f 2634/2634/2634 2633/2633/2633 2638/2638/2638
f 2638/2638/2638 2633/2633/2633 2637/2637/2637
f 2638/2638/2638 2637/2637/2637 2642/2642/2642
f 2642/2642/2642 2637/2637/2637 2641/2641/2641
f 2635/2635/2635 2634/2634/2634 2639/2639/2639
f 2639/2639/2639 2634/2634/2634 2638/2638/2638
f 2639/2639/2639 2638/2638/2638 2643/2643/2643
f 2643/2643/2643 2638/2638/2638 2642/2642/2642
f 2636/2636/2636 2635/2635/2635 2640/2640/2640
f 2640/2640/2640 2635/2635/2635 2639/2639/2639
f 2640/2640/2640 2639/2639/2639 2644/2644/2644
f 2644/2644/2644 2639/2639/2639 2643/2643/2643
f 2636/2636/2636 2640/2640/2640 2632/2632/2632

# face 209
f 2656/2656/2656 2645/2645/2645 2655/2655/2655
f 2655/2655/2655 2645/2645/2645 2646/2646/2646
f 2655/2655/2655 2646/2646/2646 2647/2647/2647
f 2655/2655/2655 2647/2647/2647 2654/2654/2654
f 2654/2654/2654 2647/2647/2647 2648/2648/2648
f 2654/2654/2654 2648/2648/2648 2653/2653/2653
f 2653/2653/2653 2648/2648/2648 2652/2652/2652
f 2648/2648/2648 2649/2649/2649 2652/2652/2652
f 2652/2652/2652 2649/2649/2649 2650/2650/2650
f 2652/2652/2652 2650/2650/2650 2651/2651/2651

# face 210
f 2672/2672/2672 2657/2657/2657 2676/2676/2676
f 2676/2676/2676 2657/2657/2657 2658/2658/2658
f 2676/2676/2676 2658/2658/2658 2675/2675/2675
f 2675/2675/2675 2658/2658/2658 2659/2659/2659
f 2675/2675/2675 2659/2659/2659 2660/2660/2660
f 2675/2675/2675 2660/2660/2660 2674/2674/2674
f 2674/2674/2674 2660/2660/2660 2661/2661/2661
f 2674/2674/2674 2661/2661/2661 2673/2673/2673
f 2673/2673/2673 2661/2661/2661 2662/2662/2662
f 2673/2673/2673 2662/2662/2662 2663/2663/2663
f 2663/2663/2663 2664/2664/2664 2673/2673/2673
f 2673/2673/2673 2664/2664/2664 2666/2666/2666
f 2673/2673/2673 2666/2666/2666 2674/2674/2674
f 2674/2674/2674 2666/2666/2666 2667/2667/2667
f 2674/2674/2674 2667/2667/2667 2675/2675/2675
f 2675/2675/2675 2667/2667/2667 2668/2668/2668
f 2675/2675/2675 2668/2668/2668 2669/2669/2669
f 2664/2664/2664 2665/2665/2665 2666/2666/2666
f 2670/2670/2670 2671/2671/2671 2669/2669/2669
f 2669/2669/2669 2671/2671/2671 2676/2676/2676
f 2669/2669/2669 2676/2676/2676 2675/2675/2675
f 2671/2671/2671 2672/2672/2672 2676/2676/2676

# face 211
f 2680/2680/2680 2681/2681/2681 2679/2679/2679
f 2679/2679/2679 2681/2681/2681 2682/2682/2682
f 2679/2679/2679 2682/2682/2682 2678/2678/2678
f 2678/2678/2678 2682/2682/2682 2683/2683/2683
f 2678/2678/2678 2683/2683/2683 2677/2677/2677
f 2677/2677/2677 2683/2683/2683 2684/2684/2684
f 2677/2677/2677 2684/2684/2684 2690/2690/2690
f 2690/2690/2690 2684/2684/2684 2689/2689/2689
f 2684/2684/2684 2685/2685/2685 2689/2689/2689
f 2689/2689/2689 2685/2685/2685 2688/2688/2688
f 2685/2685/2685 2686/2686/2686 2688/2688/2688
f 2688/2688/2688 2686/2686/2686 2687/2687/2687

# face 212
f 2698/2698/2698 2691/2691/2691 2697/2697/2697
f 2697/2697/2697 2691/2691/2691 2692/2692/2692
f 2697/2697/2697 2692/2692/2692 2696/2696/2696
f 2696/2696/2696 2692/2692/2692 2693/2693/2693
f 2696/2696/2696 2693/2693/2693 2695/2695/2695
f 2695/2695/2695 2693/2693/2693 2694/2694/2694

# face 213
f 2699/2699/2699 2700/2700/2700 2702/2702/2702
f 2702/2702/2702 2700/2700/2700 2701/2701/2701

# face 214
f 2703/2703/2703 2704/2704/2704 2706/2706/2706
f 2706/2706/2706 2704/2704/2704 2705/2705/2705

# face 215
f 2708/2708/2708 2709/2709/2709 2707/2707/2707
f 2707/2707/2707 2709/2709/2709 2710/2710/2710
f 2707/2707/2707 2710/2710/2710 2712/2712/2712
f 2712/2712/2712 2710/2710/2710 2711/2711/2711

# face 216
f 2713/2713/2713 2714/2714/2714 2718/2718/2718
f 2718/2718/2718 2714/2714/2714 2717/2717/2717
f 2714/2714/2714 2715/2715/2715 2717/2717/2717
f 2717/2717/2717 2715/2715/2715 2716/2716/2716

# face 217
f 2720/2720/2720 2721/2721/2721 2719/2719/2719
f 2719/2719/2719 2721/2721/2721 2722/2722/2722

# face 218
f 2723/2723/2723 2724/2724/2724 2728/2728/2728
f 2728/2728/2728 2724/2724/2724 2727/2727/2727
f 2724/2724/2724 2725/2725/2725 2727/2727/2727
f 2727/2727/2727 2725/2725/2725 2726/2726/2726

# face 219
f 2730/2730/2730 2731/2731/2731 2729/2729/2729
f 2729/2729/2729 2731/2731/2731 2732/2732/2732
f 2729/2729/2729 2732/2732/2732 2734/2734/2734
f 2734/2734/2734 2732/2732/2732 2733/2733/2733

# face 220
f 2735/2735/2735 2736/2736/2736 2738/2738/2738
f 2738/2738/2738 2736/2736/2736 2737/2737/2737

# face 221
f 2740/2740/2740 2741/2741/2741 2739/2739/2739
f 2739/2739/2739 2741/2741/2741 2742/2742/2742

# face 222
f 2744/2744/2744 2745/2745/2745 2743/2743/2743
f 2743/2743/2743 2745/2745/2745 2746/2746/2746

# face 223
f 2747/2747/2747 2748/2748/2748 2750/2750/2750
f 2750/2750/2750 2748/2748/2748 2749/2749/2749

# face 224
f 2752/2752/2752 2753/2753/2753 2751/2751/2751
f 2751/2751/2751 2753/2753/2753 2754/2754/2754

# face 225
f 2756/2756/2756 2757/2757/2757 2755/2755/2755
f 2755/2755/2755 2757/2757/2757 2758/2758/2758

# face 226
f 2759/2759/2759 2760/2760/2760 2766/2766/2766
f 2766/2766/2766 2760/2760/2760 2768/2768/2768
f 2767/2767/2767 2761/2761/2761 2762/2762/2762
f 2767/2767/2767 2762/2762/2762 2765/2765/2765
f 2765/2765/2765 2762/2762/2762 2763/2763/2763
f 2765/2765/2765 2763/2763/2763 2764/2764/2764

# face 227
f 2770/2770/2770 2771/2771/2771 2769/2769/2769
f 2769/2769/2769 2771/2771/2771 2772/2772/2772

# face 228
f 2774/2774/2774 2775/2775/2775 2773/2773/2773
f 2773/2773/2773 2775/2775/2775 2782/2782/2782
f 2775/2775/2775 2776/2776/2776 2782/2782/2782
f 2782/2782/2782 2776/2776/2776 2781/2781/2781
f 2776/2776/2776 2777/2777/2777 2781/2781/2781
f 2781/2781/2781 2777/2777/2777 2780/2780/2780
f 2778/2778/2778 2779/2779/2779 2777/2777/2777
f 2777/2777/2777 2779/2779/2779 2780/2780/2780

# 365bucket\Bucket_mesh (2)
v 858.604669570923 63.4082108736038 -710.558354854584
v 858.604669570923 -66.5917918086052 -710.558354854584
v 865.382313728333 -66.5917918086052 -729.374945163727
v 865.382313728333 63.4082108736038 -729.374945163727
v 858.604669570923 -66.5917918086052 -710.558354854584
v 838.133215904236 -138.504356145859 -717.932105064392
v 823.406875133514 -211.988151073456 -723.236441612244
v 814.529359340668 -286.52560710907 -726.434051990509
v 811.563193798065 -361.591786146164 -727.502405643463
v 814.529359340668 -436.657965183258 -726.434051990509
v 823.406875133514 -511.195421218872 -723.236441612244
v 838.133215904236 -584.679245948792 -717.932105064392
v 858.604669570923 -656.591773033142 -710.558354854584
v 865.382313728333 -656.591773033142 -729.374945163727
v 844.910800457001 -584.679245948792 -736.74863576889
v 830.184459686279 -511.195421218872 -742.053031921387
v 821.306943893433 -436.657965183258 -745.250642299652
v 818.340837955475 -361.591786146164 -746.318995952606
v 821.306943893433 -286.52560710907 -745.250642299652
v 830.184459686279 -211.988151073456 -742.053031921387
v 844.910800457001 -138.504356145859 -736.74863576889
v 865.382313728333 -66.5917918086052 -729.374945163727
v 858.604669570923 653.408229351044 -710.558354854584
v 838.133215904236 581.495642662048 -717.932105064392
v 823.406875133514 508.011877536774 -723.236441612244
v 814.529359340668 433.474391698837 -726.434051990509
v 811.563193798065 358.408212661743 -727.502405643463
v 814.529359340668 283.342033624649 -726.434051990509
v 823.406875133514 208.804562687874 -723.236441612244
v 838.133215904236 135.320767760277 -717.932105064392
v 858.604669570923 63.4082108736038 -710.558354854584
v 865.382313728333 63.4082108736038 -729.374945163727
v 844.910800457001 135.320767760277 -736.74863576889
v 830.184459686279 208.804562687874 -742.053031921387
v 821.306943893433 283.342033624649 -745.250642299652
v 818.340837955475 358.408212661743 -746.318995952606
v 821.306943893433 433.474391698837 -745.250642299652
v 830.184459686279 508.011877536774 -742.053031921387
v 844.910800457001 581.495642662048 -736.74863576889
v 865.382313728333 653.408229351044 -729.374945163727
v 858.604669570923 -656.591773033142 -710.558354854584
v 745.813429355621 -656.591773033142 -751.185059547424
v 752.591073513031 -656.591773033142 -770.001649856567
v 865.382313728333 -656.591773033142 -729.374945163727
v 745.813429355621 -656.591773033142 -751.185059547424
v 745.813429355621 653.408229351044 -751.185059547424
v 752.591073513031 653.408229351044 -770.001649856567
v 752.591073513031 -656.591773033142 -770.001649856567
v 745.813429355621 653.408229351044 -751.185059547424
v 858.604669570923 653.408229351044 -710.558354854584
v 865.382313728333 653.408229351044 -729.374945163727
v 752.591073513031 653.408229351044 -770.001649856567
v 865.382313728333 653.408229351044 -729.374945163727
v 844.910800457001 581.495642662048 -736.74863576889
v 830.184459686279 508.011877536774 -742.053031921387
v 821.306943893433 433.474391698837 -745.250642299652
v 818.340837955475 358.408212661743 -746.318995952606
v 821.306943893433 283.342033624649 -745.250642299652
v 830.184459686279 208.804562687874 -742.053031921387
v 844.910800457001 135.320767760277 -736.74863576889
v 865.382313728333 63.4082108736038 -729.374945163727
v 865.382313728333 -66.5917918086052 -729.374945163727
v 844.910800457001 -138.504356145859 -736.74863576889
v 830.184459686279 -211.988151073456 -742.053031921387
v 821.306943893433 -286.52560710907 -745.250642299652
v 818.340837955475 -361.591786146164 -746.318995952606
v 821.306943893433 -436.657965183258 -745.250642299652
v 830.184459686279 -511.195421218872 -742.053031921387
v 844.910800457001 -584.679245948792 -736.74863576889
v 865.382313728333 -656.591773033142 -729.374945163727
v 752.591073513031 -656.591773033142 -770.001649856567
v 752.591073513031 653.408229351044 -770.001649856567
v 858.604669570923 63.4082108736038 -710.558354854584
v 838.133215904236 135.320767760277 -717.932105064392
v 823.406875133514 208.804562687874 -723.236441612244
v 814.529359340668 283.342033624649 -726.434051990509
v 811.563193798065 358.408212661743 -727.502405643463
v 814.529359340668 433.474391698837 -726.434051990509
v 823.406875133514 508.011877536774 -723.236441612244
v 838.133215904236 581.495642662048 -717.932105064392
v 858.604669570923 653.408229351044 -710.558354854584
v 745.813429355621 653.408229351044 -751.185059547424
v 745.813429355621 -656.591773033142 -751.185059547424
v 858.604669570923 -656.591773033142 -710.558354854584
v 838.133215904236 -584.679245948792 -717.932105064392
v 823.406875133514 -511.195421218872 -723.236441612244
v 814.529359340668 -436.657965183258 -726.434051990509
v 811.563193798065 -361.591786146164 -727.502405643463
v 814.529359340668 -286.52560710907 -726.434051990509
v 823.406875133514 -211.988151073456 -723.236441612244
v 838.133215904236 -138.504356145859 -717.932105064392
v 858.604669570923 -66.5917918086052 -710.558354854584
vn 0.940829281464301 -4.04795095833104E-13 0.338880898162418
vn 0.940829281464301 -4.04795095833104E-13 0.338880898162418
vn 0.940829281464301 -4.04795095833104E-13 0.338880898162418
vn 0.940829281464301 -4.04795095833104E-13 0.338880898162418
vn 0.88828367157475 -0.329516888268038 0.319954276670637
vn 0.911150434567938 -0.249190101270131 0.328190766194968
vn 0.92759986353597 -0.16710822576413 0.334115749479151
vn 0.937516098742243 -0.083849393322174 0.337687494347404
vn 0.940829281464301 -4.04506020427505E-13 0.338880898162418
vn 0.937516098742243 0.083849393322174 0.337687494347404
vn 0.92759986353597 0.16710822576413 0.334115749479151
vn 0.911150434567938 0.249190101270131 0.328190766194968
vn 0.88828367157475 0.329516888268038 0.319954276670637
vn 0.88828367157475 0.329516888268038 0.319954276670637
vn 0.911150434567938 0.249190101270131 0.328190766194968
vn 0.92759986353597 0.16710822576413 0.334115749479151
vn 0.937516098742243 0.083849393322174 0.337687494347404
vn 0.940829281464301 -4.04529195249051E-13 0.338880898162418
vn 0.937516098742243 -0.083849393322174 0.337687494347404
vn 0.92759986353597 -0.16710822576413 0.334115749479151
vn 0.911150434567938 -0.249190101270131 0.328190766194968
vn 0.88828367157475 -0.329516888268038 0.319954276670637
vn 0.88828367157475 -0.329516888268038 0.319954276670637
vn 0.911150434567938 -0.249190101270131 0.328190766194968
vn 0.92759986353597 -0.16710822576413 0.334115749479151
vn 0.937516098742243 -0.083849393322174 0.337687494347404
vn 0.940829281464301 -4.04444004062947E-13 0.338880898162418
vn 0.937516098742243 0.083849393322174 0.337687494347404
vn 0.92759986353597 0.16710822576413 0.334115749479151
vn 0.911150434567938 0.249190101270131 0.328190766194968
vn 0.88828367157475 0.329516888268038 0.319954276670637
vn 0.88828367157475 0.329516888268038 0.319954276670637
vn 0.911150434567938 0.249190101270131 0.328190766194968
vn 0.92759986353597 0.16710822576413 0.334115749479151
vn 0.937516098742243 0.083849393322174 0.337687494347404
vn 0.940829281464301 -4.04529195249051E-13 0.338880898162418
vn 0.937516098742243 -0.083849393322174 0.337687494347404
vn 0.92759986353597 -0.16710822576413 0.334115749479151
vn 0.911150434567938 -0.249190101270131 0.328190766194968
vn 0.88828367157475 -0.329516888268038 0.319954276670637
vn -4.28999988744821E-13 -1 -3.26943875618435E-15
vn -4.28999988744821E-13 -1 -3.26943875618435E-15
vn -4.28999988744821E-13 -1 -3.26943875618435E-15
vn -4.28999988744821E-13 -1 -3.26943875618435E-15
vn -0.940829281464301 4.04836187095635E-13 -0.338880898162418
vn -0.940829281464301 4.04836187095635E-13 -0.338880898162418
vn -0.940829281464301 4.04836187095635E-13 -0.338880898162418
vn -0.940829281464301 4.04836187095635E-13 -0.338880898162418
vn 4.28999988744821E-13 1 3.26943875618435E-15
vn 4.28999988744821E-13 1 3.26943875618435E-15
vn 4.28999988744821E-13 1 3.26943875618435E-15
vn 4.28999988744821E-13 1 3.26943875618435E-15
vn 0.338880898162418 -1.42590163980319E-13 -0.940829281464301
vn 0.338880898162418 -1.42590163980319E-13 -0.940829281464301
vn 0.338880898162418 -1.42590163980319E-13 -0.940829281464301
vn 0.338880898162418 -1.42590163980319E-13 -0.940829281464301
vn 0.338880898162418 -1.42590163980319E-13 -0.940829281464301
vn 0.338880898162418 -1.42590163980319E-13 -0.940829281464301
vn 0.338880898162418 -1.42590163980319E-13 -0.940829281464301
vn 0.338880898162418 -1.42590163980319E-13 -0.940829281464301
vn 0.338880898162418 -1.42590163980319E-13 -0.940829281464301
vn 0.338880898162418 -1.42590163980319E-13 -0.940829281464301
vn 0.338880898162418 -1.42590163980319E-13 -0.940829281464301
vn 0.338880898162418 -1.42590163980319E-13 -0.940829281464301
vn 0.338880898162418 -1.42590163980319E-13 -0.940829281464301
vn 0.338880898162418 -1.42590163980319E-13 -0.940829281464301
vn 0.338880898162418 -1.42590163980319E-13 -0.940829281464301
vn 0.338880898162418 -1.42590163980319E-13 -0.940829281464301
vn 0.338880898162418 -1.42590163980319E-13 -0.940829281464301
vn 0.338880898162418 -1.42590163980319E-13 -0.940829281464301
vn 0.338880898162418 -1.42590163980319E-13 -0.940829281464301
vn 0.338880898162418 -1.42590163980319E-13 -0.940829281464301
vn -0.338880898162418 1.42590163980319E-13 0.940829281464301
vn -0.338880898162418 1.42590163980319E-13 0.940829281464301
vn -0.338880898162418 1.42590163980319E-13 0.940829281464301
vn -0.338880898162418 1.42590163980319E-13 0.940829281464301
vn -0.338880898162418 1.42590163980319E-13 0.940829281464301
vn -0.338880898162418 1.42590163980319E-13 0.940829281464301
vn -0.338880898162418 1.42590163980319E-13 0.940829281464301
vn -0.338880898162418 1.42590163980319E-13 0.940829281464301
vn -0.338880898162418 1.42590163980319E-13 0.940829281464301
vn -0.338880898162418 1.42590163980319E-13 0.940829281464301
vn -0.338880898162418 1.42590163980319E-13 0.940829281464301
vn -0.338880898162418 1.42590163980319E-13 0.940829281464301
vn -0.338880898162418 1.42590163980319E-13 0.940829281464301
vn -0.338880898162418 1.42590163980319E-13 0.940829281464301
vn -0.338880898162418 1.42590163980319E-13 0.940829281464301
vn -0.338880898162418 1.42590163980319E-13 0.940829281464301
vn -0.338880898162418 1.42590163980319E-13 0.940829281464301
vn -0.338880898162418 1.42590163980319E-13 0.940829281464301
vn -0.338880898162418 1.42590163980319E-13 0.940829281464301
vn -0.338880898162418 1.42590163980319E-13 0.940829281464301
vt 0.0199999995529652 -3.47765159101341E-17
vt 0.0199999995529652 0.129999995231628
vt 3.08614839675549E-16 0.129999995231628
vt 0 0
vt 0.300617665052414 -0.0199999995529652
vt 0.22546324133873 -0.0199999995529652
vt 0.150308832526207 -0.0199999995529652
vt 0.0751544162631035 -0.0199999995529652
vt -2.58780873833704E-16 -0.0199999995529652
vt -0.0751544162631035 -0.0199999995529652
vt -0.150308832526207 -0.0199999995529652
vt -0.22546324133873 -0.0199999995529652
vt -0.300617665052414 -0.0199999995529652
vt -0.300617665052414 2.22044604925031E-16
vt -0.22546324133873 5.55111512312578E-17
vt -0.150308832526207 0
vt -0.0751544162631035 5.55111512312578E-17
vt -2.38046221968968E-16 5.55111512312578E-17
vt 0.0751544162631035 5.55111512312578E-17
vt 0.150308832526207 0
vt 0.22546324133873 0
vt 0.300617665052414 -3.60822483003176E-16
vt 0.300617665052414 -0.0199999995529652
vt 0.22546324133873 -0.0199999995529652
vt 0.150308832526207 -0.0199999995529652
vt 0.0751544162631035 -0.0199999995529652
vt -3.14292025064961E-16 -0.0199999995529652
vt -0.0751544162631035 -0.0199999995529652
vt -0.150308832526207 -0.0199999995529652
vt -0.22546324133873 -0.0199999995529652
vt -0.300617665052414 -0.0199999995529652
vt -0.300617665052414 1.66533453693773E-16
vt -0.22546324133873 -5.55111512312578E-17
vt -0.150308832526207 -5.55111512312578E-17
vt -0.0751544162631035 5.55111512312578E-17
vt -2.38046221968968E-16 -5.55111512312578E-17
vt 0.0751544162631035 0
vt 0.150308832526207 -5.55111512312578E-17
vt 0.22546324133873 -5.55111512312578E-17
vt 0.300617665052414 -4.44089209850063E-16
vt 0.121162258088589 -0.00959687121212482
vt 0.0048384377732873 0.0194059144705534
vt 0 0
vt 0.116323821246624 -0.0290027856826782
vt -0.0199999995529652 1.30999994277954
vt -0.0199999995529652 -3.47765159101341E-17
vt 0 0
vt 4.46660219542775E-16 1.30999994277954
vt -0.0048384377732873 0.0194059144705534
vt -0.121162258088589 -0.00959687121212482
vt -0.116323821246624 -0.0290027856826782
vt 0 0
vt 0.845250010490417 -0.294999986886978
vt 0.867008984088898 -0.223087444901466
vt 0.882661521434784 -0.149603649973869
vt 0.892097294330597 -0.0750661715865135
vt 0.895250022411346 2.38046221968968E-16
vt 0.892097294330597 0.0750661715865135
vt 0.882661521434784 0.149603649973869
vt 0.867008984088898 0.223087444901466
vt 0.845250010490417 0.294999986886978
vt 0.845250010490417 0.425000011920929
vt 0.867008984088898 0.496912568807602
vt 0.882661521434784 0.570396363735199
vt 0.892097294330597 0.644933819770813
vt 0.895250022411346 0.720000028610229
vt 0.892097294330597 0.795066177845001
vt 0.882661521434784 0.869603633880615
vt 0.867008984088898 0.943087458610535
vt 0.845250010490417 1.01499998569489
vt 0.965134918689728 1.01499998569489
vt 0.965134918689728 -0.294999986886978
vt 0.845250010490417 0.294999986886978
vt 0.867008984088898 0.223087444901466
vt 0.882661521434784 0.149603649973869
vt 0.892097294330597 0.0750661715865135
vt 0.895250022411346 2.38046221968968E-16
vt 0.892097294330597 -0.0750661715865135
vt 0.882661521434784 -0.149603649973869
vt 0.867008984088898 -0.223087444901466
vt 0.845250010490417 -0.294999986886978
vt 0.965134918689728 -0.294999986886978
vt 0.965134918689728 1.01499998569489
vt 0.845250010490417 1.01499998569489
vt 0.867008984088898 0.943087458610535
vt 0.882661521434784 0.869603633880615
vt 0.892097294330597 0.795066177845001
vt 0.895250022411346 0.720000028610229
vt 0.892097294330597 0.644933819770813
vt 0.882661521434784 0.570396363735199
vt 0.867008984088898 0.496912568807602
vt 0.845250010490417 0.425000011920929

o 365bucket\Bucket_mesh (2)
g 365bucket\Bucket_mesh (2)
s off

usemtl c_0

# face 0
f 2784/2784/2784 2785/2785/2785 2783/2783/2783
f 2783/2783/2783 2785/2785/2785 2786/2786/2786

# face 1
f 2787/2787/2787 2788/2788/2788 2804/2804/2804
f 2804/2804/2804 2788/2788/2788 2803/2803/2803
f 2788/2788/2788 2789/2789/2789 2803/2803/2803
f 2803/2803/2803 2789/2789/2789 2802/2802/2802
f 2789/2789/2789 2790/2790/2790 2802/2802/2802
f 2802/2802/2802 2790/2790/2790 2801/2801/2801
f 2790/2790/2790 2791/2791/2791 2801/2801/2801
f 2801/2801/2801 2791/2791/2791 2800/2800/2800
f 2791/2791/2791 2792/2792/2792 2800/2800/2800
f 2800/2800/2800 2792/2792/2792 2799/2799/2799
f 2792/2792/2792 2793/2793/2793 2799/2799/2799
f 2799/2799/2799 2793/2793/2793 2798/2798/2798
f 2793/2793/2793 2794/2794/2794 2798/2798/2798
f 2798/2798/2798 2794/2794/2794 2797/2797/2797
f 2794/2794/2794 2795/2795/2795 2797/2797/2797
f 2797/2797/2797 2795/2795/2795 2796/2796/2796

# face 2
f 2805/2805/2805 2806/2806/2806 2822/2822/2822
f 2822/2822/2822 2806/2806/2806 2821/2821/2821
f 2806/2806/2806 2807/2807/2807 2821/2821/2821
f 2821/2821/2821 2807/2807/2807 2820/2820/2820
f 2807/2807/2807 2808/2808/2808 2820/2820/2820
f 2820/2820/2820 2808/2808/2808 2819/2819/2819
f 2808/2808/2808 2809/2809/2809 2819/2819/2819
f 2819/2819/2819 2809/2809/2809 2818/2818/2818
f 2809/2809/2809 2810/2810/2810 2818/2818/2818
f 2818/2818/2818 2810/2810/2810 2817/2817/2817
f 2810/2810/2810 2811/2811/2811 2817/2817/2817
f 2817/2817/2817 2811/2811/2811 2816/2816/2816
f 2811/2811/2811 2812/2812/2812 2816/2816/2816
f 2816/2816/2816 2812/2812/2812 2815/2815/2815
f 2812/2812/2812 2813/2813/2813 2815/2815/2815
f 2815/2815/2815 2813/2813/2813 2814/2814/2814

# face 3
f 2824/2824/2824 2825/2825/2825 2823/2823/2823
f 2823/2823/2823 2825/2825/2825 2826/2826/2826

# face 4
f 2828/2828/2828 2829/2829/2829 2827/2827/2827
f 2827/2827/2827 2829/2829/2829 2830/2830/2830

# face 5
f 2831/2831/2831 2832/2832/2832 2834/2834/2834
f 2834/2834/2834 2832/2832/2832 2833/2833/2833

# face 6
f 2835/2835/2835 2836/2836/2836 2854/2854/2854
f 2854/2854/2854 2836/2836/2836 2837/2837/2837
f 2854/2854/2854 2837/2837/2837 2838/2838/2838
f 2838/2838/2838 2839/2839/2839 2854/2854/2854
f 2854/2854/2854 2839/2839/2839 2840/2840/2840
f 2854/2854/2854 2840/2840/2840 2847/2847/2847
f 2847/2847/2847 2840/2840/2840 2841/2841/2841
f 2847/2847/2847 2841/2841/2841 2846/2846/2846
f 2846/2846/2846 2841/2841/2841 2845/2845/2845
f 2841/2841/2841 2842/2842/2842 2845/2845/2845
f 2845/2845/2845 2842/2842/2842 2844/2844/2844
f 2842/2842/2842 2843/2843/2843 2844/2844/2844
f 2854/2854/2854 2847/2847/2847 2853/2853/2853
f 2853/2853/2853 2847/2847/2847 2848/2848/2848
f 2853/2853/2853 2848/2848/2848 2849/2849/2849
f 2849/2849/2849 2850/2850/2850 2853/2853/2853
f 2853/2853/2853 2850/2850/2850 2851/2851/2851
f 2853/2853/2853 2851/2851/2851 2852/2852/2852

# face 7
f 2855/2855/2855 2856/2856/2856 2874/2874/2874
f 2874/2874/2874 2856/2856/2856 2873/2873/2873
f 2856/2856/2856 2857/2857/2857 2873/2873/2873
f 2873/2873/2873 2857/2857/2857 2872/2872/2872
f 2872/2872/2872 2857/2857/2857 2871/2871/2871
f 2871/2871/2871 2857/2857/2857 2858/2858/2858
f 2871/2871/2871 2858/2858/2858 2864/2864/2864
f 2864/2864/2864 2858/2858/2858 2859/2859/2859
f 2864/2864/2864 2859/2859/2859 2860/2860/2860
f 2860/2860/2860 2861/2861/2861 2864/2864/2864
f 2864/2864/2864 2861/2861/2861 2862/2862/2862
f 2864/2864/2864 2862/2862/2862 2863/2863/2863
f 2864/2864/2864 2865/2865/2865 2871/2871/2871
f 2871/2871/2871 2865/2865/2865 2870/2870/2870
f 2866/2866/2866 2867/2867/2867 2865/2865/2865
f 2865/2865/2865 2867/2867/2867 2868/2868/2868
f 2865/2865/2865 2868/2868/2868 2869/2869/2869
f 2869/2869/2869 2870/2870/2870 2865/2865/2865
